StCoFIPS,hw1_min_frequency,hw1_min_duration,hw1_min_intensity,hw1_mean_frequency,hw1_mean_duration,hw1_mean_intensity,hw1_max_frequency,hw1_max_duration,hw1_max_intensity,hw3_min_frequency,hw3_min_duration,hw3_min_intensity,hw3_mean_frequency,hw3_mean_duration,hw3_mean_intensity,hw3_max_frequency,hw3_max_duration,hw3_max_intensity,hw5_min_frequency,hw5_min_duration,hw5_min_intensity,hw5_mean_frequency,hw5_mean_duration,hw5_mean_intensity,hw5_max_frequency,hw5_max_duration,hw5_max_intensity
01001,80,2.05,24.114704265873016,71,2.267605633802817,28.02144640062598,109,1.4770642201834863,34.3217874617737,16,5.375,24.34508382936508,20,4.95,28.206884722222224,15,3.533333333333333,34.70565555555556,7,8.142857142857142,24.45531065759637,11,6.181818181818182,28.308805555555555,2,5,34.697
01003,68,2.3676470588235294,25.624121417797888,68,2.3823529411764706,28.401869047619048,107,1.514018691588785,33.676928348909655,15,5.733333333333333,25.790017094017095,20,4.75,28.538354761904763,12,4,33.96886111111111,7,8.142857142857142,25.868608058608057,7,6.857142857142857,28.775180272108845,5,5.2,34.08226666666667
01005,69,2.347826086956522,24.039058776167472,64,2.546875,27.942808035714286,97,1.6597938144329898,34.285193667157586,15,6.2,24.289003703703703,20,5.15,28.141235714285713,17,3.8823529411764706,34.61169327731093,7,9.571428571428571,24.469531746031745,11,6.454545454545454,28.22792857142857,4,6,34.80407142857143
01007,75,2.16,23.87203142857143,67,2.4029850746268657,28.109596304193317,102,1.5784313725490196,34.412037581699344,15,5.6,24.13582380952381,21,4.9523809523809526,28.30966439909297,15,3.7333333333333334,34.622188888888886,7,7.571428571428571,24.234503401360545,11,6.363636363636363,28.466632034632035,3,5,34.89066666666667
01009,77,2.103896103896104,23.27018476977568,71,2.3098591549295775,27.49015174379611,101,1.5940594059405941,33.77906435643564,17,5.117647058823529,23.554660427807487,21,4.761904761904762,27.702893990929706,14,3.5,34.06825,8,7.25,23.616361742424242,9,6.777777777777778,27.883974867724866,2,5,34.444
01011,77,2.103896103896104,23.72823335394764,72,2.236111111111111,27.704079475308642,111,1.4684684684684686,34.184354354354355,15,5.733333333333333,24.015597883597884,19,4.684210526315789,27.938090643274855,15,3.3333333333333335,34.56788888888889,6,9.666666666666666,24.194550264550266,7,6.714285714285714,28.147555555555556,0,NA,NA
01013,68,2.3970588235294117,24.037976715686273,65,2.476923076923077,28.02574871794872,101,1.5940594059405941,34.48406600660066,17,5.882352941176471,24.21631862745098,25,4.24,28.132346666666667,15,3.7333333333333334,34.86271111111111,10,7.5,24.320741666666667,8,6.625,28.328166666666668,2,5,34.847
01015,58,2.2413793103448274,23.1976381922675,57,2.3157894736842106,27.295991019214703,89,1.449438202247191,33.67608426966292,13,5.6923076923076925,23.43792424242424,17,4.529411764705882,27.540969887955182,10,3.4,33.84615,7,7.857142857142857,23.530549783549784,6,6.833333333333333,27.575803571428573,1,5,33.784
01017,74,2.189189189189189,23.4420688984439,69,2.347826086956522,27.527413388543824,107,1.5046728971962617,33.79733644859813,15,5.933333333333334,23.785206565656566,21,4.857142857142857,27.692691609977324,11,3.4545454545454546,34.13090909090909,8,8.375,23.81642897727273,12,5.833333333333333,27.853460317460318,0,NA,NA
01019,60,2.1666666666666665,23.508791125541126,59,2.23728813559322,27.600035647027173,90,1.4444444444444444,33.94059074074074,15,5,23.739164502164503,20,4.2,27.82935515873016,9,3.5555555555555554,34.143685185185184,7,7.142857142857143,23.778209647495363,7,6,27.950657596371883,1,5,34.454
01021,73,2.232876712328767,23.63641041036589,66,2.4545454545454546,27.798736291486293,109,1.4862385321100917,34.14237920489297,15,5.866666666666666,23.83719733044733,22,4.636363636363637,27.95666341991342,15,3.6666666666666665,34.39962222222222,7,8.857142857142858,23.99387523191095,10,6.3,28.13057619047619,2,5,34.678
01023,68,2.3823529411764706,24.36141176470588,70,2.357142857142857,28.35325306122449,105,1.542857142857143,34.82243174603175,21,4.809523809523809,24.516000000000002,24,4.416666666666667,28.535529761904762,12,4.166666666666667,35.08336111111111,11,6.181818181818182,24.610242424242426,7,6.571428571428571,28.632054421768707,3,6,35.26566666666667
01025,64,2.53125,24.487920014880952,69,2.347826086956522,28.312965148378193,99,1.6262626262626263,34.737449494949495,23,4.6521739130434785,24.61529917184265,22,4.409090909090909,28.486345238095236,13,3.923076923076923,35.074807692307694,9,6.555555555555555,24.70789417989418,6,6.666666666666667,28.63368253968254,2,7,34.823750000000004
01027,59,2.1864406779661016,23.02929441744696,62,2.0806451612903225,27.163642857142857,90,1.4333333333333333,33.51367777777778,14,5.285714285714286,23.350955044955047,15,4.733333333333333,27.434390476190476,9,3.4444444444444446,33.85066666666667,7,7.428571428571429,23.35310056610057,7,6.142857142857143,27.5021462585034,2,5,33.688
01029,59,2.1864406779661016,22.920358500256807,55,2.3454545454545452,27.028813636363637,92,1.4130434782608696,33.5102518115942,13,5.153846153846154,23.21893473193473,16,5,27.287484375,11,3.3636363636363638,33.733015151515154,6,7.666666666666667,23.275469696969697,8,6.625,27.355072916666664,1,5,33.724
01031,80,2.05,24.063196875,72,2.2916666666666665,27.788387896825398,103,1.5631067961165048,34.27142394822006,17,5.0588235294117645,24.271808823529412,20,4.85,27.98344642857143,13,4.153846153846154,34.6224358974359,7,7.857142857142857,24.492488095238095,8,7.375,28.17247023809524,4,5.5,34.68666666666667
01033,79,2.088607594936709,23.701653241273494,64,2.5625,27.818511098710317,101,1.603960396039604,34.04908250825083,17,5.176470588235294,23.917682709447416,18,5.5,28.093317239858905,16,3.6875,34.38014583333333,8,7.25,24.06038825757576,11,6.818181818181818,28.236185786435787,3,6,34.652166666666666
01035,71,2.267605633802817,24.280517773306507,72,2.263888888888889,28.11278587962963,102,1.588235294117647,34.59870926704015,17,5.588235294117647,24.535397759103642,21,4.380952380952381,28.27050396825397,14,4.142857142857143,34.87738180272109,8,8.125,24.643553571428573,6,7.333333333333333,28.584541666666667,3,6.666666666666667,35.05139285714286
01037,76,2.1315789473684212,23.5350514354067,74,2.2162162162162162,27.55986739011739,105,1.542857142857143,33.82026825396825,17,5.0588235294117645,23.80170053475936,21,4.666666666666667,27.781199374699376,16,3.375,33.96613541666667,7,7.428571428571429,23.99555844155844,7,7.285714285714286,27.9372886002886,2,5,34.322
01039,78,2.076923076923077,24.242485625485624,72,2.2777777777777777,27.97708831369248,107,1.514018691588785,34.494166666666665,15,5.533333333333333,24.482925252525252,17,5.0588235294117645,28.15472697563874,12,3.75,34.871319444444445,6,9,24.6752297979798,7,7.714285714285714,28.331003607503607,2,5,35.165
01041,71,2.267605633802817,23.97425821596244,72,2.236111111111111,27.890740630511463,104,1.5576923076923077,34.34300801282051,16,5.6875,24.193270833333333,21,4.428571428571429,28.039444066515497,14,4.071428571428571,34.68020238095238,8,7.75,24.312791666666666,7,6.714285714285714,28.335832199546484,4,5.75,34.6755
01043,80,2.0125,23.228922456709956,65,2.4923076923076923,27.432538881706527,98,1.6428571428571428,33.65889455782313,18,5,23.447433140933143,21,5.0476190476190474,27.612858443377352,17,3.4705882352941178,33.958333333333336,8,7.25,23.520474567099566,9,7.555555555555555,27.70963266417678,2,5,34.19
01045,78,2.1025641025641026,24.12803418803419,70,2.3142857142857145,27.82299319727891,111,1.4504504504504505,34.25371621621622,17,5.176470588235294,24.35333333333333,22,4.7727272727272725,27.98702380952381,11,4.090909090909091,34.758863636363635,6,8.833333333333334,24.58361111111111,8,7.625,28.20285714285714,3,5.333333333333333,34.75888888888889
01047,66,2.4393939393939394,24.30554335016835,70,2.3,28.3617193877551,105,1.542857142857143,34.73446825396825,19,5.421052631578948,24.518466374269007,24,4.375,28.540848214285713,13,3.6923076923076925,35.009935897435895,10,7.4,24.544752777777777,11,5.818181818181818,28.704805194805196,2,5,35.41
01049,74,2.22972972972973,22.621302767052768,70,2.3142857142857145,26.7513052154195,109,1.4954128440366972,32.95089449541285,19,5.105263157894737,22.914547619047617,22,4.636363636363637,26.96665295815296,12,3.9166666666666665,33.28854166666667,9,7.333333333333333,22.954507936507937,9,6.444444444444445,27.152929453262786,3,5,33.473333333333336
01051,77,2.116883116883117,24.102830241187384,79,2.050632911392405,28.018549125979504,107,1.5046728971962617,34.24220872274143,15,5.733333333333333,24.36052857142857,19,4.631578947368421,28.262388471177946,15,3.533333333333333,34.52075555555555,6,9,24.532710317460317,11,5.454545454545454,28.364428571428572,2,5,34.579
01053,58,2.2586206896551726,24.61304690424518,57,2.280701754385965,28.22708918128655,89,1.449438202247191,34.79963483146067,16,4.9375,24.822295027888778,15,4.666666666666667,28.426938888888888,10,3.3,35.03125,4,9,24.92522177822178,6,7,28.683875,1,5,34.7
01055,75,2.1733333333333333,23.37978835016835,69,2.36231884057971,27.59442345295606,104,1.5480769230769231,33.98260416666667,16,5.6875,23.74650789141414,20,4.95,27.820260912698412,13,3.8461538461538463,34.15352564102564,8,8.125,23.737911616161615,10,6.6,27.936105158730157,3,5.333333333333333,34.17166666666667
01057,71,2.295774647887324,23.703692849404117,63,2.5555555555555554,28.067543113541713,98,1.6428571428571428,34.3003537414966,19,5.105263157894737,23.772220647773278,22,4.818181818181818,28.262282552414906,12,4,34.68247222222222,7,8.571428571428571,23.93019413919414,8,7.5,28.41471451914099,3,5.666666666666667,35.086
01059,82,1.9634146341463414,23.3455780311064,62,2.629032258064516,27.523821873231466,96,1.6875,33.75252281746032,14,5.428571428571429,23.51981418219462,16,6.3125,27.74387225877193,15,3.933333333333333,34.1288126984127,5,9,23.774313043478262,11,7.636363636363637,27.790859649122808,4,5.75,34.54429761904762
01061,76,2.1578947368421053,24.348237207602338,67,2.4477611940298507,27.935218076285242,103,1.5728155339805825,34.380307443365695,17,5.352941176470588,24.5153545751634,20,5.05,28.072980555555556,14,3.7857142857142856,34.584404761904764,6,8.833333333333334,24.753921296296298,8,7.875,28.245993055555555,3,5.333333333333333,34.9
01063,64,2.53125,24.41982929830586,71,2.295774647887324,28.502300134138164,100,1.63,34.83533047619048,20,5.3,24.524703754578756,25,4.4,28.71793238095238,17,3.8823529411764706,35.14753221288515,8,8.125,24.645613553113552,10,5.8,28.88324761904762,5,5.4,35.28794285714286
01065,70,2.3142857142857145,24.39470667189953,68,2.3676470588235294,28.458542717086836,102,1.5980392156862746,34.699684640522875,22,4.818181818181818,24.568157592407594,27,4.037037037037037,28.645033509700177,15,4.066666666666666,35.05985555555556,10,6.4,24.611696703296705,8,5.625,28.906363095238095,4,5.5,35.228
01067,73,2.232876712328767,24.16398097412481,62,2.629032258064516,27.811170506912443,104,1.5480769230769231,34.185661858974356,16,5.875,24.383788194444445,21,5.238095238095238,27.97417006802721,16,3.625,34.536177083333335,9,7.888888888888889,24.54006790123457,10,7.4,28.117757142857144,2,6.5,34.593999999999994
01069,73,2.232876712328767,24.2773396637609,70,2.357142857142857,27.826601473922903,109,1.4770642201834863,34.295603975535165,16,5.625,24.51911221590909,21,4.9523809523809526,28.02200491307634,13,3.5384615384615383,34.59583333333333,9,7.222222222222222,24.630829124579126,9,7.444444444444445,28.162641093474427,2,5.5,34.740833333333335
01071,71,2.267605633802817,23.0730511859033,77,2.142857142857143,27.138615491651205,105,1.5333333333333334,33.21570952380952,21,4.809523809523809,23.354839723768297,22,4.545454545454546,27.420381493506493,14,3.5714285714285716,33.459607142857145,10,6.7,23.319246753246752,8,6.625,27.680215773809525,2,5,33.936
01073,74,2.175675675675676,23.40453548028548,71,2.267605633802817,27.646268276324616,101,1.5940594059405941,34.06004785478548,17,5.176470588235294,23.635625031830912,16,5.5625,27.924690476190477,12,3.75,34.39456944444444,7,8.142857142857142,23.764256029684603,8,7.75,28.032922619047618,3,5,34.598
01075,78,2.0641025641025643,23.86824929557622,63,2.5555555555555554,28.16037043335853,98,1.653061224489796,34.4175119047619,15,5.533333333333333,23.982896336996337,18,5.777777777777778,28.397963183421517,17,3.764705882352941,34.77212745098039,5,10,24.190522344322343,10,7.8,28.470417063492064,4,5,35.215500000000006
01077,76,2.1315789473684212,23.59212659489633,65,2.4923076923076923,27.72267509157509,99,1.6464646464646464,33.87448484848485,20,4.65,23.77208106060606,21,4.809523809523809,27.97804195011338,18,3.5555555555555554,34.263555555555556,6,7.333333333333333,24.04513131313131,10,6.4,28.201304761904762,3,5.333333333333333,34.55522222222222
01079,76,2.1315789473684212,23.649456714982644,60,2.7,27.679601785714286,92,1.75,33.84107608695652,20,4.85,23.786185516934047,21,5.095238095238095,27.87529081632653,19,3.6315789473684212,34.04836842105263,6,8.5,24.081312834224597,10,7,28.06052738095238,3,6,34.57633333333333
01081,65,2.476923076923077,23.485494570386876,72,2.2916666666666665,27.56057732583774,103,1.5631067961165048,33.9327572815534,18,5.444444444444445,23.731785948619283,19,5,27.725345655806183,12,3.5833333333333335,34.288666666666664,10,7.3,23.863048040848042,10,6.4,27.876740079365078,2,5,34.122
01083,73,2.232876712328767,23.582485678704856,65,2.5076923076923077,27.523367155067156,98,1.6428571428571428,33.52670918367347,21,4.428571428571429,23.71125974025974,24,4.666666666666667,27.66724437830688,15,3.6666666666666665,33.7055,7,6.714285714285714,23.987588744588745,11,6.454545454545454,27.8651240981241,2,6.5,34.483333333333334
01085,74,2.22972972972973,24.114250066242715,67,2.4328358208955225,28.07724129353234,101,1.603960396039604,34.51444719471947,16,5.75,24.34371905637255,20,5.15,28.285758333333334,17,3.6470588235294117,34.862303921568625,9,7.555555555555555,24.43587091503268,11,6.545454545454546,28.392060606060607,3,5,34.9
01087,73,2.219178082191781,23.86788252614965,71,2.267605633802817,27.85200463894478,108,1.4907407407407407,34.15229320987655,17,5.588235294117647,24.117083788760258,19,4.894736842105263,28.023017335004177,12,3.6666666666666665,34.62272222222222,8,8.25,24.345157217782216,8,6.5,28.255187003968253,3,5,34.482
01089,75,2.1466666666666665,23.342384040404042,64,2.53125,27.472123139880953,104,1.5961538461538463,33.6492796474359,18,5,23.49132239057239,21,5.142857142857143,27.681232426303854,17,3.6470588235294117,33.78676960784314,10,6.3,23.576130303030304,11,7,27.78280735930736,3,6,34.21641666666667
01091,64,2.5625,24.409994047619048,69,2.36231884057971,28.403580400276052,98,1.663265306122449,34.74002696793003,18,5.833333333333333,24.643589947089946,24,4.208333333333333,28.592793650793652,17,4,35.06221428571428,10,7.7,24.683961904761905,8,5.75,28.801505952380953,4,5.5,35.19128571428571
01093,78,2.08974358974359,23.4236047008547,66,2.4696969696969697,27.741563612313612,93,1.7311827956989247,33.9457980030722,15,5.533333333333333,23.590744444444443,19,5.368421052631579,27.98043149540518,16,4,34.300888392857146,6,9,23.740333333333332,9,7.444444444444445,28.076929453262785,5,6,34.47334285714286
01095,76,2.1315789473684212,23.180865810359233,66,2.4393939393939394,27.29730339105339,104,1.5480769230769231,33.462655448717946,18,5.166666666666667,23.441155643738977,20,4.95,27.47535119047619,15,3.6666666666666665,33.73841111111111,8,7.75,23.456246031746034,8,7.375,27.667440476190478,3,5,33.88066666666667
01097,78,2.076923076923077,25.379108459916154,65,2.4923076923076923,28.504671794871793,99,1.6565656565656566,34.36247643097643,13,5.769230769230769,25.547727682573836,21,4.809523809523809,28.633031746031747,14,3.7857142857142856,34.67322619047619,6,8.666666666666666,25.6981322011322,8,6.625,28.837333333333333,3,5.666666666666667,34.80088888888889
01099,71,2.323943661971831,24.31103367641748,68,2.3676470588235294,28.11514705882353,111,1.4594594594594594,34.53171771771772,15,6.2,24.550226068376066,23,4.304347826086956,28.26782608695652,13,3.5384615384615383,34.855051282051285,9,8.11111111111111,24.609173076923078,5,7.6,28.585,2,5.5,34.88366666666667
01101,73,2.219178082191781,24.127764079147642,69,2.3333333333333335,28.07196008741661,109,1.4954128440366972,34.37326452599388,16,5.875,24.34292361111111,20,5,28.2670123015873,16,3.3125,34.70723958333333,7,9,24.520015873015872,12,6.083333333333333,28.352103835978838,1,5,34.88
01103,78,2.0641025641025643,23.623807234432235,63,2.5714285714285716,27.689838624338623,91,1.7692307692307692,33.87160897435898,20,4.8,23.763598214285715,21,5.0476190476190474,27.897849206349207,19,3.6842105263157894,33.99296929824561,9,6.777777777777778,23.838088624338624,11,6.7272727272727275,28.027409090909092,4,5.75,34.3261875
01105,66,2.4545454545454546,24.273508935508936,70,2.357142857142857,28.30187619047619,94,1.7127659574468086,34.63143705673759,20,5.15,24.483329487179486,25,4.36,28.477053333333334,14,4.285714285714286,34.79643452380952,10,6.9,24.563658974358972,11,5.636363636363637,28.637696969696968,6,5.666666666666667,34.840291666666666
01107,71,2.3098591549295775,24.13253890006707,64,2.515625,28.39579123263889,93,1.7419354838709677,34.729643369175626,17,5.470588235294118,24.3611918767507,22,4.818181818181818,28.605256313131314,15,4.466666666666667,35.003455555555554,8,7.875,24.426386904761905,8,7.5,28.774975694444443,6,6,35.15072222222222
01109,74,2.189189189189189,23.80177027027027,70,2.342857142857143,27.757087414965987,101,1.5940594059405941,34.30315346534653,15,5.866666666666666,24.012066666666666,24,4.25,27.875671626984126,16,3.6875,34.55490625,7,8.571428571428571,24.128357142857144,7,6.714285714285714,28.216707482993197,3,6,34.745333333333335
01111,61,2.1475409836065573,23.141709388971684,59,2.2033898305084745,27.214135794995965,92,1.4130434782608696,33.62335869565217,13,5.3076923076923075,23.499944055944056,17,4.647058823529412,27.435824229691878,10,3.3,33.972899999999996,6,7.5,23.58932323232323,7,6.571428571428571,27.556406462585034,1,5,33.544
01113,65,2.476923076923077,23.663492860648123,68,2.411764705882353,27.77913892664909,101,1.5940594059405941,34.250691419141916,15,6.533333333333333,23.951469062808535,16,5.9375,27.984777938258638,15,3.6666666666666665,34.56498888888889,9,8.666666666666666,24.104022512088303,9,7.888888888888889,28.0421978161635,2,5,34.742
01115,73,2.2054794520547945,23.468414176006643,68,2.411764705882353,27.58927030812325,98,1.653061224489796,33.90490646258503,15,5.533333333333333,23.771615656565658,20,4.95,27.834769047619048,14,3.857142857142857,34.102916666666665,9,7.111111111111111,23.84584090909091,11,6.181818181818182,27.94003463203463,4,5.25,33.962916666666665
01117,76,2.1447368421052633,23.50530322966507,66,2.4393939393939394,27.702659812409813,107,1.5233644859813085,34.102842679127725,19,5,23.700423444976078,18,5.333333333333333,27.915585978835978,14,3.7142857142857144,34.327797619047615,7,8.285714285714286,23.967935064935066,10,7,28.026638095238095,3,5,34.696666666666665
01119,70,2.3,24.289197174254316,70,2.3285714285714287,28.357993537414966,94,1.7127659574468086,34.749296985815604,19,5.157894736842105,24.42441064198959,22,4.590909090909091,28.59270670995671,16,4.25,35.078994791666666,8,7.75,24.54870444139194,9,6.111111111111111,28.725042328042328,6,5.5,35.194541666666666
01121,59,2.23728813559322,23.600824878511318,58,2.2413793103448274,27.67440435139573,85,1.5176470588235293,34.007298039215684,14,5.428571428571429,23.822404845154846,16,4.375,27.953465773809523,9,3.7777777777777777,34.126703703703704,7,7.428571428571429,23.92635730935731,7,5.857142857142857,28.045421768707484,3,5,34.080666666666666
01123,79,2.050632911392405,23.682485156194016,73,2.219178082191781,27.729228636660142,103,1.5631067961165048,33.88406634304207,14,5.5,24.02973766709481,22,4.409090909090909,27.925622294372296,14,3.5,34.19563095238095,8,7.25,24.123915917415918,7,6.428571428571429,28.141003401360546,3,5,34.352666666666664
01125,68,2.3970588235294117,24.129938698556344,63,2.6031746031746033,28.42399357520786,99,1.6262626262626263,34.69350913900914,16,5.875,24.383489468864468,25,4.56,28.61966380952381,14,4.142857142857143,34.98660034013606,9,7.555555555555555,24.40324053724054,9,6.777777777777778,28.795455026455027,4,5.75,35.104976190476194
01127,73,2.2054794520547945,23.66092514677104,65,2.5076923076923077,27.95541450118509,93,1.7311827956989247,34.178176651305684,19,4.7894736842105265,23.877765037593985,22,4.818181818181818,28.174861026228673,11,4.2727272727272725,34.43958441558441,7,7,24.04881462585034,9,7,28.299938064114535,5,5.6,34.56708571428572
01129,59,2.1864406779661016,24.757593220338983,60,2.2,28.510967195767197,81,1.617283950617284,35.03743621399177,16,4.8125,24.839875,18,4.277777777777778,28.72100176366843,14,3.2142857142857144,35.33088095238095,6,6.833333333333333,24.997305555555556,5,6.6,28.858273015873014,1,5,35.524
01131,70,2.342857142857143,24.490269841269843,65,2.5076923076923077,28.416237362637364,112,1.4553571428571428,34.74812074829932,17,5.647058823529412,24.705228758169934,21,4.714285714285714,28.57978231292517,11,3.727272727272727,35.23177489177489,9,7.444444444444445,24.745802469135803,9,6.222222222222222,28.69004761904762,1,7,34.932857142857145
01133,76,2.1184210526315788,23.300455465587046,62,2.596774193548387,27.582155341706574,87,1.8505747126436782,33.80374302134647,18,4.944444444444445,23.403311965811966,20,5.2,27.803431559290384,15,4.133333333333334,34.05037619047619,4,11,23.70782051282051,9,7.444444444444445,27.880959020645296,4,6.5,34.29411904761905
04001,70,1.8428571428571427,15.159554761904761,48,2.7291666666666665,19.728665223665224,82,1.5853658536585367,26.405006097560975,14,4.071428571428571,15.308845238095238,18,5.055555555555555,19.817829485329487,13,3.6923076923076925,26.431192307692307,4,6,15.182416666666667,7,7.571428571428571,19.904418676561534,2,5.5,26.453166666666668
04003,79,1.6329113924050633,18.971772151898733,69,1.9275362318840579,22.999452898550725,95,1.3578947368421053,29.920438596491227,11,4.2727272727272725,19.094545454545454,16,4.25,23.131703125,7,3.2857142857142856,30.056666666666665,3,7,19.201944444444443,4,6.75,23.1980625,1,5,30.45
04005,72,1.8055555555555556,15.191560846560847,52,2.5,20.064663156288155,85,1.576470588235294,27.262485294117646,10,4.9,15.360238095238095,15,5.333333333333333,20.19249894179894,11,3.6363636363636362,27.37965909090909,3,8.666666666666666,15.483571428571429,6,8.166666666666666,20.255830687830688,1,8,27.39375
04007,81,1.6049382716049383,18.949218106995886,52,2.519230769230769,23.412531357531357,94,1.3829787234042554,29.604361702127658,12,4.083333333333333,19.232222222222223,19,4.526315789473684,23.521138452191085,6,3.1666666666666665,29.578333333333333,4,5.75,19.392083333333332,6,7,23.709160654160655,0,NA,NA
04009,78,1.6538461538461537,21.272088013838015,70,1.8571428571428572,25.24485782312925,98,1.316326530612245,32.081972789115646,11,4.2727272727272725,21.38253318903319,19,3.789473684210526,25.423160401002505,8,3,32.377916666666664,3,7,21.47178835978836,4,5.5,25.52042857142857,0,NA,NA
04011,79,1.6455696202531647,19.67981364275668,61,2.1475409836065573,23.573605646630238,95,1.3578947368421053,29.65090350877193,10,4.7,19.893527777777777,16,4.9375,23.75312152777778,8,3.5,29.793854166666666,3,8.333333333333334,20.020092592592594,6,7.666666666666667,23.74165740740741,1,6,29.711666666666666
04012,68,1.8970588235294117,24.78116736694678,72,1.875,28.17396412037037,90,1.4333333333333333,33.51311111111111,17,3.823529411764706,24.96643417366947,14,3.857142857142857,28.247886904761906,7,3.5714285714285716,33.604285714285716,5,5.6,24.943209523809525,4,5.75,28.3515625,2,5,33.61
04013,79,1.6329113924050633,24.49768565400844,66,2,28.14937037037037,95,1.3578947368421053,34.1477298245614,13,3.6153846153846154,24.614397435897434,14,4.357142857142857,28.235960317460318,6,3.5,34.35155555555556,1,5,24.407999999999998,5,6,28.207355555555555,1,5,34.366
04015,63,2.0634920634920637,22.72262893675989,61,2.1147540983606556,26.30228233151184,77,1.6753246753246753,31.463571428571427,10,5.7,22.8650623015873,14,4.714285714285714,26.38780158730159,10,3.7,31.729499999999998,6,7.333333333333333,22.84579828042328,6,6.666666666666667,26.504731481481482,1,6,31.336666666666666
04017,64,2.015625,15.745131324404761,52,2.5,20.3978576007326,83,1.5542168674698795,27.237761044176708,16,3.9375,15.811775297619047,15,5.4,20.513573015873014,10,3.8,27.271416666666667,4,5.5,15.945642857142857,8,7.375,20.57742857142857,2,6,27.624166666666667
04019,82,1.5731707317073171,22.543506097560975,74,1.7702702702702702,26.229216216216216,98,1.316326530612245,32.431045918367346,9,3.4444444444444446,22.71638888888889,18,3.2222222222222223,26.355666666666668,5,3.6,32.6525,0,NA,NA,1,5,26.492,1,5,32.69
04021,84,1.5833333333333333,23.68022930839002,71,1.8169014084507042,27.448762910798123,93,1.3870967741935485,33.58643369175627,10,3.9,23.88642619047619,14,3.9285714285714284,27.54336904761905,8,3.5,33.81041666666667,2,6,23.82671428571429,2,8,27.559,0,NA,NA
04023,86,1.5,19.807031007751938,63,2.0476190476190474,23.886697278911566,104,1.25,30.760128205128204,10,3.4,19.989966666666668,18,4,23.99205158730159,3,3,30.794444444444444,1,5,20.408,4,6,24.092357142857143,0,NA,NA
04025,70,1.8571428571428572,17.971580952380954,53,2.4716981132075473,22.375431180454765,92,1.4021739130434783,29.363980072463768,14,3.642857142857143,18.151119047619048,14,5.5,22.53984661172161,8,3.875,29.617020833333335,2,5.5,18.287,6,8.333333333333334,22.607280982905984,2,5,29.651
04027,79,1.6329113924050633,26.09115611814346,66,2,29.326262626262626,97,1.3298969072164948,34.90266323024055,14,3.357142857142857,26.161166666666666,23,3.5652173913043477,29.400797101449275,5,3.4,34.96666666666667,1,5,26.308,3,5.666666666666667,29.537222222222223,0,NA,NA
05001,59,2.2033898305084745,25.025902138821632,52,2.519230769230769,28.82547413003663,90,1.4444444444444444,34.84258888888889,12,6,25.271102182539682,17,4.882352941176471,29.004097338935573,9,3.888888888888889,35.126444444444445,8,7.5,25.381236607142856,8,6.375,29.215894345238095,2,5.5,35.769
05003,74,2.175675675675676,24.732457294957296,65,2.5076923076923077,28.64159699915469,95,1.694736842105263,35.00144071075124,21,4.666666666666667,24.921992372706658,24,4.5,28.81140853937729,14,4.785714285714286,35.22441910866911,9,6.555555555555555,25.06075998075998,7,7.571428571428571,29.057567373103087,5,7.4,35.557206837606834
05005,65,2.046153846153846,24.09447435897436,59,2.2033898305084745,28.178512510088783,76,1.7105263157894737,34.43569298245614,15,4.733333333333333,24.27938888888889,16,4.8125,28.36513988095238,14,3.9285714285714284,34.70697619047619,6,6.833333333333333,24.442777777777778,8,6.375,28.528925595238096,4,5.5,34.57025
05007,72,2.236111111111111,22.941983916546416,75,2.16,27.16704873015873,106,1.528301886792453,33.32576257861635,19,4.684210526315789,23.129360104807475,18,4.777777777777778,27.357147486772487,14,3.5714285714285716,33.59005952380952,7,6.857142857142857,23.198382189239332,8,6.625,27.404519345238096,2,6,33.8025
05009,59,2.1864406779661016,22.958396507447354,53,2.4716981132075473,27.327865004492363,84,1.5357142857142858,33.75855753968254,17,4.411764705882353,23.166199643493762,17,4.647058823529412,27.54746148459384,9,4.333333333333333,34.119314814814814,6,7,23.176454545454547,8,6.5,27.735022321428573,4,5.25,34.15866666666667
05011,80,2.0375,24.54954044011544,67,2.417910447761194,28.56948880597015,95,1.7052631578947368,35.06036374269006,18,4.888888888888889,24.696846400513067,25,4.24,28.718230000000002,13,4.923076923076923,35.23150427350427,9,6.777777777777778,24.854433541766873,8,6.5,28.988427083333335,4,8.5,35.58072222222222
05013,75,2.1466666666666665,24.49537567099567,70,2.3,28.560635714285713,100,1.64,35.10143333333333,18,4.888888888888889,24.708787518037518,22,4.363636363636363,28.79065909090909,12,4.75,35.314861111111114,8,6.875,24.85925108225108,7,7,28.99361904761905,3,8.666666666666666,35.81777777777778
05015,68,1.911764705882353,22.92149688057041,55,2.3454545454545452,27.202016017316016,89,1.4719101123595506,33.52357490636704,13,4.461538461538462,23.14859906759907,16,4.6875,27.37099255952381,11,3.3636363636363638,33.70074242424242,5,6.8,23.18369090909091,8,6.125,27.470214285714285,1,5,34.204
05017,63,2.5555555555555554,25.21402872260015,67,2.462686567164179,28.790671108742004,98,1.653061224489796,34.74034635007849,20,5.55,25.371190476190478,21,4.904761904761905,28.982141156462585,13,4.769230769230769,35.07261094674556,10,7.7,25.47154761904762,7,8.142857142857142,29.192494897959183,4,8.25,35.20577724358974
05019,60,2.15,24.61791507936508,59,2.2203389830508473,28.709564971751412,84,1.5357142857142858,35.2736130952381,12,5.5,24.826242063492064,19,4.105263157894737,28.88259649122807,9,3.6666666666666665,35.40983333333333,8,6.625,24.84207142857143,6,6.166666666666667,29.08822222222222,2,5.5,35.317166666666665
05021,86,1.872093023255814,24.10851965669989,69,2.3333333333333335,27.98270830457787,106,1.528301886792453,33.84587421383648,16,4.8125,24.501418154761904,22,4.681818181818182,28.2412215007215,14,3.642857142857143,34.04483333333333,5,7,24.445038095238093,9,6.666666666666667,28.336874779541446,3,5,34.205333333333336
05023,56,2.3035714285714284,24.226162840136055,51,2.549019607843137,28.253240896358545,79,1.6329113924050633,34.39901160337553,14,5.428571428571429,24.39215136054422,18,4.888888888888889,28.410015873015873,11,4.454545454545454,34.66426515151515,4,10.5,24.521904761904764,9,6.444444444444445,28.553550264550264,4,6.25,34.8100625
05025,66,1.9545454545454546,24.642818783068783,57,2.2982456140350878,28.696822890559734,84,1.5357142857142858,35.186411706349205,12,5.5,24.909669973544975,17,4.588235294117647,28.87817086834734,10,4.2,35.61235833333333,8,6.625,24.927109126984128,7,6.428571428571429,29.135795918367347,3,6.333333333333333,36.059805555555556
05027,80,2.0125,24.489160615079363,68,2.411764705882353,28.548176470588235,100,1.62,35.092618015873015,19,4.2631578947368425,24.616728905597327,21,4.857142857142857,28.73052380952381,12,4.75,35.318483465608466,6,6.5,24.90616931216931,10,6.6,28.83335,5,6.4,35.43152698412698
05029,52,2.5384615384615383,24.38247159090909,56,2.3035714285714284,28.65827338435374,85,1.5176470588235293,35.01023725490196,19,4.631578947368421,24.535185406698563,16,4.4375,28.869269345238095,10,3.8,35.223016666666666,6,7.5,24.685448232323232,6,6.333333333333333,29.064718253968252,3,5,34.872
05031,87,1.8620689655172413,24.259548576902027,67,2.4328358208955225,28.201550580431178,92,1.75,34.12499094202899,16,4.4375,24.600670386904763,21,4.761904761904762,28.463280423280423,16,3.875,34.371510416666666,5,6,24.89797857142857,10,6.3,28.475555555555555,3,5.666666666666667,34.56388888888889
05033,77,2.116883116883117,24.04003107606679,73,2.2465753424657535,28.27451598173516,97,1.6701030927835052,34.39741016200295,17,4.9411764705882355,24.229846638655463,21,4.666666666666667,28.500698412698412,16,3.75,34.528361607142855,9,6.333333333333333,24.326376984126984,10,6.1,28.649716666666666,3,5.666666666666667,34.648761904761905
05035,85,1.9294117647058824,24.590323669467786,69,2.3333333333333335,28.38911312399356,107,1.5046728971962617,34.261556074766354,20,4.25,24.838625595238096,21,4.619047619047619,28.705895502645504,10,4.2,34.89865,7,5.857142857142857,25.022382653061225,10,6.2,28.867297222222223,3,6,34.853833333333334
05037,80,2.025,24.53986666666667,67,2.4328358208955225,28.32528447050462,102,1.588235294117647,34.315294117647056,15,5.066666666666666,24.74528888888889,19,5.157894736842105,28.5725820802005,13,4.3076923076923075,34.68923076923077,9,6.333333333333333,24.831685185185187,9,7,28.7236917989418,3,7.333333333333333,34.49194444444444
05039,65,1.9846153846153847,24.517634188034187,56,2.3035714285714284,28.639410714285713,88,1.4659090909090908,35.22453463203463,11,5.363636363636363,24.816929292929295,18,4.333333333333333,28.84872222222222,6,4.833333333333333,35.630674603174604,6,6.666666666666667,24.952148148148147,7,6.428571428571429,29.017666666666667,4,5.75,35.84517857142857
05041,72,2.25,24.959967509920634,59,2.7288135593220337,28.698406608457457,98,1.6428571428571428,34.83981179138322,17,5.705882352941177,25.149568277310923,22,5.2727272727272725,28.88163590449954,14,4.142857142857143,35.1508253968254,7,9.285714285714286,25.310380102040817,10,7.6,29.015432323232325,4,6,35.60455555555556
05043,72,2.236111111111111,24.595331850248517,65,2.5384615384615383,28.511078693528695,99,1.6262626262626263,34.958636363636366,18,5.222222222222222,24.767716289882955,21,4.904761904761905,28.73714833711262,14,4.285714285714286,35.29392857142857,10,6.9,24.900555988455988,10,6.8,28.86784484126984,4,6.25,35.5775
05045,49,2.63265306122449,24.485854308390024,56,2.3035714285714284,28.695551658163264,87,1.5057471264367817,35.07379173508484,19,4.684210526315789,24.62378216374269,16,4.4375,28.89255580357143,10,3.7,35.4099880952381,8,6.75,24.701378472222224,7,6,29.077270408163265,1,7,34.84571428571429
05047,63,2.0793650793650795,24.103666288737717,60,2.15,28.41718134920635,86,1.5232558139534884,34.62143217054263,17,4.294117647058823,24.289175070028012,13,5.153846153846154,28.703144688644688,11,3.727272727272727,34.79983333333333,6,6,24.561968253968253,8,6.5,28.71886011904762,2,5.5,35.0095
05049,81,2,23.531701940035273,70,2.3142857142857145,27.76588486394558,97,1.6701030927835052,34.065453608247424,20,4.6,23.703142857142858,21,4.9523809523809526,27.90652097505669,12,4.583333333333333,34.45616666666667,6,7.666666666666667,23.930198412698413,12,6.25,28.050439484126983,6,5.666666666666667,34.5315
05051,63,2.0634920634920637,24.25064663643235,62,2.0806451612903225,28.37926766513057,90,1.4333333333333333,34.780685185185185,16,4.5625,24.490983630952382,16,4.1875,28.59184970238095,6,3.6666666666666665,35.18694444444445,6,6.833333333333333,24.595261904761905,5,6.4,28.818585714285714,1,6,35.34
05053,68,1.8970588235294117,24.51731512605042,60,2.2,28.64541408730159,87,1.4827586206896552,35.175666666666665,13,5.076923076923077,24.789032967032966,15,4.866666666666666,28.861323015873015,8,4.25,35.487875,8,6.125,24.879574404761904,8,6.125,28.950501488095238,4,5.5,35.60158333333334
05055,92,1.75,24.173752587991718,69,2.3333333333333335,28.060254658385094,103,1.5825242718446602,33.899009708737864,18,4.166666666666667,24.533902116402114,21,4.619047619047619,28.3396462585034,14,3.7857142857142856,34.257357142857146,6,5.5,24.69753968253968,9,6.444444444444445,28.34232275132275,3,5.666666666666667,34.17766666666667
05057,80,2.05,24.423215972222224,63,2.5555555555555554,28.560645382395382,98,1.663265306122449,34.90369533527697,15,4.933333333333334,24.683151851851854,23,4.565217391304348,28.718072134387352,14,3.7857142857142856,35.027295918367344,8,6.375,24.770180555555555,9,6.444444444444445,28.767665824915824,3,6.333333333333333,35.35460317460318
05059,66,1.9545454545454546,24.342853535353534,57,2.263157894736842,28.540142648287386,84,1.5714285714285714,35.061070578231295,15,4.466666666666667,24.64388888888889,18,4.222222222222222,28.689896164021164,8,4.75,35.01311607142857,7,5.857142857142857,24.68095238095238,6,6.333333333333333,28.88107738095238,4,6,35.278107142857145
05061,80,2.025,24.30356765873016,66,2.484848484848485,28.355826905417814,100,1.62,34.569633333333336,15,5.066666666666666,24.559360846560846,21,4.714285714285714,28.491646464646465,15,3.7333333333333334,34.641888888888886,8,6.5,24.710051587301585,7,7.428571428571429,28.566367965367967,3,6.666666666666667,34.95055555555555
05063,60,2.15,24.305447222222224,54,2.388888888888889,28.418431216931218,81,1.5925925925925926,34.64751263962375,13,5.153846153846154,24.535910256410258,17,5,28.580899159663865,11,4.363636363636363,34.882138528138526,4,8.75,24.64025,9,6.555555555555555,28.70271693121693,4,6.25,34.83233928571428
05065,64,2.015625,23.80333705357143,60,2.1666666666666665,28.025824603174602,80,1.625,34.52073333333333,17,4.294117647058823,23.97844537815126,15,5.066666666666666,28.20696507936508,12,4.083333333333333,34.68613888888889,5,7,24.231380952380952,10,6,28.310614285714284,3,5.666666666666667,34.644555555555556
05067,62,2.0806451612903225,24.559441569183505,55,2.3454545454545452,28.462759595959596,81,1.5925925925925926,34.47504115226337,14,4.928571428571429,24.771098377812663,15,4.933333333333334,28.706785185185186,11,4,34.73848484848485,5,7.6,24.953908791208793,7,6.714285714285714,28.83465873015873,3,5,34.766666666666666
05069,70,2.3142857142857145,24.616632936507937,69,2.3768115942028984,28.556800839659534,102,1.5784313725490196,34.90597303921569,15,6.333333333333333,24.853953703703702,20,5,28.810962896825398,12,4.416666666666667,35.2036875,10,8,24.89726388888889,11,6.2727272727272725,28.93144769119769,5,5.8,35.472683333333336
05071,77,2.090909090909091,24.125897186147185,70,2.3,28.467229081632652,104,1.5576923076923077,34.54272596153846,17,4.764705882352941,24.393769607843137,21,4.761904761904762,28.676954081632655,12,3.9166666666666665,34.83779166666667,8,6.25,24.62384375,9,6.777777777777778,28.88909656084656,2,5.5,35.04216666666667
05073,69,2.391304347826087,24.62105505364201,61,2.7049180327868854,28.624278564331842,105,1.5333333333333334,35.03380997732426,18,5.388888888888889,24.788211038961038,25,4.64,28.765039696969698,10,4.3,35.33850476190476,10,6.9,24.84852987012987,9,6.666666666666667,28.8447398989899,4,5.75,35.32792857142857
05075,78,2.0641025641025643,24.13052543752544,68,2.3676470588235294,28.210092261904762,102,1.5784313725490196,34.154573062558356,16,5.5625,24.45131150793651,20,4.8,28.42056369047619,15,3.8,34.50843015873016,9,6.888888888888889,24.531313051146384,10,6.2,28.485544047619047,3,5.666666666666667,34.554095238095236
05077,67,1.9253731343283582,24.94375799573561,56,2.3392857142857144,28.716561011904762,82,1.5731707317073171,34.746596544715445,14,4.857142857142857,25.222270408163265,17,4.764705882352941,28.947789215686274,12,3.8333333333333335,35.02632638888889,7,6.714285714285714,25.367397959183673,9,6.222222222222222,29.155361111111112,2,6.5,35.415875
05079,70,2.342857142857143,24.708922647392292,65,2.4923076923076923,28.579654273504275,96,1.6770833333333333,34.8501880787037,17,5.823529411764706,24.889387371615314,23,4.608695652173913,28.812718599033815,15,4.2,35.09387037037037,7,9.571428571428571,25.073988378684806,10,6.4,29.03258611111111,5,6,35.595777777777776
05081,77,2.116883116883117,24.563885720340267,65,2.5076923076923077,28.613140326340325,109,1.4954128440366972,34.825893403232854,16,4.875,24.74557502913753,21,4.619047619047619,28.78710101010101,7,4.142857142857143,35.09176870748299,6,7.333333333333333,24.85681118881119,5,8.2,28.78749090909091,2,6.5,35.31035714285714
05083,75,2.16,24.06188074074074,71,2.3098591549295775,28.452684607645875,100,1.61,34.73764666666666,20,4.65,24.29405277777778,21,4.904761904761905,28.644314625850342,17,3.6470588235294117,34.90321568627451,9,6.222222222222222,24.46845061728395,11,6.454545454545454,28.755055194805195,4,5.25,35.03908333333334
05085,51,2.549019607843137,24.889044662309367,54,2.388888888888889,28.74186507936508,86,1.5,34.80927713178295,14,5.714285714285714,25.103305555555554,16,4.5625,28.922232142857144,7,4.142857142857143,35.17469047619048,8,7.5,25.206305555555556,7,6.142857142857143,29.13831632653061,3,5.333333333333333,35.30511111111111
05087,68,1.9411764705882353,22.586353943850266,54,2.388888888888889,26.926064153439153,82,1.5731707317073171,33.17618292682927,14,4.642857142857143,22.823719155844156,17,4.647058823529412,27.10338025210084,10,3.7,33.4792,6,6.666666666666667,22.88867803030303,7,6.428571428571429,27.191185374149658,2,5.5,33.742666666666665
05089,65,2,23.728411355311355,53,2.4716981132075473,27.91991823899371,82,1.5731707317073171,34.17875609756098,16,4.375,23.880108630952382,17,4.9411764705882355,28.05298039215686,12,4,34.42775,5,7,24.13584761904762,9,6.444444444444445,28.238222222222223,4,5,34.7095
05091,71,2.2816901408450705,24.735456892872385,61,2.6557377049180326,28.689670765027323,102,1.588235294117647,34.96313842203548,20,4.75,24.90637196969697,23,4.565217391304348,28.821083333333334,13,3.923076923076923,35.12693223443223,8,6.625,24.99790909090909,6,7.666666666666667,28.87540277777778,3,6.666666666666667,35.42920634920635
05093,86,1.8953488372093024,24.423638981173866,70,2.3285714285714287,28.155695578231292,108,1.5,33.930067901234565,20,4.25,24.68664761904762,20,4.8,28.464934523809525,12,4,34.147277777777774,7,5.714285714285714,24.830659863945577,11,6.090909090909091,28.614805194805196,3,5.333333333333333,34.388
05095,63,2.0476190476190474,24.94969252044252,52,2.5,28.772287393162394,87,1.4827586206896552,34.86794157088123,12,5.583333333333333,25.265052398989898,19,4.368421052631579,28.937049707602338,11,4,35.113719696969696,8,6.75,25.29539109848485,7,6.285714285714286,29.22520634920635,2,6.5,35.388374999999996
05097,65,1.9846153846153847,23.80078131868132,63,2.0476190476190474,27.975952380952382,87,1.4827586206896552,34.451082375478926,12,4.916666666666667,24.050898809523808,15,4.266666666666667,28.191,9,3.7777777777777777,34.627685185185186,6,6.5,24.142353174603173,4,7,28.521458333333335,2,6,34.68833333333333
05099,69,1.9420289855072463,24.524745571658617,55,2.3454545454545452,28.696829292929294,84,1.5476190476190477,35.225406746031744,13,5.076923076923077,24.683264957264957,18,4.388888888888889,28.85808950617284,9,3.7777777777777777,35.43101851851852,6,6.666666666666667,24.855407407407405,7,6.142857142857143,28.945444444444444,2,6,35.42333333333333
05101,64,2.0625,22.68906640625,56,2.3035714285714284,27.126834608843538,86,1.5116279069767442,33.511792635658914,17,4.294117647058823,22.910014705882354,17,4.588235294117647,27.337219887955182,11,3.727272727272727,33.78901515151515,6,6.666666666666667,22.996708333333334,8,6.375,27.573675595238093,2,5.5,34.00583333333333
05103,74,2.175675675675676,24.581250136500138,70,2.357142857142857,28.62787925170068,101,1.613861386138614,35.24867086708671,19,4.7368421052631575,24.719605794790006,19,4.947368421052632,28.831134085213034,14,4.285714285714286,35.441482683982684,8,6.625,24.890834595959596,9,6.888888888888889,28.97156084656085,4,6.75,35.68018939393939
05105,48,2.6875,24.49373611111111,60,2.183333333333333,28.648099801587303,88,1.4659090909090908,35.06277462121212,19,4.526315789473684,24.642333333333333,17,4.176470588235294,28.85476400560224,11,3.3636363636363638,35.30401515151515,6,7,24.803083333333333,4,6.75,29.250455357142858,0,NA,NA
05107,67,1.9253731343283582,25.08629051172708,56,2.3035714285714284,28.807269628684807,82,1.5731707317073171,34.682727642276426,15,4.4,25.365764285714285,16,4.8125,29.062631200396826,11,3.8181818181818183,35.0239696969697,6,6.166666666666667,25.588160714285713,8,6.375,29.318491567460317,3,6,35.48233333333334
05109,67,1.9402985074626866,24.192240582800284,61,2.1147540983606556,28.31248360655738,88,1.4659090909090908,34.63653409090909,11,5.2727272727272725,24.459556277056276,16,4.1875,28.54259375,8,3.625,34.780625,7,6.142857142857143,24.5334693877551,5,6.2,28.765800000000002,1,6,35.26166666666667
05111,85,1.9058823529411764,24.367851400560223,65,2.476923076923077,28.20596923076923,104,1.5576923076923077,34.06301282051282,15,4.6,24.608157936507936,19,5.105263157894737,28.48357894736842,13,4.153846153846154,34.419871794871796,5,6.6,24.87397380952381,11,6.363636363636363,28.524818181818183,5,5.6,34.436
05113,64,2.015625,23.297551215277778,62,2.129032258064516,27.54088440860215,84,1.5476190476190477,33.95737613378685,16,4.3125,23.50082986111111,15,4.466666666666667,27.701655555555554,9,4.111111111111111,34.146621693121695,5,6.4,23.667155555555556,4,6.75,27.939541666666667,3,5.666666666666667,34.17514285714286
05115,67,1.9253731343283582,24.430567164179106,59,2.1864406779661016,28.653134382566584,88,1.4659090909090908,34.87082575757576,14,4.428571428571429,24.687,16,4.5,28.849683035714285,8,3.625,35.14095833333333,5,6,25.008266666666668,6,6.333333333333333,29.11304365079365,2,5.5,35.06216666666667
05117,59,2.2203389830508473,24.933424670433144,56,2.3035714285714284,28.75576892006803,86,1.5,34.8270746124031,11,6.363636363636363,25.227914141414143,15,4.866666666666666,29.007870634920636,10,4.2,34.964841666666665,6,8.833333333333334,25.303814814814814,7,6.428571428571429,29.183413265306122,3,6.333333333333333,35.16030555555556
05119,58,2.2241379310344827,24.583480158730158,54,2.388888888888889,28.730131834215168,85,1.5176470588235293,35.099198039215686,15,4.866666666666666,24.809456613756613,17,4.529411764705882,28.846595238095237,11,3.727272727272727,35.353803030303034,8,6.375,24.950960317460318,6,6.333333333333333,29.12604761904762,3,5.333333333333333,35.19088888888889
05121,81,1.9876543209876543,23.986616451107192,67,2.4029850746268657,28.13121037668799,107,1.514018691588785,34.13380462839341,17,5.235294117647059,24.33593720821662,21,4.714285714285714,28.372433106575965,12,4,34.370174603174604,8,7,24.44292906746032,9,6.555555555555555,28.400121693121694,3,5.666666666666667,34.36180952380953
05123,84,1.9404761904761905,24.683534644918574,69,2.3768115942028984,28.488127329192547,101,1.5940594059405941,34.48151567656765,15,5.133333333333334,24.936794011544013,21,4.904761904761905,28.741227891156463,12,4.166666666666667,34.91150694444445,7,7.428571428571429,25.142891929499072,10,6.6,28.894161904761905,4,5.75,34.9918125
05125,66,1.9696969696969697,24.326198232323232,59,2.1864406779661016,28.52330831315577,88,1.4659090909090908,35.04115151515151,14,4.642857142857143,24.647434523809522,17,4.411764705882353,28.699128851540618,7,4.428571428571429,35.52304761904762,6,6.333333333333333,24.739569444444445,5,6.8,28.98670476190476,4,5.5,35.482
05127,80,2.025,23.611093700396825,75,2.16,27.97740031746032,105,1.5333333333333334,34.395092063492065,19,4.526315789473684,23.763026106934003,17,5.0588235294117645,28.236766106442577,13,3.8461538461538463,34.58228205128205,7,6.857142857142857,23.87392800453515,7,6.857142857142857,28.334051020408165,3,5.666666666666667,34.71655555555556
05129,64,2.03125,23.211110677083333,53,2.452830188679245,27.552788634321654,82,1.5853658536585367,33.92348548199768,18,4.055555555555555,23.360337962962962,18,4.611111111111111,27.748766534391535,9,5,34.20286772486772,4,7,23.5300625,8,6.25,27.916912202380953,6,5.666666666666667,34.1054126984127
05131,68,1.911764705882353,24.286254435107377,60,2.1666666666666665,28.601014285714285,87,1.5057471264367817,34.900333333333336,11,5.2727272727272725,24.489118326118327,16,4.75,28.786303571428572,10,3.3,35.172399999999996,7,6.571428571428571,24.50242403628118,6,6.666666666666667,28.893059523809523,1,5,35.714
05133,82,1.9878048780487805,24.22027982789568,64,2.546875,28.367342566287878,106,1.5188679245283019,34.656042452830185,16,4.875,24.462996617965366,23,4.434782608695652,28.518474967061923,11,3.909090909090909,34.96186363636364,7,7,24.61839703153989,9,6.222222222222222,28.56341750841751,3,6,35.083777777777776
05135,78,2.0641025641025643,23.7283458994709,71,2.2816901408450705,27.994186452045607,95,1.694736842105263,34.25745739348371,19,4.7368421052631575,23.953209482038428,18,5.277777777777778,28.21123544973545,17,3.823529411764706,34.46402661064426,7,7.142857142857143,24.11942573696145,11,6.454545454545454,28.291945887445888,4,6,34.72357142857143
05137,61,2.1147540983606556,23.725234582357533,59,2.2033898305084745,27.8753196125908,81,1.5925925925925926,34.21429129923575,17,4.470588235294118,23.88201820728291,16,4.8125,28.101178571428573,11,4.181818181818182,34.51614502164502,5,7.2,24.000195238095237,8,6.375,28.28100297619048,4,5.75,34.435857142857145
05139,74,2.175675675675676,24.526179361179363,64,2.515625,28.577300595238096,98,1.663265306122449,35.033873575404186,18,4.833333333333333,24.72040404040404,23,4.608695652173913,28.73748861283644,13,4.6923076923076925,35.401123876123876,9,6.555555555555555,24.845622895622895,8,6.875,28.95850892857143,4,7.75,35.508027597402595
05141,55,2.381818181818182,23.888858199643494,58,2.293103448275862,27.985610632183906,80,1.6125,34.28848273809524,16,5.0625,23.98107506127451,18,4.611111111111111,28.213078703703705,11,4.454545454545454,34.43760173160173,6,8.166666666666666,24.01675571895425,8,6.25,28.37307291666667,4,6.25,34.50715476190476
05143,80,2.025,22.877883630952383,75,2.1466666666666665,27.117566402116402,106,1.5188679245283019,33.35720125786163,19,4.315789473684211,23.10187844611529,17,4.9411764705882355,27.37544000933707,13,3.6923076923076925,33.710641025641024,7,6,23.14867006802721,8,6.5,27.408851686507937,3,5.666666666666667,33.79666666666667
05145,61,2.1147540983606556,24.607852088712743,54,2.4444444444444446,28.606470017636685,86,1.5116279069767442,34.68401937984496,14,5,24.785284100819815,16,4.875,28.76339880952381,8,4.5,35.10883333333334,4,9.25,24.950786019536018,9,6,28.909560846560847,3,6.333333333333333,35.30272222222222
05147,58,2.2241379310344827,24.794235826635553,56,2.3214285714285716,28.61096201814059,88,1.4659090909090908,34.660014204545455,12,6,24.92005649540518,17,4.529411764705882,28.81522782446312,10,3.9,34.986125,6,8.833333333333334,25.059557435254803,6,6.5,29.05467328042328,1,8,35.07625
05149,61,2.1147540983606556,24.630463114754097,61,2.1311475409836067,28.804523224043717,91,1.4395604395604396,34.955501831501834,13,4.923076923076923,24.909865384615383,20,3.95,28.960045833333332,9,3.6666666666666665,35.1672962962963,6,6.666666666666667,25.048875,4,6.75,29.3954375,2,5.5,34.9645
06001,70,1.8428571428571427,16.101074149659865,69,1.8695652173913044,21.45837922705314,83,1.5662650602409638,29.084524096385543,16,3.9375,16.468761904761905,14,4.142857142857143,22.07879761904762,8,3.75,30.1394375,4,6.25,17.237964285714284,4,6.25,22.495375,2,5,30.609
06003,53,2.452830188679245,11.62375,39,3.3076923076923075,17.653773504273506,76,1.7105263157894737,25.89093170426065,19,4.526315789473684,11.812565789473684,21,4.857142857142857,17.83486507936508,13,3.8461538461538463,26.342369963369965,7,6.428571428571429,11.970297619047619,9,6.555555555555555,17.901537037037038,3,5.666666666666667,26.213047619047618
06005,47,2.74468085106383,16.48157708544411,50,2.58,22.48480880952381,61,2.1311475409836067,28.684037470725997,21,4.619047619047619,16.754005857898715,15,5.333333333333333,22.88669603174603,16,4.5625,29.172892857142855,8,6.75,17.26447371031746,8,7.125,23.202450892857144,7,6.428571428571429,29.56351700680272
06007,52,2.480769230769231,18.621228021978023,47,2.74468085106383,24.419169452887537,56,2.375,30.82645386904762,19,4.473684210526316,18.98572932330827,18,5.111111111111111,24.83505357142857,16,5.125,31.229151041666668,8,5.875,19.017982142857143,9,7,25.106866402116403,8,6.875,31.377989583333335
06009,47,2.74468085106383,16.476301418439718,48,2.6875,22.419799603174603,57,2.280701754385965,28.60767961570593,23,4.304347826086956,16.74418115942029,17,5.117647058823529,22.730610644257702,15,4.8,29.000849206349205,7,6.571428571428571,17.29147619047619,9,6.888888888888889,22.98217195767196,7,6.714285714285714,29.360986394557823
06011,61,2.1147540983606556,19.084309523809523,55,2.3454545454545452,25.10613095238095,75,1.7333333333333334,32.621384444444445,16,4.375,19.39518005952381,18,4.611111111111111,25.442344576719577,13,3.923076923076923,32.97952564102564,5,7,19.87457619047619,8,6.5,25.709754464285716,3,6,33.242666666666665
06013,68,1.911764705882353,15.66139423076923,67,1.9253731343283582,21.328377398720683,82,1.5731707317073171,29.731128048780487,15,4.266666666666667,16.037987179487178,14,4.142857142857143,22.05616326530612,10,3.6,30.43125,3,8.333333333333334,16.905213675213673,5,6,22.383257142857143,2,5,31.01
06015,55,1.7636363636363637,15.292969696969697,49,1.9795918367346939,19.430707482993196,62,1.564516129032258,24.85834946236559,10,3.9,15.632333333333333,12,3.8333333333333335,19.884555555555554,7,3.5714285714285716,25.554666666666666,2,6,16.42,3,5.333333333333333,20.577111111111112,1,5,25.116
06017,48,2.7083333333333335,15.737254381613756,49,2.63265306122449,21.528357709750566,56,2.3214285714285716,28.00770493197279,18,4.833333333333333,16.086845017636684,15,5.333333333333333,21.95696851851852,14,4.785714285714286,28.5086768707483,9,6.333333333333333,16.239986331569664,9,6.777777777777778,22.16976234567901,8,6,28.745392857142857
06019,52,2.480769230769231,20.140448336385838,48,2.6875,25.984340661075038,74,1.7567567567567568,32.88042454954955,19,4.526315789473684,20.61201649958229,18,4.888888888888889,26.230186207311206,12,4.166666666666667,33.454284722222226,8,6.375,20.83249751984127,9,6.444444444444445,26.360742784992784,3,7,33.71325
06021,62,2.0806451612903225,19.124345430107528,52,2.480769230769231,24.92784455128205,80,1.6125,32.35702916666666,17,4.117647058823529,19.633495098039216,16,5,25.357057291666667,13,3.6923076923076925,32.846333333333334,5,6,19.57838333333333,7,6.714285714285714,25.516607142857143,2,5.5,33.2445
06023,56,1.75,14.039010416666667,49,1.9795918367346939,18.946615646258504,57,1.719298245614035,25.050415204678362,10,4.1,14.546458333333334,11,4.090909090909091,19.589924242424242,10,3.9,25.558866666666667,3,6.333333333333333,14.804027777777778,3,6,20.02722222222222,3,5.666666666666667,25.808444444444444
06025,78,1.6538461538461537,25.70202258852259,79,1.6582278481012658,29.432945147679327,99,1.3131313131313131,35.92249158249158,12,4,25.763146825396827,15,3.7333333333333334,29.57617777777778,4,4,36.126666666666665,4,5.5,25.692357142857144,3,5.333333333333333,29.466444444444445,1,6,35.925
06027,63,2.5714285714285716,17.869102418745275,47,3.425531914893617,22.443926207362377,83,1.963855421686747,28.474566551921974,24,4.541666666666667,18.178477182539684,21,5.857142857142857,22.574263416477702,17,4.823529411764706,28.842589635854342,4,10,18.291071428571428,9,9,22.754299823633158,7,6.857142857142857,28.911527210884355
06029,53,2.4339622641509435,20.035282569631626,43,3,25.66469583130048,57,2.263157894736842,31.982842105263156,19,4.315789473684211,20.29815664160401,17,5.529411764705882,25.824524749760045,18,4.444444444444445,32.22511111111111,4,7.5,20.51457738095238,9,7.555555555555555,25.95456526806527,7,6.285714285714286,32.4385
06031,54,2.388888888888889,20.586202160493826,50,2.6,26.381076984126985,79,1.6582278481012658,33.94364451476793,16,4.625,20.968119791666666,18,4.5,26.67021384479718,9,4.222222222222222,34.55310185185185,7,6.285714285714286,21.127964285714285,6,6.833333333333333,27.02258597883598,2,8,35.346875
06033,58,2.2241379310344827,17.79982266009852,52,2.480769230769231,23.444003434065934,77,1.6753246753246753,30.783346320346322,15,4.466666666666667,18.164314285714287,16,4.9375,23.853011160714285,11,4.181818181818182,31.65660606060606,5,6.6,18.481942857142858,8,6.5,24.029043154761904,6,5.166666666666667,31.84711111111111
06035,53,2.452830188679245,14.887100628930817,50,2.58,20.046928333333334,80,1.625,27.65901875,20,4.15,15.189566666666666,20,4.4,20.343070833333332,13,3.6923076923076925,28.023576923076924,7,5.571428571428571,15.482809523809523,8,5.875,20.67590625,3,5,28.151333333333334
06037,54,2.425925925925926,19.243720164609055,43,3.046511627906977,23.907111295681062,60,2.1666666666666665,29.783141414141415,15,5.266666666666667,19.761725925925926,21,4.809523809523809,24.220037414965986,16,4.625,30.203655303030303,7,7.428571428571429,19.983103174603176,8,7.25,24.568639880952382,5,7.4,30.62169696969697
06039,48,2.7083333333333335,19.23623611111111,46,2.8260869565217392,25.02746066252588,75,1.7333333333333334,31.749677777777777,21,4.523809523809524,19.63115873015873,20,4.55,25.230909523809522,11,4.363636363636363,32.215530303030306,8,6.25,19.78002083333333,7,7,25.502360544217687,3,7.333333333333333,32.49611111111111
06041,85,1.8941176470588235,14.366297385620914,81,1.9876543209876543,19.053189888301,96,1.6770833333333333,26.577328125,20,4.1,14.642763888888888,20,3.85,19.40391904761905,14,3.4285714285714284,27.12632142857143,5,7.2,14.845555555555556,4,5.75,19.752095238095237,1,5,27.026
06043,57,2.263157894736842,16.248407128933444,35,3.6857142857142855,22.144914285714286,62,2.096774193548387,27.911627880184334,18,4.388888888888889,16.80662257495591,19,5.526315789473684,22.268789473684212,15,4.733333333333333,28.215395238095237,7,6.285714285714286,16.979886621315192,8,8.25,22.438791666666667,7,6.571428571428571,28.360608843537413
06045,61,2.1147540983606556,15.672325384997515,58,2.2241379310344827,21.591844827586208,70,1.8428571428571427,28.056559523809526,13,4.615384615384615,16.139757575757574,16,4.375,21.9291875,13,3.8461538461538463,28.584551282051283,6,6.166666666666667,16.381419191919193,5,6.2,22.1024,2,6,29.2925
06047,52,2.480769230769231,19.227827006327008,56,2.3392857142857144,25.08063794836116,75,1.7333333333333334,32.36073481481481,17,4.9411764705882355,19.701000254647315,17,4.705882352941177,25.485336771072063,12,4.333333333333333,32.80917592592593,8,6.375,19.887125541125542,7,6.857142857142857,25.81665120593692,5,6,33.071688888888886
06049,54,2.388888888888889,14.312374779541447,49,2.673469387755102,19.77372351797862,80,1.6125,27.30244375,17,4.647058823529412,14.73401400560224,20,4.6,20.09987261904762,11,3.727272727272727,27.72459090909091,9,5.777777777777778,15.02758201058201,10,6,20.32749523809524,2,5.5,27.390666666666668
06051,56,2.3214285714285716,10.084955073696145,40,3.225,16.041446411064427,78,1.6666666666666667,23.96815883190883,15,5,10.601832275132274,17,5.588235294117647,16.24634449662218,10,4.2,24.076638888888887,8,6.25,10.527914682539683,8,8.25,16.30806538865546,2,7,24.081111111111113
06053,65,1.9846153846153847,15.442010256410256,61,2.1311475409836067,20.57206245120999,72,1.7916666666666667,27.397708333333334,17,4.176470588235294,15.997686274509803,15,4.133333333333334,21.1093873015873,14,3.7142857142857144,28.1,5,6.6,16.5323,5,6.2,21.56332857142857,2,6,28.8825
06055,76,1.6973684210526316,15.834943584923849,69,1.8695652173913044,22.27840027605245,82,1.5731707317073171,30.50156068524971,10,5.2,16.680071245421246,14,4.071428571428571,23.0071156462585,10,3.9,31.52279761904762,5,7.2,16.955975824175823,4,6,23.80407142857143,3,5.666666666666667,31.63904761904762
06057,49,2.6530612244897958,15.667492954324587,44,2.9318181818181817,21.50725586219336,53,2.4339622641509435,27.869709568733153,20,4.55,16.031107738095237,18,5.055555555555555,21.874680996472662,15,5.066666666666666,28.109307142857144,9,5.888888888888889,16.26746164021164,8,7.125,22.187303075396827,9,6.222222222222222,28.334123015873015
06059,34,2.8529411764705883,20.327083333333334,38,2.6052631578947367,24.22539097744361,47,2.0851063829787235,29.85254407294833,14,5.071428571428571,20.631845238095238,11,5.181818181818182,24.754532467532467,11,4.363636363636363,30.063597402597402,7,6.714285714285714,20.80392857142857,6,6.333333333333333,24.91136507936508,4,6,30.428642857142858
06061,50,2.6,17.245948333333335,61,2.1147540983606556,23.411059133489463,60,2.15,30.19447599206349,19,4.7368421052631575,17.65565350877193,14,5,23.922829081632653,14,4.714285714285714,30.697039965986395,9,6.333333333333333,17.793046296296296,7,6.857142857142857,24.33756292517007,7,6.285714285714286,30.949794217687074
06063,60,2.1666666666666665,13.684986111111112,51,2.5294117647058822,19.67351633986928,76,1.7105263157894737,27.536197368421053,15,4.466666666666667,14.23461111111111,18,4.666666666666667,20.025518518518517,12,4.083333333333333,27.8055,8,5.5,14.378333333333334,9,5.777777777777778,20.136777777777777,4,5.25,27.6815
06065,54,2.388888888888889,20.75641737891738,47,2.74468085106383,25.34834954407295,60,2.1666666666666665,31.21870568783069,17,4.823529411764706,20.978914027149322,17,5.117647058823529,25.637789915966387,14,4.714285714285714,31.494452947845804,7,7.142857142857143,21.054029304029303,7,7.285714285714286,25.898680272108844,7,6.285714285714286,31.678786848072562
06067,65,2.0153846153846153,17.35738315018315,57,2.280701754385965,23.77633692185008,69,1.8695652173913044,31.181781400966184,16,4.6875,17.93561904761905,17,4.647058823529412,24.336247326203207,12,4.25,31.91440972222222,6,7,18.437623015873015,6,7.333333333333333,24.780478535353534,4,6.25,32.64572916666667
06069,69,1.8840579710144927,16.265486542443064,69,1.8695652173913044,22.194451863354036,76,1.6973684210526316,30.545405701754387,16,3.875,16.892098214285713,11,4.2727272727272725,23.012925324675326,14,3.5714285714285716,31.25970238095238,3,7,18.026746031746033,4,6.25,23.579919642857142,2,6,32.30583333333333
06071,58,2.2413793103448274,19.547398193760262,46,2.8043478260869565,24.421562403779795,58,2.2241379310344827,30.400289408866996,14,5.214285714285714,19.82600680272109,17,5.352941176470588,24.688639445521797,17,4.411764705882353,30.750399159663864,6,7.5,19.99318253968254,7,7.857142857142857,24.88002912960056,6,6.666666666666667,30.947242063492062
06073,33,2.9393939393939394,20.28344536271809,32,3.03125,23.913953125,50,1.94,28.79054380952381,13,5.461538461538462,20.584515151515152,15,5,24.150433333333332,11,4.545454545454546,29.010199134199134,9,6.444444444444445,20.63744781144781,8,6.375,24.334041666666668,5,5.8,29.41577142857143
06075,81,2.0123456790123457,14.747145615701172,78,2.0641025641025643,18.910403235653234,98,1.6428571428571428,25.824020408163264,20,4.3,14.889189743589743,20,3.95,19.26907261904762,15,3.3333333333333335,26.368266666666667,5,7.6,15.31492564102564,5,5.6,19.42112380952381,1,5,26.573999999999998
06077,56,2.3392857142857144,17.17136153628118,60,2.1666666666666665,23.274977777777778,78,1.6666666666666667,30.704090048840047,19,4.526315789473684,17.689276106934003,18,4.5,23.787425925925927,11,4.181818181818182,31.426729437229437,7,6.428571428571429,18.011963718820862,6,6.833333333333333,24.38088888888889,4,6,31.880380952380953
06079,55,2.3636363636363638,17.012874242424243,53,2.4339622641509435,21.930785714285715,65,1.9846153846153847,28.369052564102564,16,4.9375,17.446755208333332,18,4.444444444444445,22.328980158730158,16,4,28.766463541666667,6,7.5,17.871208333333335,6,6.666666666666667,22.76027380952381,3,6,30.020583333333335
06081,83,1.9397590361445782,15.207028575841829,82,1.9634146341463414,19.617768292682925,95,1.694736842105263,26.41255087719298,20,4.05,15.52766858974359,20,3.85,20.0216,15,3.466666666666667,26.954155555555555,4,7.25,15.89521794871795,3,6.666666666666667,20.4715,2,5,27.052
06083,50,2.6,16.844145,49,2.63265306122449,21.095294063079777,57,2.263157894736842,26.390593984962408,17,4.9411764705882355,17.333661764705884,20,4.5,21.488720454545454,18,4.166666666666667,26.85104761904762,7,7,17.570559523809525,5,7.4,22.043548484848486,4,7,27.156380952380953
06085,76,1.6973684210526316,17.189877192982458,74,1.7432432432432432,22.492462998713,77,1.7012987012987013,29.571060606060605,11,3.8181818181818183,17.74142424242424,11,3.8181818181818183,23.466569264069264,11,3.727272727272727,30.49833333333333,3,5.666666666666667,18.822444444444443,2,6.5,24.184047619047618,2,6,31.328333333333333
06087,77,2.103896103896104,14.77898334998335,71,2.267605633802817,18.779970824949697,83,1.9397590361445782,24.68456167527252,20,4.4,15.110835897435898,21,4.238095238095238,19.159663265306122,22,3.6363636363636362,25.133573593073592,6,6.5,15.434175213675214,5,6.8,19.62475238095238,4,5.5,25.49007142857143
06089,67,1.9402985074626866,18.871982587064675,55,2.3636363636363638,24.53258787878788,70,1.8428571428571427,32.07895952380952,18,3.8333333333333335,19.19571296296296,18,4.388888888888889,24.89874074074074,14,4.071428571428571,32.502654761904765,5,5.4,19.346733333333333,8,5.625,25.140291666666666,5,5.6,32.6066
06091,51,2.5294117647058822,12.964699813258637,43,3.0232558139534884,18.81004595791805,79,1.6455696202531647,26.719696202531644,19,4.526315789473684,13.198931077694235,17,5.411764705882353,19.103351540616245,12,3.5833333333333335,27.0855,9,5.777777777777778,13.489687830687831,11,6.363636363636363,19.13154329004329,2,5.5,27.368
06093,54,2.4074074074074074,14.304608245149911,47,2.74468085106383,20.89738475177305,69,1.8840579710144927,28.81250724637681,17,4.529411764705882,14.711990896358543,19,4.526315789473684,21.215372807017545,14,3.7857142857142856,29.35092857142857,8,5.875,14.737668154761906,10,5.5,21.485458333333334,2,5,29.139000000000003
06095,72,1.7916666666666667,16.139792302604803,74,1.7432432432432432,22.360749034749034,78,1.6666666666666667,30.917161172161173,11,5,16.836367798867798,14,3.9285714285714284,23.109673469387754,12,3.8333333333333335,31.54529761904762,4,8,17.23396978021978,4,5.75,23.756357142857144,3,5.666666666666667,31.93952380952381
06097,71,1.8591549295774648,15.440637735503932,64,2.015625,21.849176711309525,71,1.8450704225352113,29.530023474178403,13,4.6923076923076925,15.84655994005994,16,4.25,22.375144345238095,14,4,30.20047619047619,5,7.2,16.542555844155842,6,6,22.646079365079366,4,5.75,30.455
06099,52,2.480769230769231,18.22017200854701,60,2.15,24.391757936507936,79,1.6329113924050633,31.977822784810126,19,4.631578947368421,18.603365497076023,14,5.142857142857143,24.95110544217687,10,4.1,32.5178,8,6.375,18.882472222222223,7,6.857142857142857,25.158163265306122,4,5.75,32.708666666666666
06101,62,2.129032258064516,18.703948156682028,59,2.2033898305084745,25.009939265536723,79,1.6455696202531647,32.818666666666665,16,4.6875,19.181861607142856,14,5.071428571428571,25.482244047619048,10,3.9,33.29396666666667,7,6.571428571428571,19.54258843537415,6,7.5,25.817319444444443,3,5.333333333333333,34.25877777777778
06103,59,2.2033898305084745,18.911669087974172,54,2.388888888888889,24.590204144620813,76,1.7105263157894737,32.3054802631579,16,4.625,19.28990476190476,16,4.9375,25.052563988095237,13,3.769230769230769,32.8205,7,6.142857142857143,19.180972789115646,8,6.25,25.092940476190474,2,5.5,32.4695
06105,52,2.5,16.257516025641024,54,2.4444444444444446,22.345655864197532,68,1.8970588235294117,29.79814460784314,19,4.315789473684211,16.598991228070176,21,4.142857142857143,22.61406746031746,13,3.8461538461538463,30.079910256410255,8,5.75,16.879895833333332,4,6.5,22.9253125,3,5,30.112666666666666
06107,49,2.63265306122449,20.294150307742143,49,2.63265306122449,26.135061379097092,68,1.9264705882352942,33.22685702614379,18,4.722222222222222,20.525186948853616,18,5,26.386555976430977,15,4.266666666666667,33.51941851851852,6,7.166666666666667,20.926949735449735,7,7.571428571428571,26.54995346320346,5,6.6,33.809755555555554
06109,49,2.63265306122449,16.50410595753453,42,3.0952380952380953,22.12554761904762,63,2.0634920634920637,27.92020957878101,18,4.833333333333333,16.84562177328844,17,5.647058823529412,22.390176470588237,14,4.714285714285714,28.34665739022882,8,6.875,17.052753156565657,8,8.375,22.610791666666668,6,7,28.694978354978353
06111,52,2.5,19.298291895604397,46,2.8260869565217392,23.42878980801807,62,2.0806451612903225,28.598521505376343,19,4.7368421052631575,19.616377819548873,19,4.7894736842105265,23.76391216678059,15,4.6,29.061555555555554,9,6.333333333333333,19.81429761904762,7,6.714285714285714,24.247642547928262,6,6.5,29.356944444444444
06113,63,2.0793650793650795,17.662445578231292,64,2.046875,24.145460007440477,76,1.6973684210526316,32.251315789473686,15,4.8,18.328938095238094,12,5.083333333333333,24.83787003968254,10,3.9,33.275,6,7,18.68956746031746,6,6.833333333333333,25.237545634920636,3,5.333333333333333,33.75611111111111
06115,54,2.388888888888889,18.319990740740742,61,2.1147540983606556,24.54678708040593,73,1.7808219178082192,31.749961187214613,17,4.823529411764706,18.774382352941178,13,5.230769230769231,25.098000915750916,10,4.5,32.432716666666664,9,6.222222222222222,18.91327777777778,8,6.5,25.33758482142857,5,6,32.5661
08001,93,1.7311827956989247,15.299417562724015,75,2.1866666666666665,20.73763603174603,117,1.376068376068376,28.38741452991453,21,3.619047619047619,15.544325396825396,19,4.684210526315789,20.856194862155387,10,3.4,28.43275,3,5.333333333333333,15.696111111111112,10,6.1,20.96185357142857,0,NA,NA
08003,90,1.4444444444444444,11.123585185185185,64,2.03125,17.62327380952381,96,1.3541666666666667,26.7546875,8,3.75,11.219708333333333,16,4.375,17.730595238095237,9,3.111111111111111,26.842222222222222,1,5,11.655999999999999,4,7.75,17.79738095238095,0,NA,NA
08005,101,1.6237623762376239,14.839348184818482,77,2.116883116883117,20.344841682127395,123,1.3089430894308942,28.1260162601626,18,3.7222222222222223,15.105787037037038,20,4.35,20.461140476190476,8,3.375,28.45625,3,5,15.280000000000001,9,5.777777777777778,20.516608465608467,0,NA,NA
08007,90,1.4333333333333333,11.258325925925925,62,2.096774193548387,17.66831541218638,94,1.372340425531915,25.35995035460993,6,4,11.445722222222223,19,4.052631578947368,17.756608187134503,8,3.375,25.69504166666667,2,5.5,11.549666666666667,4,6.75,17.820555555555558,1,5,25.492
08009,95,1.7052631578947368,18.90159761904762,79,2.050632911392405,22.849610608800482,135,1.2074074074074075,29.592123456790123,15,4.533333333333333,19.122451587301587,18,4.833333333333333,22.988291005291003,2,3,29.883333333333333,6,6.5,19.030573412698413,8,6.625,22.98844642857143,0,NA,NA
08011,90,1.788888888888889,19.506378306878307,86,1.872093023255814,23.543156976744186,128,1.265625,30.623268229166666,18,3.888888888888889,19.581613756613756,21,3.8095238095238093,23.74340476190476,4,4.25,30.523333333333333,4,5.75,19.57892857142857,6,5.166666666666667,23.83038888888889,1,6,30.63
08013,88,1.8295454545454546,14.48639962121212,70,2.3285714285714287,20.180548979591837,116,1.3879310344827587,27.655897988505746,21,3.857142857142857,14.599436507936508,21,4.666666666666667,20.30230612244898,7,3.4285714285714284,27.746309523809526,5,5.6,14.6128,10,6.1,20.419842857142857,0,NA,NA
08014,97,1.6597938144329898,14.866864261168384,77,2.090909090909091,20.43815058750773,130,1.2538461538461538,28.125064102564103,20,3.65,15.127541666666668,18,4.944444444444445,20.590421957671957,8,3.125,28.213541666666668,3,5.333333333333333,15.215,10,6.1,20.685092857142855,0,NA,NA
08015,91,1.4175824175824177,9.498708791208792,69,1.8840579710144927,16.43896894409938,108,1.212962962962963,25.459081790123456,8,3.375,9.6759375,14,4,16.497061224489798,5,3.2,25.418166666666668,0,NA,NA,5,5.8,16.482438095238095,0,NA,NA
08017,98,1.6734693877551021,18.43275566893424,85,1.9058823529411764,22.639371708683473,135,1.1925925925925926,29.31401234567901,15,4.133333333333334,18.633003703703704,16,4.4375,22.80759970238095,3,3.3333333333333335,29.83888888888889,4,6.5,18.744805555555555,5,6.8,22.842985714285714,0,NA,NA
08019,92,1.4130434782608696,8.392255434782609,70,1.8428571428571427,15.13667074829932,102,1.2745098039215685,23.672083333333333,7,3.857142857142857,8.623928571428571,13,4.3076923076923075,15.229765567765568,4,3.25,23.695625,1,5,8.92,5,5.8,15.190057142857142,0,NA,NA
08021,89,1.449438202247191,10.891445692883895,56,2.3035714285714284,17.239407738095238,102,1.2745098039215685,26.171960784313725,8,3.5,10.882958333333333,14,5,17.300130952380954,6,3,26.223333333333333,1,5,11.162,4,9.25,17.435458333333333,0,NA,NA
08023,76,1.6973684210526316,11.732162280701754,63,2.0793650793650795,17.280212899974806,95,1.368421052631579,25.879763157894736,13,3.8461538461538463,11.724564102564102,14,4.5,17.33952947845805,6,3.3333333333333335,25.842916666666667,4,5.25,11.82025,4,7,17.29793650793651,0,NA,NA
08025,93,1.7526881720430108,18.63486917562724,84,1.9166666666666667,22.91202692743764,133,1.218045112781955,30.04986215538847,18,3.8333333333333335,18.79737962962963,19,3.8421052631578947,23.084750626566414,4,3.25,29.911666666666665,6,5.333333333333333,18.750888888888888,5,5.4,23.153885714285714,0,NA,NA
08027,80,1.6125,10.517679166666667,70,1.8714285714285714,16.52655238095238,104,1.2692307692307692,25.28102564102564,10,3.6,10.675933333333333,18,3.7777777777777777,16.664925925925925,6,3.5,25.25777777777778,1,5,10.996,3,5.333333333333333,16.742333333333335,0,NA,NA
08029,73,1.7671232876712328,14.085593607305936,46,2.869565217391304,20.069202898550724,82,1.5853658536585367,27.63,11,4.181818181818182,14.213939393939395,15,5.6,20.244555555555554,12,3.8333333333333335,27.715833333333332,3,6.333333333333333,14.186111111111112,9,7,20.30212962962963,3,5.333333333333333,27.623333333333335
08031,98,1.653061224489796,14.979818027210884,69,2.3333333333333335,20.554738095238097,122,1.319672131147541,28.23702868852459,18,3.6666666666666665,15.272064814814815,18,5,20.669551587301587,7,3.4285714285714284,28.403928571428573,3,5.333333333333333,15.328777777777779,12,5.916666666666667,20.693285714285715,0,NA,NA
08033,77,1.6753246753246753,12.86047619047619,56,2.3392857142857144,17.98384948979592,85,1.5176470588235293,25.00248431372549,12,4.166666666666667,12.993888888888888,17,4.764705882352941,18.083268907563024,10,3.6,25.078116666666666,2,8,12.888749999999998,7,7,18.211629251700682,2,5,25.235999999999997
08035,83,1.5662650602409638,14.23635140562249,67,1.955223880597015,19.803991115849325,100,1.29,27.772466666666666,14,3.642857142857143,14.388369047619047,14,4.071428571428571,19.863028911564626,8,3.375,27.990208333333335,2,5,14.498999999999999,5,5.8,19.927314285714285,0,NA,NA
08037,82,1.5853658536585367,8.560623983739838,46,2.8260869565217392,15.546202898550725,85,1.5176470588235293,23.510127170868348,9,4.222222222222222,8.642907407407407,20,4.8,15.661266666666666,9,4.333333333333333,23.790645502645503,3,5.666666666666667,8.505666666666666,9,6.666666666666667,15.72337037037037,3,6,23.730825396825395
08039,91,1.4505494505494505,14.680245421245422,73,1.7945205479452055,19.61730256577517,107,1.205607476635514,27.2154984423676,10,3.8,14.730233333333333,13,4.384615384615385,19.716006715506715,5,3.2,27.243666666666666,3,5,14.808,5,6.4,19.818784126984127,0,NA,NA
08041,92,1.4130434782608696,13.672889492753622,70,1.8714285714285714,19.370609523809524,93,1.3978494623655915,27.102894265232976,11,3.3636363636363638,13.738257575757576,14,4.357142857142857,19.53304761904762,8,3.125,27.191770833333333,1,5,13.84,6,5.833333333333333,19.53086111111111,0,NA,NA
08043,97,1.6701030927835052,14.47344673539519,76,2.1184210526315788,19.897473684210524,115,1.4086956521739131,28.231372463768118,21,3.4761904761904763,14.474730158730159,22,4,20.059,11,3.4545454545454546,28.523439393939395,3,5,14.338666666666667,7,5.142857142857143,20.110666666666667,1,5,28.132
08045,88,1.8409090909090908,11.895306818181819,57,2.8421052631578947,18.332849865047233,98,1.6428571428571428,26.02700583090379,16,4.3125,11.9579375,22,5.2727272727272725,18.51465646853147,13,4.153846153846154,26.292813186813188,7,5.428571428571429,11.998142857142858,10,7.4,18.58099423076923,4,6,26.390809523809523
08047,83,1.5542168674698795,9.152453815261044,70,1.8428571428571427,15.748109183673469,107,1.2149532710280373,24.48119937694704,12,3.4166666666666665,9.165305555555555,11,4.636363636363637,15.839785714285714,3,3,24.574444444444445,1,5,9.532,5,6,15.859028571428572,0,NA,NA
08049,93,1.7311827956989247,8.557197132616487,65,2.4923076923076923,15.038069597069597,105,1.542857142857143,23.308614285714285,18,3.7222222222222223,8.537740740740741,27,4.222222222222222,15.14294532627866,15,3.6666666666666665,23.625966666666667,3,5.333333333333333,8.555888888888889,8,6.125,15.335982142857143,3,5,24.024
08051,92,1.4021739130434783,8.770878623188405,54,2.4074074074074074,15.36714241622575,90,1.4444444444444444,23.796039682539682,8,3.25,8.877604166666666,17,4.764705882352941,15.520628851540616,8,4.5,24.114821428571428,0,NA,NA,6,7,15.57997619047619,2,7.5,23.891785714285717
08053,89,1.4606741573033708,5.373359550561798,56,2.357142857142857,12.371582341269841,102,1.2843137254901962,21.680833333333332,9,3.6666666666666665,5.473222222222222,18,4.444444444444445,12.477145061728395,6,3.5,22.159166666666668,2,5,5.802,5,6.4,12.537222222222223,0,NA,NA
08055,101,1.603960396039604,13.257935643564357,77,2.116883116883117,18.730136363636365,125,1.328,26.924106666666667,13,4,13.417807692307692,21,4.285714285714286,18.821214285714287,11,3.272727272727273,27.118484848484847,5,5.2,13.382466666666666,7,6,18.864714285714285,0,NA,NA
08057,92,1.7717391304347827,9.345370600414078,58,2.793103448275862,15.974834676817435,108,1.5,23.770979938271605,17,4,9.703770308123248,24,4.791666666666667,16.171683802308802,15,3.6,24.07272222222222,5,6,9.456819047619048,10,6.4,16.29487445887446,3,5,24.65
08059,100,1.62,13.932905,77,2.1298701298701297,19.704616883116884,127,1.2755905511811023,27.358431758530184,17,3.764705882352941,14.165323529411765,18,5.111111111111111,19.86225,7,3.2857142857142856,27.44154761904762,3,5.333333333333333,14.141,12,6,19.898930555555555,0,NA,NA
08061,97,1.6597938144329898,18.86961683848797,82,2.0121951219512195,22.974827526132405,136,1.1911764705882353,29.67627450980392,16,3.9375,19.023302083333334,17,4.588235294117647,23.227991596638656,5,3.2,30.047666666666668,5,5.4,19.082733333333334,6,6.5,23.144031746031747,0,NA,NA
08063,95,1.7263157894736842,18.396363157894736,87,1.896551724137931,22.652960727969347,126,1.2857142857142858,29.421944444444446,17,3.9411764705882355,18.487029411764706,19,4.052631578947368,22.793030701754386,6,3.1666666666666665,29.520833333333332,5,5.4,18.5274,6,5.833333333333333,22.840847222222223,0,NA,NA
08065,99,1.3232323232323233,5.8331060606060605,68,1.9264705882352942,13.016554621848739,91,1.4395604395604396,22.17348534798535,7,3.2857142857142856,5.9053571428571425,15,4,13.203380952380952,9,3.7777777777777777,22.763018518518518,0,NA,NA,3,6,13.255238095238095,2,5,22.349
08067,90,1.4555555555555555,11.701731481481481,58,2.2241379310344827,17.754994252873562,93,1.3870967741935485,25.17532258064516,7,4,11.67654761904762,18,4.333333333333333,17.82525925925926,6,3.8333333333333335,25.300833333333333,1,6,11.84,5,7.2,17.9426,1,6,25.221666666666668
08069,79,1.6329113924050633,15.364715189873417,66,1.9696969696969697,20.760002525252524,97,1.3505154639175259,28.001709621993125,15,3.6,15.5325,14,4.5,20.927511904761904,6,3.8333333333333335,28.443472222222223,1,6,15.635,7,5.714285714285714,21.04061904761905,1,6,28.368333333333332
08071,100,1.61,14.140773333333334,77,2.103896103896104,19.29620779220779,125,1.312,27.3216,14,4,14.263023809523808,20,4.45,19.4289,8,3.25,27.501875,3,5.333333333333333,14.208,6,7.333333333333333,19.525222222222222,0,NA,NA
08073,97,1.6701030927835052,16.67339175257732,85,1.9058823529411764,21.000514985994396,128,1.2734375,27.9622890625,16,3.3125,16.6186875,19,4.157894736842105,21.172830200501252,6,3.3333333333333335,28.093,1,5,16.864,5,6.6,21.20392142857143,1,5,27.818
08075,99,1.6262626262626263,18.389796296296296,92,1.75,22.704327898550723,143,1.1258741258741258,29.667039627039628,16,3.625,18.541552083333332,18,3.8333333333333335,22.903787037037038,2,3,29.588333333333335,3,5.333333333333333,18.384666666666664,4,5.75,23.056625,0,NA,NA
08077,74,1.7432432432432432,16.596361003861006,53,2.4339622641509435,22.08366621743037,90,1.4333333333333333,29.422260582010583,10,4.5,16.896571428571427,17,4.705882352941177,22.18231232492997,6,4.5,29.560575396825396,2,8,17.142857142857142,9,5.888888888888889,22.29770105820106,2,6.5,29.40714285714286
08079,101,1.297029702970297,6.7401485148514855,63,2.0476190476190474,13.748538548752835,104,1.2403846153846154,22.967163461538462,3,3.3333333333333335,6.785,20,3.8,13.824896428571428,2,3,23.125,0,NA,NA,4,6,13.944273809523809,0,NA,NA
08081,80,2.0125,12.865445738636364,59,2.7288135593220337,18.45013418079096,116,1.396551724137931,25.64155028735632,18,4.277777777777778,13.14948106060606,23,4.869565217391305,18.707083333333333,7,4.571428571428571,25.90497619047619,4,7.5,12.858289772727273,10,6.8,18.870541666666668,2,7.5,25.8295
08083,79,1.6329113924050633,13.951443037974684,49,2.63265306122449,19.07688426539447,88,1.4772727272727273,25.7396875,14,3.5,14.032428571428571,17,5.117647058823529,19.18219582378406,9,3.5555555555555554,25.730833333333333,1,5,14.034,7,7.428571428571429,19.247475572047,0,NA,NA
08085,80,1.6125,13.486764583333333,44,2.9318181818181817,19.747710636585637,82,1.5731707317073171,27.411672764227642,10,3.7,13.663616666666666,20,4.75,19.8209634004884,10,3.8,27.524216666666668,2,5,13.521,6,7.5,19.944183557183557,3,5.333333333333333,27.451
08087,107,1.5046728971962617,17.829361370716512,88,1.8409090909090908,22.49443208874459,124,1.2983870967741935,30.003654569892472,13,3.769230769230769,18.05628205128205,19,4.157894736842105,22.55947493734336,6,4,30.403027777777776,4,5,18.119999999999997,6,6.333333333333333,22.71625396825397,2,5,30.197
08089,93,1.7419354838709677,18.97094982078853,87,1.8505747126436782,23.210905856595513,132,1.2196969696969697,30.473396464646466,20,3.8,19.129166666666666,20,3.8,23.318690476190476,3,3.3333333333333335,30.331111111111113,7,5.285714285714286,19.153333333333332,4,5.5,23.389285714285712,0,NA,NA
08091,80,1.625,8.835698511904761,52,2.5,15.376775842746996,83,1.5542168674698795,23.519618473895584,10,4.1,8.826588095238094,12,6,15.491445318570317,11,3.909090909090909,23.827575757575758,3,5.666666666666667,8.960571428571429,6,8.5,15.539557303807303,2,5.5,24.034166666666664
08093,93,1.4086021505376345,7.891813620071685,66,1.9696969696969697,14.459395382395382,93,1.3978494623655915,22.822464157706094,10,3.4,7.966366666666667,18,3.7777777777777777,14.55639417989418,10,3.3,22.935416666666665,1,5,8.562,5,5.8,14.613685714285714,0,NA,NA
08095,87,1.4827586206896552,19.083697318007662,83,1.5903614457831325,23.298006024096384,115,1.1217391304347826,29.990478260869565,12,3.25,19.303472222222222,11,3.5454545454545454,23.47268181818182,2,3,29.53,0,NA,NA,1,5,23.802,0,NA,NA
08097,88,1.4659090909090908,8.038304924242425,47,2.765957446808511,15.015524822695035,82,1.5853658536585367,23.022418699186993,9,3.2222222222222223,8.27787037037037,21,4.428571428571429,15.081174603174603,13,3.769230769230769,23.31371794871795,0,NA,NA,4,8.25,15.196375,2,6,23.653333333333336
08099,105,1.5333333333333334,19.484952380952382,76,2.1447368421052633,23.704815476190475,129,1.255813953488372,30.800239018087854,16,3.6875,19.695,23,4.304347826086956,23.923738095238097,8,3.5,30.933854166666666,4,5,19.8175,9,6,23.935015873015875,0,NA,NA
08101,94,1.7127659574468086,17.233459219858155,79,2.0759493670886076,21.82513351416516,124,1.314516129032258,28.996209677419355,21,3.4285714285714284,17.33738888888889,22,4.045454545454546,21.95752489177489,10,3.2,29.0655,2,5,17.283,7,5.571428571428571,21.962816326530614,0,NA,NA
08103,83,1.963855421686747,14.126658443296998,64,2.546875,19.361401156135532,104,1.5673076923076923,25.640629693223442,16,4.5625,14.376728174603175,23,4.826086956521739,19.616724956203218,15,4.133333333333334,25.657699206349207,7,6.142857142857143,14.400854875283446,10,6.7,19.759300732600735,4,6.75,26.062205357142858
08105,91,1.4175824175824177,10.416967032967033,58,2.2413793103448274,17.11799897372742,105,1.2476190476190476,25.958666666666666,8,3.375,10.492375,16,4.625,17.256183779761905,3,3.3333333333333335,25.878333333333334,1,5,10.804,6,6.5,17.288017857142858,0,NA,NA
08107,81,1.9876543209876543,10.101557613168724,56,2.892857142857143,16.506674319727892,109,1.4770642201834863,24.30330493665356,19,4.105263157894737,10.304271929824562,23,5.260869565217392,16.711902691511387,12,4.333333333333333,24.55168650793651,5,6.2,10.465733333333334,10,7.6,16.832292857142857,4,5.75,24.69922619047619
08109,87,1.5172413793103448,10.548831417624521,63,2.0634920634920637,16.9480149281935,85,1.5294117647058822,25.615392156862747,10,3.6,10.691333333333333,16,4.1875,17.071558779761904,11,3.3636363636363638,25.675757575757576,3,5,11.033333333333333,5,6.4,17.06282142857143,1,6,25.745
08111,81,1.6049382716049383,5.962316578483245,66,1.9696969696969697,12.034186868686868,91,1.4175824175824177,20.922642857142858,10,4.3,6.278264285714286,16,4.1875,12.171645833333333,9,3.6666666666666665,21.288944444444443,4,5.5,6.456285714285714,4,6.5,12.256583333333333,2,5,20.834
08113,84,1.5595238095238095,7.373753968253968,51,2.5686274509803924,13.743429413723531,86,1.5,22.048881782945738,11,3.6363636363636362,7.4695757575757575,14,5.928571428571429,13.854278578564292,8,4.375,22.361729166666667,2,5,7.426,10,6.9,13.861823343323344,3,6.333333333333333,21.87961111111111
08115,85,1.5294117647058822,19.26769607843137,82,1.5731707317073171,23.48099491869919,118,1.0932203389830508,30.217231638418077,13,3.3076923076923075,19.414166666666667,9,4,23.711287037037035,3,3,29.941111111111113,0,NA,NA,2,6.5,23.801625,0,NA,NA
08117,90,1.4333333333333333,6.136601851851852,57,2.280701754385965,13.227856725146198,91,1.4175824175824177,22.135604395604396,10,3.6,6.239916666666667,18,4.333333333333333,13.331268518518518,8,4,22.73,0,NA,NA,7,5.571428571428571,13.340523809523809,2,5.5,22.910833333333336
08119,87,1.4942528735632183,9.811400383141763,65,1.9846153846153847,15.814091941391942,102,1.2647058823529411,24.110351307189543,10,3.7,10.043183333333333,16,3.9375,15.944436011904763,3,3.6666666666666665,24.27027777777778,2,5.5,9.823,5,5.6,15.984028571428572,0,NA,NA
08121,96,1.6979166666666667,17.92409895833333,86,1.8837209302325582,22.285850070472165,138,1.173913043478261,29.162149758454106,16,3.6875,18.07146875,18,4,22.44100589225589,2,3,29.123333333333335,5,5,18.0392,4,6.75,22.51098484848485,0,NA,NA
08123,88,1.8409090909090908,16.593049242424243,75,2.16,21.774023492063492,109,1.4862385321100917,29.361701834862384,20,3.95,16.803416666666667,20,4.65,21.865588095238095,12,3.75,29.448375,5,5.8,16.854,9,6.333333333333333,22.06019576719577,3,5.333333333333333,29.60988888888889
08125,98,1.6428571428571428,18.759416666666667,88,1.8295454545454546,23.10338014069264,139,1.158273381294964,29.77354916067146,17,3.5294117647058822,18.837519607843138,18,3.6666666666666665,23.283469576719575,2,3,29.481666666666666,2,5.5,18.875999999999998,2,6,23.219142857142856,0,NA,NA
09001,72,1.7916666666666667,22.198627314814814,64,2.03125,25.698005208333335,84,1.5357142857142858,30.473478174603173,13,3.5384615384615383,22.544320512820512,20,3.55,26.005116666666666,10,3.8,30.893216666666667,3,5,22.694,2,5,26.552,1,5,31.418
09003,78,1.6794871794871795,21.45551862026862,68,1.9411764705882353,25.52373949579832,85,1.5294117647058822,31.078519607843138,10,4.4,21.96554523809524,17,3.7058823529411766,25.928781512605042,11,3.6363636363636362,31.26037878787879,3,6.666666666666667,21.72459523809524,4,5.5,26.121071428571426,1,6,32.05833333333334
09005,76,1.7236842105263157,20.805654605263157,65,2.0153846153846153,24.78519194139194,89,1.4606741573033708,30.059953183520598,12,4,21.2470625,17,3.764705882352941,25.248086834733893,9,3.7777777777777777,30.315092592592592,2,6.5,21.208624999999998,3,5.666666666666667,25.50638095238095,1,6,31.1
09007,77,1.7012987012987013,21.870927025355595,66,1.9545454545454546,25.43603787878788,78,1.6538461538461537,30.18096153846154,14,3.857142857142857,22.136170068027212,15,3.8,25.881233333333334,14,3.7142857142857144,30.649642857142858,3,6,21.87157142857143,3,5.666666666666667,25.825333333333333,1,5,31.240000000000002
09009,72,1.7916666666666667,21.95698148148148,69,1.8985507246376812,25.400672187715667,83,1.5783132530120483,30.2029578313253,13,3.8461538461538463,22.234051282051283,16,3.75,25.79508630952381,12,3.6666666666666665,30.685458333333333,4,5.5,22.1315,2,6,26.084857142857143,1,5,30.998
09011,73,1.7671232876712328,21.884730919765165,68,1.9264705882352942,25.26632317927171,81,1.6049382716049383,29.960876543209878,14,4,22.051811224489796,16,3.8125,25.63593601190476,15,3.7333333333333334,30.518733333333333,4,6.25,21.697380952380954,4,5.5,25.559785714285713,3,5.333333333333333,30.820333333333334
09013,76,1.6973684210526316,21.162617481203007,68,1.911764705882353,24.975231792717086,84,1.5357142857142858,30.36268849206349,11,4.181818181818182,21.64762987012987,16,3.8125,25.43067261904762,11,3.727272727272727,30.6355303030303,2,7.5,21.276964285714286,4,5.75,25.452690476190476,1,6,31.3
09015,74,1.7567567567567568,21.36001447876448,69,1.8840579710144927,25.12183850931677,84,1.5357142857142858,30.50691865079365,14,4,21.658647959183675,17,3.7058823529411766,25.57010924369748,10,3.8,30.889116666666666,3,6.666666666666667,21.3934126984127,3,6,25.673952380952382,2,5.5,31.220166666666664
10001,69,1.8985507246376812,23.838227743271222,59,2.1864406779661016,27.22025988700565,80,1.6375,32.18633333333333,17,3.8823529411764706,24.19163025210084,18,4.111111111111111,27.470574074074076,15,3.6,32.41577777777778,4,5.75,24.657761904761905,5,6,27.654066666666665,1,6,32.24
10003,75,1.76,23.351933333333335,63,2.0476190476190474,26.939743386243386,74,1.7567567567567568,32.01933558558559,14,3.9285714285714284,23.75642857142857,16,4.3125,27.283052083333335,16,3.8125,32.212239583333336,4,5.5,24.140833333333333,7,5.571428571428571,27.539,4,5.25,32.419583333333335
10005,61,2.1147540983606556,24.126024590163933,56,2.3214285714285716,27.42331717687075,75,1.72,32.3819,20,3.95,24.448375,20,4.1,27.582538095238096,15,3.6666666666666665,32.67016666666667,5,6,24.811333333333334,5,6.2,28.04115238095238,3,5,32.513333333333335
11001,73,1.7808219178082192,23.12609817351598,55,2.3636363636363638,27.246159307359306,86,1.5116279069767442,33.181790697674415,14,4,23.460011904761906,19,4.2631578947368425,27.50019799498747,10,3.7,33.4379,3,5.333333333333333,23.92088888888889,6,6,27.68229365079365,3,5,33.651333333333334
12001,72,2.236111111111111,24.50816335978836,69,2.36231884057971,27.921506221636655,114,1.412280701754386,34.41187134502924,17,5.117647058823529,24.714574229691877,23,4.478260869565218,28.162779534475188,13,3.3846153846153846,34.74294871794872,9,6.666666666666667,24.76456613756614,6,7.833333333333333,28.276488215488214,1,6,34.32833333333333
12003,86,1.9069767441860466,24.298751753414543,63,2.5555555555555554,27.899516376921138,105,1.542857142857143,34.4752373015873,17,4.764705882352941,24.512214752567694,19,5.157894736842105,28.089185881370092,13,3.923076923076923,34.77153205128205,7,6.285714285714286,24.60514058956916,8,7.625,28.148795634920635,3,6,34.83108333333333
12005,79,2.050632911392405,26.038643355589556,73,2.2465753424657535,28.464395943097998,121,1.3305785123966942,33.590447658402205,15,5,26.166521672771673,20,4.75,28.65779519230769,10,3.3,33.90441666666667,6,7.666666666666667,26.310748626373627,5,8.8,28.818847435897435,0,NA,NA
12007,80,2.05,24.356659117965368,65,2.4923076923076923,27.888110722610723,114,1.412280701754386,34.40027255639098,17,5,24.52133702571938,23,4.565217391304348,28.087921607378128,15,3.4,34.62207142857143,8,6.75,24.627007846320346,7,7.571428571428571,28.196385281385282,1,7,34.528571428571425
12009,69,1.8985507246376812,25.329057971014493,51,2.5294117647058822,28.10518790849673,98,1.316326530612245,33.8277380952381,11,4.7272727272727275,25.481363636363636,20,4.5,28.212729166666666,6,3.3333333333333335,33.882222222222225,4,6.75,25.494999999999997,7,6.428571428571429,28.323630952380952,0,NA,NA
12011,83,1.5662650602409638,25.169562248995984,67,1.9402985074626866,27.920991471215352,87,1.4827586206896552,33.535900383141765,9,4.222222222222222,25.26540740740741,18,3.5,28.04313492063492,11,3.4545454545454546,33.6980303030303,3,6.333333333333333,25.28511111111111,1,7,28.521428571428572,1,6,34.068333333333335
12013,85,1.9058823529411764,24.772362464985996,71,2.323943661971831,28.14624826738207,117,1.393162393162393,34.42554273504273,16,4.375,24.984738095238097,22,4.863636363636363,28.321301226551228,12,3.75,34.76529166666667,5,6.8,25.09082857142857,9,7,28.470217813051146,3,5.333333333333333,34.931999999999995
12015,66,1.9545454545454546,25.135729437229436,59,2.1864406779661016,27.991858958837774,102,1.2843137254901962,34.066658496732025,14,4.571428571428571,25.282724489795918,15,5,28.084645238095238,4,4.25,34.25729166666667,6,6.333333333333333,25.27885714285714,8,6.25,28.124959821428572,1,6,34.41166666666666
12017,75,2.16,24.8987372967773,69,2.3768115942028984,27.916036231884057,120,1.3416666666666666,33.79031944444444,19,4.7894736842105265,25.003963013594593,22,4.5,28.048477272727272,9,3.2222222222222223,34.05925925925926,6,8.333333333333334,25.1056050986051,7,6.857142857142857,28.11842857142857,1,5,34
12019,78,2.0641025641025643,24.66032905982906,63,2.5873015873015874,28.053387085137086,103,1.5825242718446602,34.30745388349514,14,5.428571428571429,24.822190476190475,25,4.44,28.212735454545456,14,3.9285714285714284,34.59126785714286,6,7.666666666666667,24.927888888888887,8,7,28.285527462121212,4,5.75,34.5200625
12021,75,1.7333333333333334,25.081946666666667,67,1.9402985074626866,27.965394456289978,100,1.29,34.058825,13,4,25.201615384615383,14,4.428571428571429,28.092244897959183,6,3.3333333333333335,34.14541666666666,3,5.666666666666667,25.183111111111113,5,6,28.184619047619048,0,NA,NA
12023,69,2.36231884057971,24.367077263316393,66,2.4393939393939394,27.920603535353536,110,1.4636363636363636,34.39915757575758,17,5.588235294117647,24.548137127578304,20,4.85,28.133741666666666,11,3.6363636363636362,34.56157575757576,8,7.875,24.668333062770564,7,7.285714285714286,28.219261904761904,2,5,34.687
12027,80,1.6375,24.337145535714285,63,2.0634920634920637,27.869021919879064,105,1.2476190476190476,34.72668253968254,11,4.363636363636363,24.56242207792208,15,4.266666666666667,28.001225396825397,5,3.4,34.88733333333333,3,6.666666666666667,24.62388095238095,6,5.666666666666667,28.042785714285714,0,NA,NA
12029,68,2.3676470588235294,24.94448761777438,71,2.2816901408450705,28.26398356807512,111,1.4504504504504505,34.36781231231231,21,4.809523809523809,25.084055143269428,21,4.666666666666667,28.57418253968254,13,3.3076923076923075,34.694397435897436,6,8.5,25.257387445887446,7,7.142857142857143,28.537904761904763,1,5,34.528
12031,70,1.8571428571428572,24.909963718820862,55,2.3636363636363638,28.24010303030303,84,1.5595238095238095,34.427005385487526,12,4.916666666666667,25.088121693121693,16,4.625,28.421916666666668,11,4.181818181818182,34.73531385281385,4,7.75,25.243531746031746,4,8.25,28.5885,3,6.333333333333333,34.98587301587301
12033,80,2.0125,25.490735950854702,72,2.236111111111111,28.445474922839505,108,1.4907407407407407,33.948240740740744,14,5.142857142857143,25.72099114774115,19,4.684210526315789,28.594431286549707,14,3.5,34.15107142857143,5,7.8,25.843275213675213,7,7,28.79500396825397,1,5,34.65
12035,65,2.076923076923077,25.33001239316239,57,2.263157894736842,28.382343079922027,90,1.4444444444444444,34.48463862433862,16,4.4375,25.439425347222222,17,4.705882352941177,28.538738562091503,9,4,34.51360846560846,4,7.5,25.607909722222225,5,7.8,28.634044444444445,3,5.666666666666667,34.526380952380954
12037,72,2.263888888888889,25.76237239959115,62,2.629032258064516,28.363826333612625,111,1.4504504504504505,33.53755705705706,17,5.294117647058823,25.894165457091926,23,4.869565217391305,28.511184029738377,11,3.727272727272727,33.70989393939394,8,7.625,25.975101596320346,10,6.8,28.595723268398267,2,5,33.559
12039,78,2.0641025641025643,24.52817378917379,65,2.4923076923076923,28.06836813186813,112,1.4375,34.39494047619048,17,4.764705882352941,24.77691503267974,22,5.045454545454546,28.239269480519482,11,4.090909090909091,34.72348484848485,6,7.333333333333333,24.820425925925925,9,7.555555555555555,28.418492063492064,5,5.4,34.80833333333333
12041,71,2.295774647887324,24.579669410401806,68,2.3823529411764706,27.98240233214498,114,1.412280701754386,34.36758040935673,20,5,24.77782640692641,20,4.8,28.25866792929293,10,3.3,34.626416666666664,7,8,24.916646876932592,5,8.6,28.317671717171716,0,NA,NA
12043,72,1.8333333333333333,24.96865658068783,66,2.015151515151515,28.019021284271282,106,1.2264150943396226,34.34099842767296,14,3.9285714285714284,25.02559098639456,17,4.117647058823529,28.123259103641455,4,3.25,34.450208333333336,2,7.5,25.09330357142857,5,6.4,28.24774761904762,0,NA,NA
12045,76,2.1315789473684212,25.702296508316245,66,2.4393939393939394,28.36692310929811,117,1.376068376068376,33.615448717948716,15,5.2,25.840968975468975,22,4.590909090909091,28.510542055167054,11,3.1818181818181817,33.9675,6,8.166666666666666,25.962005772005774,7,7.285714285714286,28.702655982905984,0,NA,NA
12047,78,2.076923076923077,24.299814102564103,69,2.449275362318841,27.932760869565218,114,1.412280701754386,34.479556182121975,20,4.55,24.510525,25,4.6,28.10902,8,4.125,34.728675595238094,6,7.5,24.670222222222222,8,7.25,28.287875,2,6.5,34.83845238095238
12049,72,1.8194444444444444,24.424229662698412,59,2.1864406779661016,27.951168549905837,100,1.3,34.76938333333333,14,4.428571428571429,24.59568112244898,16,4.4375,28.041496527777777,5,3,34.86866666666666,5,6.4,24.577407142857144,5,6.8,28.144288888888887,0,NA,NA
12051,76,1.7105263157894737,24.788108552631577,66,1.9545454545454546,27.941332972582973,99,1.303030303030303,34.3843771043771,13,3.8461538461538463,24.89701923076923,16,3.9375,28.062061011904763,6,3,34.498888888888885,2,7.5,24.959375,4,6.25,28.248869047619046,0,NA,NA
12053,82,1.9878048780487805,24.84815404920283,69,2.3333333333333335,27.96592258144432,119,1.3697478991596639,33.857689275710285,19,4.2631578947368425,25.025454317612212,20,4.75,28.106432905982906,11,3.6363636363636362,34.06409307359307,6,6.5,25.04393867243867,7,7.428571428571429,28.134570207570206,2,6,34.18042857142857
12055,72,1.7916666666666667,24.57570634920635,60,2.1666666666666665,27.991576388888888,95,1.3578947368421053,34.68157894736842,12,4.333333333333333,24.667571428571428,16,4.6875,28.077786458333335,6,3.1666666666666665,34.81333333333333,4,5.75,24.761880952380952,5,7.2,28.20041666666667,0,NA,NA
12057,64,2.078125,25.09247414434524,58,2.2586206896551726,28.07637212643678,103,1.2718446601941749,34.019417475728154,18,4.277777777777778,25.236574735449736,17,4.647058823529412,28.18468137254902,1,6,33.79,6,6.333333333333333,25.250835317460318,6,7,28.28326388888889,1,6,33.79
12059,79,2.088607594936709,24.59042194092827,69,2.3333333333333335,28.107666337285902,108,1.4907407407407407,34.56303395061728,18,4.944444444444445,24.755185185185184,20,5.1,28.266448863636363,12,4,34.73147222222222,8,6.75,24.89270833333333,11,6.818181818181818,28.325967630853995,4,5.25,34.83316666666666
12061,77,1.6753246753246753,25.069621212121213,56,2.3214285714285716,28.107358843537416,105,1.2285714285714286,34.43881746031746,14,3.642857142857143,25.173630952380954,17,4.588235294117647,28.211593837535013,2,3.5,34.632916666666674,1,6,25.358333333333334,8,6,28.306720238095238,0,NA,NA
12063,85,1.8941176470588235,24.582750980392156,72,2.25,28.011557484567902,113,1.424778761061947,34.35499262536873,14,4.928571428571429,24.90063095238095,19,5.105263157894737,28.22458625730994,12,4,34.69243055555555,6,7,24.915777777777777,8,7.375,28.35932986111111,4,5.25,34.799166666666665
12065,82,2.0121951219512195,24.385701219512196,66,2.4393939393939394,28.129193602693604,111,1.4684684684684686,34.6047425997426,16,5.5625,24.58640625,19,5.315789473684211,28.295619883040935,10,4.1,34.86064285714286,7,8.285714285714286,24.676309523809525,8,8.25,28.45615972222222,2,6.5,35.01154761904762
12067,69,2.3333333333333335,24.5613658322354,65,2.476923076923077,28.045626122595355,112,1.4375,34.381279761904764,20,4.9,24.723462121212123,21,5,28.28884276041419,12,3.4166666666666665,34.53527777777778,8,7.25,24.881467803030304,8,7.375,28.294878912753912,1,5,34.57
12069,61,2.1475409836065573,24.94305893832943,54,2.425925925925926,28.12917283950617,90,1.4333333333333333,34.402027777777775,14,4.928571428571429,25.075828231292515,15,5,28.279022222222224,9,3.6666666666666665,34.57416666666666,7,6.428571428571429,25.118561224489795,5,8.2,28.2969,2,5.5,34.46666666666667
12071,70,1.8428571428571427,25.14080476190476,62,2.1774193548387095,28.045203149001537,102,1.2647058823529411,34.199591503267975,13,4.076923076923077,25.31625641025641,17,4.647058823529412,28.115152661064425,4,3.5,34.15708333333333,3,6.333333333333333,25.216,8,6,28.17897023809524,0,NA,NA
12073,76,2.1315789473684212,24.510030492898913,73,2.26027397260274,28.179269732550555,115,1.4173913043478261,34.5846768115942,16,5.3125,24.689207341269842,22,4.681818181818182,28.340531385281384,9,3.888888888888889,34.982537037037034,6,9,24.798997354497352,10,6.6,28.535252380952382,3,5.333333333333333,34.90011111111111
12075,65,2.476923076923077,24.75192271062271,68,2.3676470588235294,28.028809863339276,115,1.4,34.03559565217391,23,4.739130434782608,24.896085921325053,22,4.545454545454546,28.244275941230487,12,3.25,34.32779166666667,7,8,25.02582993197279,5,8.4,28.302314141414143,1,5,34.116
12077,79,2.037974683544304,24.630735282298573,71,2.3380281690140845,28.142312206572768,114,1.412280701754386,34.48769444444444,17,4.411764705882353,24.824887488328667,22,4.818181818181818,28.32087121212121,11,3.727272727272727,34.94292424242424,6,6.5,24.902597883597885,9,6.555555555555555,28.494629629629628,2,5.5,35.13733333333333
12079,80,2.0375,24.295444444444446,67,2.4328358208955225,28.03693923240938,111,1.4684684684684686,34.57948176748177,18,4.888888888888889,24.462530864197532,21,4.9523809523809526,28.246187074829933,11,3.909090909090909,34.68658874458875,7,7.571428571428571,24.604365079365078,9,7,28.35064021164021,3,6,35.07915873015873
12081,77,2.1298701298701297,25.227353793032364,69,2.3333333333333335,28.100505866114563,120,1.35,34.00177083333333,18,5,25.400624559082893,21,4.9523809523809526,28.18285260770975,10,3.4,34.05325,7,7.285714285714286,25.40398696145125,10,6.8,28.225657142857145,1,5,34.23
12083,67,1.9701492537313432,24.691212864250176,55,2.3454545454545452,28.05508787878788,100,1.31,34.44985,13,4.923076923076923,24.88394322344322,19,4.368421052631579,28.17367543859649,7,3,34.51714285714286,5,7.4,24.934085714285715,4,8.25,28.386000000000003,0,NA,NA
12085,71,1.8309859154929577,25.38093427230047,55,2.3454545454545452,28.076072294372295,99,1.3232323232323233,33.666804713804716,13,4.3076923076923075,25.52702564102564,19,4.2631578947368425,28.205472431077695,4,4,33.787166666666664,4,5.75,25.48825,7,5.714285714285714,28.23925850340136,2,5,33.971000000000004
12086,82,1.5731707317073171,25.390058265582656,61,2.1639344262295084,28.02145511319282,89,1.4719101123595506,33.337492509363294,8,4.25,25.479972222222223,17,3.9411764705882355,28.12404481792717,9,4.111111111111111,33.61187037037037,2,7,25.566555555555553,4,6,28.15302380952381,3,5.666666666666667,33.56311111111111
12089,66,1.9545454545454546,24.802299182299183,55,2.381818181818182,28.11580018365473,80,1.6125,34.31303050595238,13,4.615384615384615,24.99167277167277,18,4.5,28.30772278338945,11,4.454545454545454,34.51567640692641,4,7,25.16043650793651,5,7.8,28.42680202020202,3,7.333333333333333,34.675535714285715
12091,72,2.2916666666666665,25.290727386039887,73,2.2054794520547945,28.336364743323646,111,1.4594594594594594,34.041805448305446,15,6,25.47515811965812,21,4.333333333333333,28.492363155363154,11,3.8181818181818183,34.39094588744589,6,9.333333333333334,25.562478632478634,5,8.2,28.71559191919192,2,6,34.492285714285714
12093,76,1.6973684210526316,25.179320175438598,60,2.2333333333333334,28.093302711640213,100,1.29,34.0191,13,3.8461538461538463,25.320641025641027,16,4.75,28.197697668650793,2,3,33.89,2,5.5,25.339166666666667,7,6.714285714285714,28.299499433106575,0,NA,NA
12095,64,2.0625,24.853352712391775,50,2.58,28.16829,95,1.3578947368421053,34.51888596491228,15,4.8,24.99297157287157,18,4.722222222222222,28.286083333333334,8,3.5,34.684270833333336,8,6.25,24.97046753246753,7,7,28.257666666666665,1,6,34.75833333333333
12097,67,1.9701492537313432,24.89503802416489,53,2.4339622641509435,28.141295597484277,97,1.3298969072164948,34.52837628865979,16,4.1875,25.031721726190476,17,4.705882352941177,28.266686274509805,5,3.4,34.8015,5,6.4,25.042342857142856,8,6.125,28.2636875,0,NA,NA
12099,71,1.8591549295774648,25.30993075117371,59,2.2033898305084745,28.078506860371267,92,1.4021739130434783,33.75115217391304,13,4.153846153846154,25.363083333333332,18,4,28.18760582010582,9,3.4444444444444446,33.854,4,5.75,25.3810625,4,5.75,28.298392857142858,2,5,33.908
12101,78,2.076923076923077,25.030517094017092,71,2.323943661971831,27.887266431924882,116,1.4051724137931034,33.457520114942525,21,4.190476190476191,25.179777777777776,20,4.8,28.024545833333335,10,3.5,33.58323333333333,6,6.5,25.262416666666667,7,7.142857142857143,28.08275,1,5,33.424
12103,70,2.3142857142857145,25.67827806122449,69,2.347826086956522,28.055570832549094,126,1.2777777777777777,33.14851851851852,22,4.545454545454546,25.771112012987015,20,4.75,28.156719372294372,8,3.125,33.31979166666667,9,6.444444444444445,25.764199735449736,7,7,28.22550773036487,0,NA,NA
12105,67,1.9253731343283582,24.63021606254442,56,2.3214285714285716,27.960949404761905,97,1.3608247422680413,34.437920962199314,13,4.615384615384615,24.804575091575092,16,4.75,28.079260416666667,7,3.142857142857143,34.61761904761905,5,6.6,24.856728571428572,5,7.8,28.174466666666667,0,NA,NA
12107,64,2.015625,24.89745461309524,52,2.480769230769231,28.32116822066822,91,1.4395604395604396,34.58789377289377,12,4.75,25.08934126984127,18,4.611111111111111,28.443930415263747,12,3.4166666666666665,34.95902777777778,5,6.2,25.210585714285713,5,8,28.594816161616162,0,NA,NA
12109,65,2.0615384615384613,25.39795641025641,56,2.3035714285714284,28.24861111111111,89,1.4606741573033708,33.95146816479401,13,4.923076923076923,25.566320512820514,15,5.133333333333334,28.43614814814815,10,3.7,34.219566666666665,3,9.333333333333334,25.6835,5,8.4,28.474777777777778,2,5,34.312
12111,72,1.8333333333333333,25.198344907407407,59,2.2203389830508473,28.13458609093355,98,1.316326530612245,34.106289115646256,14,3.7857142857142856,25.30220238095238,16,4.625,28.30691121031746,7,3.5714285714285716,34.19019047619047,2,6,25.310833333333335,7,6,28.376392290249434,2,5,34.189
12113,74,2.189189189189189,25.198067226317228,68,2.3676470588235294,28.29291670380273,109,1.4862385321100917,34.05520948012232,14,5.928571428571429,25.436569624819626,19,4.894736842105263,28.394649255715045,13,3.6153846153846154,34.3263717948718,8,7.625,25.424101010101012,7,7.571428571428571,28.578809884559885,2,5,34.296
12115,73,2.2054794520547945,25.398730593607304,72,2.236111111111111,28.073675540123457,124,1.2983870967741935,33.827815860215054,19,4.947368421052632,25.522491228070177,20,4.8,28.174481944444445,4,3.75,34.017291666666665,8,7,25.52872916666667,9,6.444444444444445,28.247182098765432,1,5,34.300000000000004
12117,66,2.0303030303030303,24.884281122917486,54,2.388888888888889,28.230643004115226,92,1.4021739130434783,34.549376293995856,14,4.928571428571429,25.011968150896724,17,4.705882352941177,28.370866013071897,8,4,34.67970238095238,8,6.375,25.00886093073593,4,9.25,28.412430555555556,2,7,34.75214285714286
12119,67,1.9253731343283582,24.81104317697228,58,2.2758620689655173,28.07726730979748,107,1.2149532710280373,34.511752336448595,16,4.1875,25.00093080357143,17,4.588235294117647,28.214794351073763,4,3.25,34.674375,5,6.2,25.045145238095238,4,8.5,28.27579265873016,0,NA,NA
12121,69,2.3333333333333335,24.400217516782735,65,2.4923076923076923,27.902586213786215,111,1.4504504504504505,34.308926426426424,22,4.818181818181818,24.553182211727666,21,5,28.124195423623995,10,3.7,34.474583333333335,9,6.888888888888889,24.70564911014911,8,7.375,28.178929653679653,2,5,34.58
12123,67,2.4029850746268657,25.051987788331072,62,2.6129032258064515,28.152119239631336,112,1.4464285714285714,33.92980803571429,19,5.2105263157894735,25.169377990430622,22,5.090909090909091,28.326199675324673,13,3.4615384615384617,34.204884615384614,9,7.222222222222222,25.26803872053872,8,8,28.39756994047619,2,5,34.253
12125,79,2.037974683544304,24.40253616636528,68,2.3676470588235294,27.94954656862745,110,1.4636363636363636,34.44849458874459,18,4.722222222222222,24.59863095238095,19,4.842105263157895,28.21495614035088,15,3.466666666666667,34.64462698412699,8,6.5,24.701815476190475,6,7.833333333333333,28.298055555555557,1,7,34.54857142857143
12127,61,2.1147540983606556,24.948464480874318,51,2.549019607843137,28.14189013383131,86,1.5,34.18474321705426,14,4.642857142857143,25.005095238095237,18,4.777777777777778,28.26563315696649,10,3.9,34.32579166666667,6,6.333333333333333,25.107861111111113,6,7.666666666666667,28.339955026455026,2,6.5,34.438125
12129,76,2.1315789473684212,24.980010238664843,66,2.4393939393939394,28.34591396103896,118,1.38135593220339,34.267853107344635,17,5.235294117647059,25.159751655207536,24,4.5,28.492305059523808,10,3.2,34.62316666666667,7,8.142857142857142,25.234634972170685,10,6.1,28.61119880952381,0,NA,NA
12131,72,2.236111111111111,25.079564043209878,69,2.3333333333333335,28.234180281071584,110,1.4727272727272727,33.988577705627705,17,5.235294117647059,25.2484477124183,23,4.478260869565218,28.365366930171277,12,3.8333333333333335,34.282378968253965,8,7.25,25.397222222222222,7,7.285714285714286,28.53561038961039,3,5.666666666666667,34.18590476190476
12133,85,1.9058823529411764,24.790446405228757,76,2.210526315789474,28.13536951754386,108,1.4907407407407407,34.40908179012346,17,4.588235294117647,25.019584967320263,24,4.416666666666667,28.320336805555556,13,3.4615384615384617,34.57621794871795,6,6.833333333333333,25.198962962962963,7,6.857142857142857,28.504964285714287,1,6,34.97666666666667
13001,66,2.0303030303030303,24.089338269054178,65,2.0153846153846153,27.824767132867134,87,1.4827586206896552,34.372733716475096,11,5.7272727272727275,24.35557506887052,12,5.333333333333333,28.054155303030303,12,3.3333333333333335,34.59648611111111,7,7.285714285714286,24.418760822510823,8,6.5,28.171649621212122,1,5,34.432
13003,80,2.0375,24.026315625,81,2.0123456790123457,27.727873113854596,108,1.5092592592592593,34.3923225308642,18,4.666666666666667,24.243902777777777,16,5.375,27.95548263888889,14,4,34.594702380952384,6,7.5,24.483375000000002,7,8.285714285714286,28.181698412698413,5,5.6,34.705666666666666
13005,63,2.0952380952380953,24.166810245310245,67,1.9701492537313432,27.78860696517413,88,1.4659090909090908,34.35311931818182,14,4.928571428571429,24.357074675324675,12,5.416666666666667,27.99388888888889,11,3.5454545454545454,34.70359090909091,6,7.5,24.449285353535355,6,7.666666666666667,28.19013888888889,1,5,34.782
13007,77,2.090909090909091,24.274945165945166,70,2.342857142857143,27.838312811791383,106,1.528301886792453,34.3260534591195,17,4.764705882352941,24.493575163398692,15,6.4,28.032126455026454,12,3.5833333333333335,34.55013888888889,7,6.857142857142857,24.657730158730157,8,8.875,28.201799603174603,2,6,34.36333333333333
13009,68,2.3676470588235294,23.636696613939694,68,2.3970588235294117,27.78555316293184,112,1.4375,34.35790922619048,20,5.05,23.85451848739496,17,5.529411764705882,28.02368323996265,10,3.1,34.69408333333333,6,8.833333333333334,24.10006162464986,10,6.8,28.052678174603173,0,NA,NA
13011,66,2.4393939393939394,22.521948782698782,63,2.5555555555555554,26.853895502645504,101,1.5940594059405941,33.441559405940595,19,5.421052631578948,22.728611560953667,26,4.384615384615385,27.042708333333334,15,3.4,33.74816666666667,10,7.3,22.8111952991453,9,6.222222222222222,27.03300925925926,1,6,33.84
13013,69,2.3333333333333335,23.006474967061923,66,2.4545454545454546,27.110979256854257,101,1.603960396039604,33.575341584158416,20,5.15,23.188088636363638,26,4.1923076923076925,27.289024267399267,15,3.6,33.783966666666664,10,7,23.288427272727272,5,7.4,27.260259523809523,3,5.666666666666667,33.58177777777778
13015,71,2.2816901408450705,22.886263733918664,67,2.4477611940298507,27.024723625462432,111,1.4504504504504505,33.482216216216216,20,5,23.113986255411255,21,4.904761904761905,27.31935632885633,10,3.5,33.8701,10,6.4,23.151055844155845,7,7.714285714285714,27.345568986568985,2,5.5,33.86883333333333
13017,71,2.267605633802817,24.055234741784037,70,2.3142857142857145,27.583521790511078,111,1.4504504504504505,33.97235585585586,19,5.105263157894737,24.25456140350877,16,5.6875,27.83259533348596,14,3.5714285714285716,34.37367857142857,7,8.142857142857142,24.446666666666665,9,7.666666666666667,27.92313244471578,2,5.5,34.58283333333333
13019,79,2.050632911392405,24.111201125175807,73,2.2054794520547945,27.666014894542293,106,1.5188679245283019,34.139548742138366,19,4.842105263157895,24.29552046783626,17,5.235294117647059,27.874358076563958,14,3.7857142857142856,34.42658333333333,7,7.714285714285714,24.524865079365078,6,8.833333333333334,28.13304232804233,4,5.25,34.57033333333333
13021,70,2.3,23.565258843537414,62,2.629032258064516,27.74963613671275,102,1.5784313725490196,34.34269701213819,24,4.541666666666667,23.722629960317462,19,5.631578947368421,27.98565476190476,12,4.166666666666667,34.4779246031746,7,7.857142857142857,24.01508843537415,12,6.833333333333333,28.022008928571427,4,5.5,34.56335714285714
13023,72,2.3055555555555554,23.835540343915344,65,2.476923076923077,27.669720757020755,111,1.4504504504504505,34.0313018018018,19,5.473684210526316,24.09178446115288,18,5.611111111111111,27.87732495590829,10,3.8,34.40445,9,7.666666666666667,24.199507936507935,10,7.3,27.952851587301588,3,5.333333333333333,34.579
13025,69,1.8840579710144927,24.24281884057971,55,2.381818181818182,27.99479155844156,95,1.3578947368421053,34.64345614035088,14,4.428571428571429,24.476035714285715,13,5.538461538461538,28.187579670329672,5,4,35.06766666666667,4,7.25,24.596333333333334,7,7.285714285714286,28.29883843537415,2,5,35.22
13027,82,1.9878048780487805,24.271366531165313,67,2.4328358208955225,27.835434494195688,107,1.514018691588785,34.285769470404986,17,5,24.441297385620913,20,5,27.972455555555555,13,3.6153846153846154,34.50248717948718,7,7.571428571428571,24.57434126984127,8,7.625,28.209576388888888,3,5.666666666666667,34.89411111111111
13029,66,1.9545454545454546,24.655033287419652,57,2.280701754385965,28.154456140350877,88,1.4659090909090908,34.27589962121212,14,4.642857142857143,24.745871212121212,18,4.5,28.28688888888889,9,3.5555555555555554,34.487685185185185,5,7,24.955606060606062,7,6.714285714285714,28.508904761904763,1,5,35.58
13031,84,1.9166666666666667,24.11174265615337,73,2.232876712328767,27.68531129258869,103,1.5631067961165048,33.903907766990294,19,4.684210526315789,24.256914900888585,18,4.833333333333333,27.888484686609686,13,3.5384615384615383,34.425961538461536,9,6.333333333333333,24.37154256854257,8,6.625,28.036278044871793,2,5,34.435
13033,63,2.5714285714285716,23.93599644403216,68,2.411764705882353,27.66248478482302,103,1.5631067961165048,34.031448220064725,24,4.791666666666667,24.004490665584417,18,5.277777777777778,27.86910918710919,13,3.8461538461538463,34.31647435897436,9,7.222222222222222,24.117345478595478,10,6.7,27.829229870129872,4,5.25,34.232083333333335
13035,70,2.342857142857143,23.310754936729936,63,2.5555555555555554,27.49477418745276,114,1.4385964912280702,34.06169736842105,17,5.9411764705882355,23.482814445358564,23,4.739130434782608,27.629164078674947,12,3.4166666666666665,34.14570833333333,7,9.857142857142858,23.49647793872794,11,6.2727272727272725,27.8271158008658,1,5,33.666
13037,75,2.1466666666666665,24.190328677248676,61,2.721311475409836,27.870105646630236,106,1.5188679245283019,34.38239779874214,17,4.9411764705882355,24.422626517273578,17,6,28.042437908496733,14,3.0714285714285716,34.61244047619048,8,6.75,24.564123015873015,9,8.222222222222221,28.20191975308642,0,NA,NA
13039,69,1.9130434782608696,24.826815965033354,56,2.3392857142857144,28.22692857142857,89,1.4719101123595506,34.621983146067414,13,4.923076923076923,25.026177045177043,15,5.2,28.3982,10,4,34.90965,6,6.666666666666667,25.0808835978836,7,7.285714285714286,28.488761904761905,3,5.333333333333333,35.364666666666665
13043,86,1.8953488372093024,24.14489977851606,72,2.25,27.653504896723646,103,1.5631067961165048,33.80009223300971,18,4.666666666666667,24.332854497354496,17,5.0588235294117645,27.85543250377074,15,3.8,34.201633333333334,7,6.571428571428571,24.52995918367347,8,6.875,27.959773237179487,4,5.25,34.18216666666667
13045,74,2.175675675675676,22.55882836082836,75,2.16,26.692117142857143,111,1.4504504504504505,33.31718468468468,16,5.3125,22.76145616883117,21,4.571428571428571,26.986132653061226,14,3.142857142857143,33.74339285714286,7,8.142857142857142,22.989756957328385,7,6.428571428571429,27.129707482993197,0,NA,NA
13047,68,2.3676470588235294,22.754298669467786,72,2.236111111111111,27.126832341269843,103,1.5631067961165048,33.45883656957929,21,5.142857142857143,22.990109977324263,24,4.291666666666667,27.39028869047619,13,4,33.78078205128205,11,6.7272727272727275,23.05983116883117,7,6.142857142857143,27.529204081632653,3,5.333333333333333,34.20477777777778
13049,89,1.8089887640449438,24.201184144818978,68,2.3823529411764706,27.944326330532213,108,1.537037037037037,34.583243827160494,16,4.5,24.451899305555557,17,5.352941176470588,28.1805406162465,12,4.083333333333333,34.75377777777778,5,7,24.60341111111111,8,7.75,28.229169642857144,4,5.75,34.94675
13051,67,2,25.026014925373133,57,2.280701754385965,28.25287990810359,86,1.5,33.836492248062015,15,4.533333333333333,25.118866666666666,17,4.647058823529412,28.4767149859944,9,4.111111111111111,34.19425925925926,5,6.6,25.3156,7,6.857142857142857,28.60690306122449,3,5.666666666666667,34.42777777777778
13053,69,2.3333333333333335,23.65898409974211,71,2.3098591549295775,27.71088026196394,102,1.5784313725490196,34.21991503267974,14,6.571428571428571,23.938207348728966,17,5.588235294117647,27.95544109408469,16,3.5625,34.48195833333333,9,8.333333333333334,24.06906328320802,9,7.555555555555555,28.014907251789605,2,5,34.744
13055,73,2.2465753424657535,22.87326989220825,78,2.08974358974359,27.244050976800978,109,1.4862385321100917,33.70857033639144,17,5.529411764705882,23.07668836065895,24,4.083333333333333,27.552957341269842,11,3.3636363636363638,34.147651515151516,10,7.1,23.128620213120215,6,5.666666666666667,27.783079365079367,0,NA,NA
13057,67,2.417910447761194,22.67526697680429,64,2.5625,26.753918797348486,109,1.4770642201834863,33.09160550458716,21,4.9523809523809526,22.875375592661307,25,4.48,26.98683212121212,15,3.3333333333333335,33.39066666666667,11,6.363636363636363,22.929050373868556,8,6.875,27.043017045454544,2,5.5,33.401666666666664
13059,68,2.3823529411764706,23.08401032913165,70,2.3142857142857145,27.296254081632654,104,1.5576923076923077,33.931501602564104,19,5.526315789473684,23.27040538847118,23,4.3478260869565215,27.54620807453416,13,4,34.205858974358975,11,7,23.289866883116883,6,6.666666666666667,27.45254761904762,4,5.75,33.98175
13061,72,2.236111111111111,24.294887973137975,65,2.5076923076923077,27.954674053724055,102,1.5784313725490196,34.31575513538749,16,5.6875,24.54605837912088,19,5.368421052631579,28.150727025898078,16,3.5,34.55106398809524,10,7.1,24.690860073260072,9,7.666666666666667,28.31042372134039,1,7,34.51285714285714
13063,72,2.236111111111111,22.929246613340364,64,2.515625,26.899387152777777,106,1.5377358490566038,33.47779424977538,16,5.625,23.115047260031634,21,5,27.147656084656084,13,3.923076923076923,33.57355311355311,7,8.571428571428571,23.28570326102469,10,6.8,27.24632777777778,2,6.5,33.328095238095244
13065,80,2.0125,24.076736458333333,73,2.219178082191781,27.903410415307675,112,1.4375,34.52975297619048,19,4.578947368421052,24.290206140350875,18,5.166666666666667,28.08188668430335,11,4.090909090909091,34.81157575757576,5,8,24.518783333333335,8,7.625,28.229036706349206,4,6,35.01016666666666
13067,72,2.236111111111111,22.726652613590115,64,2.5625,26.773577256944446,106,1.5188679245283019,33.291684636118596,19,5.052631578947368,22.95152569360464,25,4.6,27.002757777777777,13,3.769230769230769,33.51450549450549,7,7.857142857142857,23.018069739784025,9,6.777777777777778,27.149604938271604,2,6.5,33.35428571428571
13069,75,2.1466666666666665,24.047842962962964,83,1.9759036144578312,27.660327309236948,109,1.4770642201834863,34.19954892966361,19,4.7894736842105265,24.257538011695907,16,5.3125,27.893885416666667,13,3.769230769230769,34.6200641025641,8,7,24.384777777777778,6,8.833333333333334,28.155083333333334,2,6,34.46
13071,74,2.175675675675676,24.27119658944659,65,2.4923076923076923,27.628461178587493,110,1.4727272727272727,33.930763636363636,15,5.6,24.41823650793651,19,5.421052631578948,27.751577716220375,12,3.75,34.31033333333333,7,8.428571428571429,24.57288775510204,8,8.625,27.95312207602339,4,5.25,34.202666666666666
13073,73,2.2054794520547945,23.906345890410957,66,2.4393939393939394,27.79694166775985,103,1.5631067961165048,34.04250809061489,19,4.947368421052632,24.135960526315788,21,4.9523809523809526,27.995150003435718,11,4.363636363636363,34.40893939393939,7,7.285714285714286,24.194035714285715,7,8,27.929497629354774,4,6.25,34.26020833333333
13075,80,2.025,24.231615476190477,71,2.2816901408450705,27.68465951263134,104,1.5673076923076923,34.04001602564102,16,5.125,24.42338988095238,18,5,27.8561569664903,14,3.7857142857142856,34.31190476190476,6,8.5,24.66570634920635,7,8,28.114165532879817,5,5.2,34.38333333333333
13077,77,2.142857142857143,22.89371620803439,66,2.4696969696969697,26.938905723905723,110,1.4727272727272727,33.5861696969697,16,5.625,23.1285092511655,21,5.0476190476190474,27.1739417989418,14,3.4285714285714284,33.766690476190476,8,7.875,23.296289335664337,10,6.8,27.298277777777777,2,5,33.726
13079,69,2.3333333333333335,23.435608695652174,55,2.963636363636364,27.52448041958042,104,1.5576923076923077,34.10556204212454,23,4.695652173913044,23.597478260869565,21,5.666666666666667,27.703639194139193,15,3.6666666666666665,34.28023015873016,8,7.625,23.809833333333334,12,7.166666666666667,27.75213247863248,2,6,34.29714285714286
13081,70,2.342857142857143,24.19185731292517,58,2.810344827586207,27.674563218390805,110,1.4727272727272727,34.0119106060606,19,5.315789473684211,24.371053258145363,20,5.45,27.864983333333335,9,3.6666666666666665,34.33390740740741,8,8.125,24.494688988095238,10,7.6,27.964716666666668,2,5.5,34.3955
13083,70,2.3142857142857145,22.23395068027211,74,2.175675675675676,26.56256805019305,103,1.5631067961165048,32.930807443365694,21,5.0476190476190474,22.536502267573695,23,4.3478260869565215,26.862827639751554,13,3.8461538461538463,33.284089743589746,10,7,22.48990476190476,7,6,27.009528911564626,2,5,33.747
13085,68,2.3676470588235294,22.244236408199644,65,2.476923076923077,26.54733547008547,105,1.5333333333333334,32.751958730158734,21,5,22.41776551226551,23,4.521739130434782,26.794426328502414,16,3.4375,33.12566666666667,10,6.7,22.526307575757574,7,6.857142857142857,26.857757936507937,2,5,33.357
13087,77,2.103896103896104,24.53959077790896,74,2.189189189189189,27.962404654654655,116,1.4310344827586208,34.196370689655176,14,5.5,24.749534992784994,19,5,28.15462865497076,11,4,34.599909090909094,8,7.25,24.838665404040405,8,7.5,28.41276388888889,5,5.2,34.601800000000004
13089,78,2.0641025641025643,22.902424728049727,60,2.716666666666667,26.81835925925926,109,1.4954128440366972,33.222522935779814,16,5.375,23.158695549242424,26,4.5,26.978713675213676,13,3.6153846153846154,33.42769230769231,9,6.888888888888889,23.237310606060607,8,7.125,27.142277777777778,2,6,33.2775
13091,70,2.3142857142857145,23.968056277056277,67,2.462686567164179,27.67881988865198,108,1.4907407407407407,34.152700396825395,19,5.157894736842105,24.176259968102073,17,5.882352941176471,27.89093720821662,11,3.909090909090909,34.46514935064935,7,8,24.262229437229436,9,8.333333333333334,28.037048059964725,3,6,34.61026984126984
13093,68,2.3823529411764706,23.980662464985993,57,2.824561403508772,27.637804511278194,111,1.4504504504504505,33.95298648648649,20,5.1,24.20975238095238,19,5.684210526315789,27.840255639097744,10,3.8,34.23165,8,7.75,24.335630952380953,11,7.454545454545454,27.930820346320345,2,5.5,34.37116666666667
13095,79,2.0632911392405062,24.13316325095439,63,2.5714285714285716,27.851522612748802,104,1.5480769230769231,34.376426282051284,17,4.9411764705882355,24.391758636788047,16,6.3125,28.072870287698414,13,3.923076923076923,34.66871794871795,8,6.5,24.53946626984127,9,8.88888888888889,28.21065828924162,3,7,34.715555555555554
13097,74,2.189189189189189,22.724747940122942,67,2.4029850746268657,26.78598134328358,110,1.481818181818182,33.3810303030303,18,5.277777777777778,22.901741531616533,21,5,27.024083333333333,16,3.25,33.599895833333335,8,7.5,22.998085112803864,9,6.888888888888889,27.13600925925926,0,NA,NA
13099,71,2.267605633802817,24.34569953051643,66,2.4696969696969697,27.939203463203462,113,1.4336283185840708,34.42126696165192,20,4.8,24.543983333333333,21,5,28.085353741496597,13,3.4615384615384617,34.6556282051282,9,6.666666666666667,24.71162962962963,9,7.444444444444445,28.259436507936506,2,5.5,34.542
13101,74,2.175675675675676,24.217313813813814,70,2.357142857142857,27.914887925170067,108,1.5,34.49556327160494,16,5.25,24.42445138888889,19,5.2105263157894735,28.098271303258144,10,4.2,34.755583333333334,6,8.333333333333334,24.55562037037037,10,7.1,28.19904880952381,3,6,34.97666666666667
13103,69,1.8840579710144927,24.358716042411693,61,2.180327868852459,28.123214480874317,85,1.5176470588235293,34.59572549019608,13,4.615384615384615,24.478569763569762,19,4.2105263157894735,28.220320175438598,10,3.8,34.777166666666666,5,7.2,24.600281385281384,6,6.5,28.48851388888889,3,5.333333333333333,35.01444444444445
13105,68,2.3676470588235294,23.50171393557423,67,2.417910447761194,27.585180138269692,111,1.4864864864864864,34.0647987987988,21,4.761904761904762,23.66174036281179,23,4.478260869565218,27.72508996800301,13,3.8461538461538463,34.285589743589746,10,6.6,23.77707142857143,6,7.166666666666667,27.724233766233766,3,5.666666666666667,33.958666666666666
13107,77,2.103896103896104,23.989740765727777,69,2.36231884057971,27.645555648457822,101,1.5940594059405941,33.90496699669967,16,5.375,24.174689935064936,15,5.733333333333333,27.870889316239317,14,3.642857142857143,34.26190476190476,8,7.625,24.27750487012987,9,7.222222222222222,27.914722934472934,3,5.333333333333333,34.38666666666667
13109,83,2,24.151941245501487,73,2.232876712328767,27.725069634703196,107,1.5046728971962617,33.95540965732087,18,4.888888888888889,24.33589574314574,19,4.947368421052632,27.887109649122806,14,3.4285714285714284,34.36777380952381,8,7,24.53399458874459,8,7.25,28.084802083333333,1,5,34.298
13111,62,2.0806451612903225,20.92327534562212,55,2.381818181818182,25.44500404040404,77,1.6753246753246753,31.60441341991342,16,4.75,21.156754464285715,19,4.368421052631579,25.692380116959065,13,4.076923076923077,31.996910256410256,6,7,21.28592857142857,6,6.666666666666667,25.886425925925927,4,6.25,32.1435
13113,75,2.1733333333333333,22.904126372516373,63,2.5555555555555554,26.91839197530864,111,1.4504504504504505,33.52114864864865,16,5.6875,23.143717371170496,22,4.909090909090909,27.127440656565657,14,3.2857142857142856,33.60017857142857,8,8.125,23.235143075674326,10,6.8,27.25778611111111,0,NA,NA
13115,78,2.08974358974359,22.960844405594404,72,2.25,27.1462137345679,108,1.4907407407407407,33.63534259259259,18,5.055555555555555,23.204214646464646,21,4.571428571428571,27.4379708994709,10,3.5,33.9677,8,7.25,23.257712121212123,6,7.333333333333333,27.543175925925926,2,5,34.135999999999996
13117,67,2.4925373134328357,22.564952736318407,65,2.476923076923077,26.647029848783696,102,1.588235294117647,32.907186274509804,20,5.45,22.75809166666667,23,4.521739130434782,26.895301746562616,16,3.625,33.10425,11,7,22.864257575757577,7,7,26.956229548229548,2,5.5,33.01566666666666
13119,62,2.596774193548387,23.04385453614486,71,2.323943661971831,27.16132785602504,100,1.62,33.66368095238095,22,5.045454545454546,23.173590056408237,23,4.3478260869565215,27.393229468599035,16,3.625,33.86394345238095,9,7.555555555555555,23.309794211960877,8,6.25,27.382930555555554,2,6.5,33.965714285714284
13121,72,2.236111111111111,22.7994445496633,61,2.6557377049180326,26.800603825136612,103,1.5631067961165048,33.22911303744799,17,5.647058823529412,23.015588680926918,24,4.625,27.004243055555555,14,3.857142857142857,33.391688775510204,8,8.125,23.103438446969697,8,7,27.143979166666668,3,6,33.20538095238095
13123,62,2.6451612903225805,21.56323700716846,65,2.476923076923077,25.990384615384617,102,1.588235294117647,32.04304318394024,20,5.55,21.731784722222223,24,4.375,26.257916666666667,14,3.9285714285714284,32.430743197278915,14,6.571428571428571,21.80576388888889,7,6.571428571428571,26.47809523809524,4,5.75,32.76614285714285
13125,70,2.3285714285714287,23.711936688311688,67,2.462686567164179,27.601676616915423,107,1.5046728971962617,34.04609034267913,24,4.5,23.855648674242424,20,5.15,27.775616666666668,12,3.75,34.28930555555556,7,6.571428571428571,24.04055735930736,10,7,27.822483333333334,2,6.5,34.454166666666666
13127,65,2.0153846153846153,25.04997136752137,57,2.263157894736842,28.10736695906433,79,1.6455696202531647,33.878343580470165,14,5.071428571428571,25.19165277777778,16,4.875,28.275307291666667,13,3.8461538461538463,34.07108791208791,7,7,25.31009126984127,7,6.857142857142857,28.37332142857143,4,5.5,34.124785714285714
13129,67,2.4029850746268657,22.84590863862506,67,2.4029850746268657,27.154734660033167,114,1.456140350877193,33.41608479532164,18,5.611111111111111,23.046159932659933,23,4.391304347826087,27.381183574879227,13,3.4615384615384617,33.86758974358974,11,6.909090909090909,23.047201101928376,7,6.714285714285714,27.518174603174604,3,5,34.02733333333333
13131,80,2.0375,24.31036937229437,72,2.236111111111111,27.773842592592594,108,1.4907407407407407,34.1608024691358,15,5.066666666666666,24.51630331890332,17,5.588235294117647,27.944803921568628,14,3.5714285714285716,34.51690476190476,8,6.875,24.614735389610388,7,9.142857142857142,28.20904761904762,4,5,34.5525
13133,61,2.6557377049180326,23.64276385636222,68,2.3823529411764706,27.630168417366946,110,1.4636363636363636,34.06852489177489,21,5.333333333333333,23.810171201814057,21,4.809523809523809,27.816259637188207,11,3.5454545454545454,34.32752164502165,12,6.75,23.905438492063492,9,6.666666666666667,27.86599470899471,1,7,34.10857142857143
13135,76,2.1447368421052633,22.82969571656414,59,2.7288135593220337,26.85750107613667,108,1.5185185185185186,33.24793209876543,17,5.470588235294118,23.08305143875732,24,4.666666666666667,27.03552347883598,13,3.923076923076923,33.47589743589744,10,7,23.11310411255411,6,8.333333333333334,27.100843915343916,4,5.75,33.30291666666667
13137,56,2.3214285714285716,21.894548894557822,54,2.4074074074074074,26.367980459355458,89,1.4606741573033708,32.93492322097378,16,5.0625,22.01029613095238,18,4.5,26.54977471139971,10,3.4,33.25631666666667,7,7.428571428571429,22.096034013605443,5,7.2,26.664688961038962,1,5,33.394
13139,71,2.2816901408450705,22.410724071702944,66,2.4393939393939394,26.600983164983166,103,1.5728155339805825,32.99632362459547,19,5.2105263157894735,22.62296889952153,21,4.666666666666667,26.875708994708994,14,3.642857142857143,33.27295238095238,9,7.222222222222222,22.71950841750842,5,8,26.90097777777778,1,5,33.378
13141,74,2.189189189189189,23.631441660816662,66,2.4393939393939394,27.684354256854256,110,1.4636363636363636,34.0840303030303,20,4.7,23.831084145021645,19,5.2631578947368425,27.87802005012531,9,3.7777777777777777,34.431481481481484,7,7.142857142857143,24.03821660482375,9,7.333333333333333,27.8846164021164,3,5.333333333333333,33.98888888888889
13143,80,2.025,22.564055573593073,75,2.2133333333333334,26.70576328042328,106,1.5188679245283019,33.286554357592095,15,5.133333333333334,22.828296392496394,20,4.95,26.9763623015873,14,3.7142857142857144,33.49141156462585,6,8.166666666666666,22.97212987012987,10,6.5,27.12889126984127,2,6,33.455714285714286
13145,71,2.295774647887324,23.3331948493192,75,2.1466666666666665,27.437385380116957,107,1.5046728971962617,33.86128816199377,15,6.333333333333333,23.645455620110884,18,5.166666666666667,27.667439083820664,15,3.3333333333333335,34.10752222222222,8,9,23.742104287707907,8,7.375,27.788717105263157,1,5,34.202
13147,65,2.5076923076923077,23.42610128205128,70,2.357142857142857,27.40311179138322,107,1.514018691588785,33.72588785046729,22,5,23.54075378787879,22,4.5,27.5803556998557,15,3.533333333333333,33.909666666666666,9,7.333333333333333,23.649527777777777,6,6.833333333333333,27.544637566137567,2,5.5,33.843333333333334
13149,76,2.1315789473684212,23.073284489633174,74,2.2027027027027026,27.09418747318747,115,1.4260869565217391,33.535857971014494,14,6.071428571428571,23.363901515151515,17,5.470588235294118,27.38528664799253,15,3.3333333333333335,33.79057777777778,7,9,23.507564935064934,10,6.7,27.458570634920633,1,5,33.702
13151,72,2.25,23.064189717689718,62,2.6129032258064515,27.006271697388634,114,1.412280701754386,33.529173976608185,16,5.75,23.23760372960373,23,4.739130434782608,27.20494979296066,12,3.4166666666666665,33.62048611111111,7,8.714285714285714,23.437856143856145,9,6.888888888888889,27.334871693121695,1,6,33.435
13153,66,2.4393939393939394,23.7263177008177,60,2.683333333333333,27.749894246031747,102,1.5784313725490196,34.233910130718954,20,5.3,23.96009841269841,19,5.631578947368421,27.997560776942358,16,3.6875,34.411177083333335,9,7.777777777777778,24.090126102292768,12,6.75,27.994610119047618,4,5,34.4795
13155,79,2.0632911392405062,24.067383371199828,68,2.3676470588235294,27.541658954607485,110,1.4727272727272727,33.84140606060606,17,5.176470588235294,24.28666390145802,16,5.6875,27.768613057081808,15,3.6666666666666665,34.230644444444444,7,8,24.45273137973138,9,7.666666666666667,27.87577506444173,3,5.333333333333333,34.23433333333333
13157,71,2.2816901408450705,22.95969014084507,69,2.391304347826087,27.122687888198758,95,1.694736842105263,33.68843859649123,19,5.2105263157894735,23.173052631578948,25,4.36,27.35021857142857,17,3.4705882352941178,33.87892156862745,9,7.333333333333333,23.256537037037038,6,7,27.299521825396823,2,5.5,33.829166666666666
13159,57,2.263157894736842,23.487507594744436,51,2.5294117647058822,27.687669934640525,94,1.3936170212765957,34.247393617021274,13,5.923076923076923,23.720610223110224,18,4.722222222222222,27.804787037037038,7,3.7142857142857144,34.53214285714286,7,7.857142857142857,23.67089517625232,8,6.375,27.824520833333334,1,6,33.74666666666667
13161,61,2.1147540983606556,24.20677056277056,68,1.9705882352941178,27.843489081996434,90,1.4333333333333333,34.47275,13,5.153846153846154,24.4652311022311,13,5.230769230769231,28.11094289044289,13,3.230769230769231,34.746730769230766,6,7.333333333333333,24.486334054834053,8,6.375,28.261636363636363,0,NA,NA
13163,66,2.4393939393939394,23.904765643447462,64,2.53125,27.649796841179654,107,1.5046728971962617,33.98673831775701,22,4.909090909090909,24.016115112160566,20,5.1,27.809349891774893,13,3.3846153846153846,34.30238461538462,8,7.375,24.19244155844156,11,6.7272727272727275,27.91442404565132,2,5,34.352999999999994
13165,72,2.263888888888889,24.07593913840789,69,2.3768115942028984,27.728099033816424,101,1.5940594059405941,34.03413366336633,17,5.352941176470588,24.198389292080467,17,5.176470588235294,27.95728431372549,15,3.7333333333333334,34.457166666666666,9,6.777777777777778,24.290939033189034,8,7,28.009229166666668,3,5,34.67333333333333
13167,72,2.25,23.848376893939395,65,2.476923076923077,27.65175025359256,105,1.5333333333333334,33.99950634920635,18,5.222222222222222,24.031007575757577,16,5.9375,27.85148540521978,10,3.8,34.348816666666664,9,7.222222222222222,24.144700336700335,12,6.833333333333333,27.947466651404152,2,5.5,34.44616666666667
13169,57,2.263157894736842,23.560630135945924,55,2.3454545454545452,27.765169696969696,94,1.3829787234042554,34.349627659574466,15,5.133333333333334,23.822394516594517,17,4.764705882352941,27.94643137254902,5,3.6,34.711,5,8.6,23.945516883116884,7,6.714285714285714,28.05538095238095,0,NA,NA
13171,75,2.2,23.06695078605605,61,2.6885245901639343,27.279053278688526,107,1.5046728971962617,33.876257231864706,18,5.277777777777778,23.296461608566872,24,4.75,27.427802083333333,11,3.727272727272727,34.063593073593076,6,9.333333333333334,23.35021815903395,11,6.363636363636363,27.588992424242424,1,7,34.082857142857144
13173,82,1.9878048780487805,24.097378048780488,72,2.263888888888889,27.795745149911816,110,1.481818181818182,34.38424545454546,17,4.882352941176471,24.30529411764706,19,5.052631578947368,27.983086883876357,13,3.769230769230769,34.60476923076923,7,7.285714285714286,24.494285714285713,7,8.285714285714286,28.195521541950114,4,5.25,34.8505
13175,72,2.2916666666666665,23.988575156325158,67,2.4477611940298507,27.732254021247147,104,1.5576923076923077,34.034326923076925,19,5.157894736842105,24.21012690817954,16,6.125,27.96537621397243,10,3.9,34.44,8,7.375,24.285093073593075,10,7.8,28.095435275689223,2,6,34.57416666666667
13177,75,2.16,24.118732169312167,64,2.515625,27.79133451140873,107,1.514018691588785,34.275978193146415,18,4.888888888888889,24.359995149911818,15,6.533333333333333,28.018693915343917,12,3.6666666666666665,34.50913888888889,9,6.333333333333333,24.46304585537919,9,8.88888888888889,28.1485639329806,3,5.666666666666667,34.481
13179,69,1.8695652173913044,24.334847167325428,59,2.1864406779661016,28.125908192090396,89,1.4719101123595506,34.58822097378277,13,4.6923076923076925,24.509573426573425,15,4.8,28.295905555555557,11,3.4545454545454546,34.821969696969695,6,6.5,24.61240909090909,6,7.333333333333333,28.500597222222222,1,6,35.361666666666665
13181,75,2.16,24.09072814814815,65,2.476923076923077,27.958386913086912,112,1.4375,34.11577380952381,19,4.7368421052631575,24.299979532163743,21,4.857142857142857,28.101435683364254,8,4.625,34.522708333333334,7,7,24.32911111111111,8,7.125,28.11376866883117,3,7,34.325
13183,67,1.9253731343283582,24.196015636105187,61,2.1475409836065573,28.050052823315117,92,1.423913043478261,34.604402173913044,14,4.357142857142857,24.363431972789115,15,4.733333333333333,28.21654814814815,8,3.375,34.9825,5,6.6,24.602942857142857,6,7.166666666666667,28.433037037037035,0,NA,NA
13185,77,2.090909090909091,24.193549062049062,69,2.3333333333333335,27.827724580170234,110,1.4727272727272727,34.33927121212121,17,5.0588235294117645,24.350192810457518,18,5.222222222222222,28.018777557319225,10,3.8,34.653983333333336,7,7.857142857142857,24.495944444444444,9,7.333333333333333,28.166351410934745,3,5.333333333333333,35.007444444444445
13187,73,2.219178082191781,21.945591427978414,64,2.515625,26.38363888888889,101,1.5940594059405941,32.60824917491749,21,4.809523809523809,22.12491305916306,21,4.761904761904762,26.594185185185186,18,3.4444444444444446,32.96795370370371,9,6.777777777777778,22.253408249158248,7,6.857142857142857,26.66279365079365,2,5,33.387
13189,72,2.25,23.725692655723908,68,2.3676470588235294,27.633616914947797,105,1.5523809523809524,34.06946961451247,22,4.590909090909091,23.897266873278237,21,4.857142857142857,27.845283343640485,13,3.923076923076923,34.250331501831504,7,6.571428571428571,24.066410173160172,7,8,27.883469078540507,4,5.75,34.12336904761905
13191,68,1.911764705882353,25.162229575163398,60,2.15,28.116919576719578,83,1.5542168674698795,33.64838955823293,14,4.428571428571429,25.298329365079365,17,4.588235294117647,28.29677497665733,13,3.6153846153846154,34.029333333333334,6,6,25.490407407407407,6,7,28.431695767195766,3,5,34.22933333333333
13193,72,2.236111111111111,23.82580324074074,58,2.810344827586207,27.653918103448277,102,1.5784313725490196,34.11564215686275,20,4.75,24.031891666666667,21,5.476190476190476,27.870345238095236,14,3.857142857142857,34.416821428571424,7,7.714285714285714,24.21909523809524,11,7.363636363636363,27.91944696969697,3,5.333333333333333,34.330999999999996
13195,71,2.267605633802817,23.132665325285043,70,2.3,27.332228246753246,101,1.5940594059405941,33.92005209806695,20,4.85,23.349961904761905,25,4.2,27.54183909090909,15,3.533333333333333,34.10535079365079,10,6.5,23.439590476190475,7,6.285714285714286,27.513711038961038,2,6,33.96971428571429
13197,76,2.1184210526315788,23.3736757518797,68,2.3823529411764706,27.360853291316527,105,1.5333333333333334,34.004238095238094,17,5.352941176470588,23.588785714285716,18,5.444444444444445,27.616279100529102,14,3.5714285714285716,34.238214285714285,8,7.625,23.699815476190476,8,8,27.764127976190476,1,5,34.43
13199,69,2.36231884057971,23.050294340924776,64,2.53125,27.142944568452382,112,1.4375,33.61837797619047,18,5.5,23.270850529100528,20,5,27.32817261904762,11,3.5454545454545454,33.822575757575756,8,8.25,23.44316369047619,9,6.888888888888889,27.53445767195767,2,5,33.875
13201,75,2.1466666666666665,24.467581904761904,71,2.3098591549295775,27.895650793650795,115,1.4,34.21295652173913,20,4.6,24.632182142857143,20,5.1,28.03631031746032,10,3.3,34.6285,8,6.625,24.83785119047619,7,8.714285714285714,28.298267573696144,1,6,34.13166666666667
13205,77,2.116883116883117,24.258911667697383,73,2.232876712328767,27.706964883670363,102,1.5784313725490196,34.098083333333335,16,5,24.453512400793652,14,6.142857142857143,27.928816893424035,17,3.5294117647058822,34.269970588235296,8,6.75,24.5523373015873,7,9.142857142857142,28.14013378684807,3,5.333333333333333,34.45511111111111
13207,59,2.1864406779661016,23.54813526304204,53,2.452830188679245,27.766641509433963,93,1.3870967741935485,34.31421146953405,13,5.769230769230769,23.850383116883116,18,4.666666666666667,27.941222222222223,7,4,34.43238095238095,4,11,23.880203463203465,7,6.571428571428571,28.06195238095238,2,5,34.39
13209,77,2.116883116883117,24.055593692022263,75,2.1733333333333333,27.756096666666668,108,1.5,34.19372420634921,18,4.833333333333333,24.27670634920635,16,5.5,27.982953125,12,4,34.47226785714286,7,7.285714285714286,24.47891156462585,8,7.625,28.210489583333334,3,6,34.43768253968254
13211,69,2.347826086956522,23.3469384057971,65,2.476923076923077,27.445552564102563,101,1.6237623762376239,33.986937529467234,19,5.473684210526316,23.54125,21,4.809523809523809,27.646472222222222,16,3.875,34.1575431547619,8,8.375,23.63515625,10,6.4,27.664091666666668,5,5.6,33.835638095238096
13213,64,2.53125,22.745551649305554,67,2.4029850746268657,27.080160033167495,102,1.5784313725490196,33.15266339869281,19,5.684210526315789,22.89106871345029,25,4.16,27.27802888888889,10,4.1,33.59916666666667,13,6.6923076923076925,22.974831196581196,7,6,27.57284126984127,4,5.25,33.83166666666666
13215,70,2.357142857142857,23.5725610267552,70,2.3,27.763979591836733,104,1.5480769230769231,34.26015384615385,14,6.785714285714286,23.874590848061715,16,5.8125,27.998660714285716,15,3.533333333333333,34.623733333333334,9,8.666666666666666,24.02001168957748,8,8.125,28.09388392857143,2,5,34.813
13217,78,2.08974358974359,23.157528846153845,61,2.6557377049180326,27.208593806921677,106,1.5377358490566038,33.7086320754717,19,4.894736842105263,23.37038157894737,22,5,27.388828282828282,15,3.6666666666666665,33.94766666666667,7,7.714285714285714,23.537583333333334,10,7,27.494588888888888,3,5.333333333333333,33.69777777777778
13219,70,2.3142857142857145,23.090560544217688,69,2.36231884057971,27.270790200138027,103,1.5631067961165048,33.91168932038835,19,5.315789473684211,23.277328320802006,24,4.291666666666667,27.494980158730158,15,3.6,34.12193333333333,10,6.9,23.331840476190475,6,6.666666666666667,27.41061507936508,3,5.666666666666667,34.00577777777777
13221,69,2.36231884057971,23.25660962467484,73,2.2054794520547945,27.416615608136155,101,1.5940594059405941,34.00966886688669,17,5.647058823529412,23.495650829562592,23,4.217391304347826,27.659258234519104,13,4.153846153846154,34.22511965811966,10,7.3,23.57860641025641,7,6,27.6111341991342,4,6.5,34.07538888888889
13223,72,2.25,22.697198374542126,69,2.36231884057971,26.77008896940419,113,1.424778761061947,33.30382722292457,19,5.105263157894737,22.872804366685944,24,4.375,27.025255787037036,12,3.5,33.56520634920635,8,7.5,22.978535370879122,8,6.125,27.176288194444446,2,6,33.61457142857142
13225,68,2.3823529411764706,23.56688795518207,58,2.810344827586207,27.514550371563303,105,1.542857142857143,34.015774603174606,20,5.25,23.78566904761905,21,5.571428571428571,27.727805788127217,17,3.411764705882353,34.23713725490196,9,7.777777777777778,23.891949735449735,12,7.083333333333333,27.78602124033374,1,5,34.007999999999996
13227,60,2.7,21.95343585858586,63,2.5714285714285716,26.268324514991182,104,1.5673076923076923,32.46175641025641,20,5.6,22.101057575757576,25,4.48,26.497977777777777,15,3.6666666666666665,32.90551111111111,12,7,22.182804292929294,7,6.857142857142857,26.71623015873016,3,5.666666666666667,32.79033333333333
13229,79,2.088607594936709,24.061882911392406,74,2.2162162162162162,27.766189081939082,117,1.393162393162393,34.42889031339031,18,4.944444444444445,24.244930555555555,19,4.947368421052632,27.961210108604845,10,4,34.67751666666666,6,8.166666666666666,24.349097222222223,7,8,28.110903628117914,2,5.5,34.834666666666664
13231,74,2.2027027027027026,23.000833084708084,60,2.7,27.1853748015873,106,1.5188679245283019,33.7754858490566,17,5.529411764705882,23.24333225108225,22,5.045454545454546,27.33965854978355,14,3.357142857142857,33.86725,8,8,23.337914366883115,12,6.25,27.440762896825397,1,5,33.644
13233,77,2.103896103896104,22.917787653904536,70,2.3,27.005098696145126,105,1.542857142857143,33.45336984126984,17,5.176470588235294,23.140861726508785,21,4.714285714285714,27.312471844293274,11,3.8181818181818183,33.6285303030303,8,7.375,23.272039502164503,8,6.625,27.394821924603175,3,5.666666666666667,33.644333333333336
13235,71,2.267605633802817,24.042991616364855,62,2.6129032258064515,27.751762288786484,110,1.4727272727272727,34.11706363636364,20,5.2,24.255620238095236,18,5.722222222222222,27.986625661375662,11,3.8181818181818183,34.28609090909091,8,7.75,24.31207142857143,11,7.2727272727272725,28.081599567099566,3,5.333333333333333,34.65122222222222
13237,67,2.462686567164179,23.679498756218905,67,2.4029850746268657,27.810411336176262,112,1.4375,34.24653422619048,21,5.095238095238095,23.88911507936508,22,4.7727272727272725,27.970116341991343,12,3.3333333333333335,34.57306944444444,10,6.9,24.033225,9,6.555555555555555,28.036858465608464,1,5,34.256
13239,70,2.3285714285714287,24.24085716856243,62,2.596774193548387,28.126273745519715,97,1.690721649484536,34.432191703485515,16,6.1875,24.48562511246064,22,4.863636363636363,28.296544191919192,19,3.8947368421052633,34.651715538847114,7,10,24.697262161814795,9,6.888888888888889,28.452385802469134,5,5.8,34.80068571428571
13241,58,2.2586206896551726,20.176795977011494,50,2.6,24.898940793650794,87,1.4827586206896552,31.52764367816092,15,5.133333333333334,20.322277777777778,17,4.647058823529412,25.162767040149394,12,3.25,31.8175,6,8,20.43736111111111,7,6.714285714285714,25.252791383219954,1,5,31.8
13243,69,2.3333333333333335,23.99869024614677,57,2.824561403508772,27.714869883040937,109,1.4862385321100917,34.23904434250765,16,5.8125,24.187476686507935,17,6.294117647058823,27.904269607843137,14,3.2857142857142856,34.49684523809524,9,7.777777777777778,24.306717813051147,9,8.666666666666666,28.016861111111112,1,6,34.68333333333334
13245,77,2.142857142857143,23.827439393939393,62,2.6129032258064515,27.83273890401713,105,1.5523809523809524,34.1703253968254,19,5,24.04330701754386,21,5.190476190476191,28.010467240431527,10,4.4,34.60391666666666,8,7.25,24.082541666666668,9,7.333333333333333,27.950442079525413,4,6,34.37833333333333
13247,77,2.1298701298701297,23.104351703491314,62,2.6129032258064515,27.056928519061582,114,1.412280701754386,33.466067251461986,18,5.055555555555555,23.313337842712844,23,4.826086956521739,27.254981225296444,12,3.4166666666666665,33.82597222222222,8,7.375,23.45928097943723,7,7.857142857142857,27.344104978354977,1,6,33.53666666666667
13249,77,2.090909090909091,23.633826530612247,58,2.810344827586207,27.52155233990148,108,1.5185185185185186,34.09040895061728,18,4.888888888888889,23.819424603174603,19,5.578947368421052,27.718159774436092,16,3.75,34.25369791666667,5,8.8,24.148761904761905,9,8,27.874726190476192,3,6,34.28
13251,80,2.025,24.03254952651515,74,2.175675675675676,27.761837837837838,104,1.5576923076923077,34.12809615384615,16,5.0625,24.184310132575757,18,4.833333333333333,27.957833333333333,12,4.083333333333333,34.53391666666666,8,6.625,24.301120265151514,6,7.5,28.080166666666667,4,5.25,34.6255
13253,80,2.0375,24.619444047619048,74,2.189189189189189,28.01486566924067,116,1.396551724137931,34.21513074712644,16,5.1875,24.845970238095237,21,4.809523809523809,28.198812358276644,11,3.5454545454545454,34.61819696969697,9,6.666666666666667,24.94320634920635,8,7.25,28.454069940476188,2,5.5,34.71966666666667
13255,77,2.090909090909091,23.01442870261052,65,2.523076923076923,27.111321062271063,105,1.5333333333333334,33.74571111111111,14,6.214285714285714,23.291143578643577,24,4.625,27.265244543650795,15,3.466666666666667,33.77331111111111,6,10,23.32877946127946,10,6.4,27.503420238095238,2,5,33.589
13257,66,2.4696969696969697,22.47179253574708,71,2.2816901408450705,26.828350009145783,102,1.5784313725490196,33.32833006535948,20,5.15,22.66841536796537,23,4.3478260869565215,27.081210897797853,15,3.7333333333333334,33.57897777777778,9,7.333333333333333,22.72092303992304,8,6.375,27.13535633116883,4,5.25,33.502
13259,69,2.4057971014492754,23.76746615563435,60,2.7,27.652085648148148,103,1.5825242718446602,34.149991909385115,17,5.764705882352941,23.944715572868823,17,6.0588235294117645,27.86765522875817,17,3.588235294117647,34.373480392156864,8,8.625,24.186166425679584,7,9.571428571428571,28.02049603174603,3,5,34.32333333333333
13261,76,2.1447368421052633,23.865549812030075,57,2.8421052631578947,27.607197577276526,101,1.603960396039604,34.042843234323435,17,5.176470588235294,24.074516806722688,20,5.5,27.810763095238094,16,3.75,34.21669791666667,6,8.666666666666666,24.298075396825396,10,7.7,27.910859523809524,3,6,34.13933333333333
13263,76,2.1315789473684212,23.223241740715427,68,2.3676470588235294,27.38223774509804,107,1.5233644859813085,33.912485981308414,15,5.866666666666666,23.459091486291488,21,5,27.589626984126983,15,3.533333333333333,34.0814,7,8.714285714285714,23.595672232529374,10,6.7,27.68305,2,5,34.073
13265,64,2.578125,23.56158203125,68,2.3676470588235294,27.59619975490196,112,1.4732142857142858,34.019198979591835,25,4.64,23.70025,18,5.277777777777778,27.824810185185186,10,3.9,34.31052857142857,9,7.111111111111111,23.791527777777777,9,7.333333333333333,27.82813888888889,3,6,34.23287301587302
13267,77,2.090909090909091,24.090284992064213,76,2.1447368421052633,27.74699908625731,109,1.4862385321100917,34.06590519877676,16,5.125,24.328871524309026,17,5.352941176470588,27.922466503267973,13,3.6153846153846154,34.47374358974359,7,7.571428571428571,24.516944436515864,7,8.428571428571429,28.171704365079364,2,5.5,34.31766666666667
13269,75,2.1866666666666665,23.37780962962963,58,2.7758620689655173,27.467995984379606,100,1.61,34.069408333333335,16,5.75,23.60223263888889,21,5.380952380952381,27.68660795685796,16,3.75,34.33723958333333,8,8.375,23.713944444444444,11,7.181818181818182,27.73913034188034,2,7,34.166250000000005
13271,74,2.189189189189189,24.034346642096644,77,2.1298701298701297,27.767904143475572,112,1.4553571428571428,34.31295982142857,19,5,24.245876395534292,14,5.714285714285714,28.05382993197279,11,4.181818181818182,34.609227272727274,8,7.375,24.409685606060606,8,7.5,28.221494047619046,5,5.4,34.455799999999996
13273,70,2.3142857142857145,23.981159035409036,61,2.6557377049180326,27.698975214676036,103,1.5631067961165048,34.155622977346276,16,5.6875,24.178195779914528,15,6.8,27.915499206349207,14,3.7857142857142856,34.38601190476191,7,8.714285714285714,24.380042735042736,10,8.4,28.028832142857144,2,8,34.405
13275,78,2.0641025641025643,24.3506858974359,70,2.3285714285714287,27.784090476190475,111,1.4594594594594594,34.155833333333334,18,4.5,24.538249999999998,20,5.15,27.891816666666667,12,3.6666666666666665,34.643541666666664,6,7.166666666666667,24.722944444444444,7,8.857142857142858,28.185785714285714,3,5.333333333333333,34.77222222222222
13277,75,2.1866666666666665,24.201452535612535,66,2.4696969696969697,27.568372354497356,113,1.424778761061947,33.80339085545723,18,5.222222222222222,24.3285522317189,17,5.647058823529412,27.74897502334267,13,3.4615384615384617,34.270628205128205,7,8.428571428571429,24.52413431013431,8,8.25,27.945530257936507,2,5.5,34.285333333333334
13279,81,2.0123456790123457,24.084625861792528,78,2.08974358974359,27.708850427350427,103,1.5631067961165048,34.063891585760516,16,5.0625,24.360293425324674,16,5.3125,27.925020833333335,13,3.6923076923076925,34.389679487179485,7,7.428571428571429,24.516504019789735,8,7.375,28.159208333333332,2,5.5,34.115833333333335
13281,70,2.342857142857143,20.152190826633685,65,2.5076923076923077,24.73502605727606,105,1.5333333333333334,31.02894761904762,19,5.157894736842105,20.337545150755677,20,5,25.086334686147186,16,3.4375,31.51246875,7,8.428571428571429,20.45928921871779,9,6.777777777777778,25.19092893217893,2,5,31.900999999999996
13283,78,2.08974358974359,24.00352505827506,67,2.462686567164179,27.743465183481092,110,1.490909090909091,34.08827424242424,16,5.3125,24.220934659090908,16,5.9375,27.934197955827067,11,4.090909090909091,34.531378787878786,8,7.25,24.33114015151515,9,8,28.084314884433304,4,5.75,34.534416666666665
13285,71,2.323943661971831,23.368398207426377,72,2.236111111111111,27.4184096019721,111,1.4504504504504505,33.70388438438439,16,6.0625,23.607267045454545,19,5.157894736842105,27.622657439052176,10,3.6,33.957116666666664,8,8.875,23.82151325757576,11,6.2727272727272725,27.793681031090124,2,5,33.696
13287,67,2.417910447761194,24.168191542288557,70,2.3714285714285714,27.548161939647652,112,1.4375,33.866004464285716,19,5.315789473684211,24.300464912280702,20,5.15,27.74381678876679,11,3.727272727272727,34.117954545454545,9,7.777777777777778,24.445703703703703,9,7.444444444444445,27.90070397503731,3,5.333333333333333,34.19166666666667
13289,69,2.3768115942028984,23.556528985507246,66,2.515151515151515,27.60063852813853,108,1.5,34.1112700617284,23,4.956521739130435,23.761326086956522,18,5.722222222222222,27.874007936507937,12,3.75,34.34309722222222,8,7.75,23.867562500000002,13,6.461538461538462,27.846510989010987,3,5,34.51266666666667
13291,74,2.175675675675676,20.212722007722007,61,2.6721311475409837,24.71851092896175,103,1.5631067961165048,31.011535598705503,19,4.894736842105263,20.40218045112782,24,4.75,24.972256944444446,14,3.7857142857142856,31.545583333333333,7,7.571428571428571,20.59044217687075,10,6.6,25.069833333333335,5,5,31.5388
13293,70,2.357142857142857,23.14874201575367,61,2.6885245901639343,27.37335044236274,105,1.5333333333333334,33.97593333333334,20,5.2,23.310097055137845,22,5.181818181818182,27.563608044733044,15,3.6666666666666665,34.07586666666667,8,8.375,23.436805137844612,11,6.909090909090909,27.636079725829724,3,5.666666666666667,34.202666666666666
13295,69,2.3333333333333335,22.599757042474433,75,2.2266666666666666,26.980175185185185,102,1.5784313725490196,33.38229901960784,20,5.15,22.827161796536796,24,4.375,27.279297453703705,14,3.7857142857142856,33.71532142857143,10,7,22.87599025974026,8,6.125,27.34882986111111,2,5,34.071
13297,71,2.267605633802817,22.98705042375465,65,2.476923076923077,27.0488315018315,108,1.5277777777777777,33.583893518518515,17,5.823529411764706,23.18944588744589,24,4.416666666666667,27.26141865079365,15,3.6,33.68403333333333,12,6.916666666666667,23.169909451659453,5,8.2,27.28947619047619,3,5.666666666666667,33.55433333333333
13299,76,2.1315789473684212,24.076873746867168,74,2.189189189189189,27.80246138996139,117,1.376068376068376,34.48294301994302,18,4.888888888888889,24.261800264550264,19,5.052631578947368,27.950112781954886,11,3.909090909090909,34.736303030303034,5,8.4,24.454814285714285,7,8,28.157806122448978,3,5.333333333333333,35.00644444444445
13301,67,2.4029850746268657,23.628944029850746,65,2.5384615384615383,27.583859590409592,107,1.5046728971962617,34.03618669336893,22,4.7272727272727275,23.76564772727273,21,5.142857142857143,27.769803494124922,11,4,34.343816017316016,7,6.857142857142857,23.942511904761904,9,7.444444444444445,27.78139333814334,3,6,34.27315873015873
13303,71,2.295774647887324,23.667819431741968,68,2.3676470588235294,27.589865546218487,108,1.5,34.05931481481481,22,4.590909090909091,23.861826347894528,16,5.75,27.797241071428573,12,3.4166666666666665,34.272166666666664,8,6.5,24.03679329004329,12,6.666666666666667,27.885210317460317,2,5.5,34.078
13305,66,1.9848484848484849,24.15135491822992,61,2.19672131147541,27.913139344262294,92,1.4130434782608696,34.43616485507246,14,4.785714285714286,24.322458900226756,17,4.529411764705882,28.079794117647058,8,3.5,34.78777083333333,7,6.428571428571429,24.435513038548752,6,7.166666666666667,28.306638888888887,1,5,34.888
13307,76,2.1710526315789473,23.70782738095238,58,2.7758620689655173,27.616116037219484,101,1.5940594059405941,34.21588519566242,15,5.6,23.952325396825398,17,6.117647058823529,27.819984126984128,17,3.588235294117647,34.38555322128852,6,8.833333333333334,24.136924603174602,9,8.333333333333334,27.935710758377425,3,5.666666666666667,34.27619047619048
13309,76,2.1315789473684212,24.071179169514696,73,2.2054794520547945,27.798295009784734,115,1.4173913043478261,34.283078260869566,19,4.894736842105263,24.257085099111414,15,5.6,28.04770238095238,9,3.888888888888889,34.596000000000004,7,7.857142857142857,24.353635745207175,7,8.142857142857142,28.2424574829932,2,5.5,34.42616666666666
13311,63,2.0476190476190474,21.637681577681576,53,2.4716981132075473,26.16482389937107,84,1.5357142857142858,32.628375,16,4.4375,21.800246212121213,18,4.555555555555555,26.368092592592593,11,3.4545454545454546,32.94759090909091,5,7.4,21.902454545454546,5,7.8,26.44996666666667,1,5,33.176
13313,69,2.3333333333333335,22.816503492481754,68,2.3676470588235294,27.133176470588236,104,1.5480769230769231,33.40091987179487,17,5.705882352941177,23.02257299889653,24,4.291666666666667,27.355041666666665,10,4,33.78456666666666,10,7.2,23.05995743145743,8,5.875,27.452625,3,5.333333333333333,34.12466666666667
13315,66,2.4393939393939394,24.12873427456382,66,2.4393939393939394,27.684129856254856,111,1.4504504504504505,34.08550750750751,19,5.2105263157894735,24.31876116427432,17,5.647058823529412,27.916915912518853,10,4,34.37213333333333,9,7.444444444444445,24.434143939393937,9,7.666666666666667,28.01306339031339,4,5.25,34.47658333333334
13317,68,2.3676470588235294,23.694828956582633,65,2.4923076923076923,27.729723593073594,105,1.5333333333333334,34.13551825396826,23,4.391304347826087,23.85253778467909,20,5.2,27.890851677489177,9,4.777777777777778,34.45715740740741,8,6.625,23.975212797619047,9,7.444444444444445,27.935133357383357,5,6.2,34.24288333333333
13319,70,2.3,23.588074149659864,71,2.3098591549295775,27.74771400625978,106,1.528301886792453,34.333924528301885,22,4.818181818181818,23.81341774891775,18,5.388888888888889,28.021260802469136,12,3.5,34.66883333333333,7,7.857142857142857,24.038003401360545,13,6.153846153846154,27.9786047008547,2,5,34.688
13321,76,2.1447368421052633,24.090106162843004,66,2.4696969696969697,27.578976204351203,110,1.4636363636363636,33.86532575757576,13,6.153846153846154,24.327159105851415,18,5.5,27.773190527065527,12,3.5833333333333335,34.20715277777778,9,7.333333333333333,24.3723779677113,8,8.125,27.96176201923077,2,5.5,34.43333333333334
16001,84,1.9285714285714286,16.524217261904763,64,2.578125,22.107360700931014,113,1.424778761061947,29.48284808259587,19,4.368421052631579,16.906276315789473,20,5.35,22.496054242979245,10,4.1,29.959183333333332,7,5.857142857142857,17.023107142857143,12,6.666666666666667,22.63974318274318,2,5.5,29.394666666666666
16003,84,1.9166666666666667,13.62124007936508,61,2.6721311475409837,19.974235623211033,95,1.7157894736842105,26.784443859649123,19,4.2631578947368425,13.976271929824561,22,5.136363636363637,20.39015331890332,17,4.294117647058823,27.360127450980393,6,6.166666666666667,14.273333333333333,9,7.777777777777778,20.74120811287478,5,6.6,27.648266666666668
16005,90,1.8111111111111111,14.335774074074074,64,2.515625,20.083732510111417,95,1.7052631578947368,27.267384210526316,19,3.9473684210526314,14.766561403508772,20,5.5,20.378194032356532,17,3.8823529411764706,27.588617647058822,6,5.333333333333333,14.943,10,7.8,20.445388064713065,4,5.5,27.951833333333333
16007,90,1.788888888888889,13.1749,65,2.5384615384615383,18.89853572837419,91,1.7692307692307692,25.859956043956043,19,3.6315789473684212,13.530052631578947,21,5.238095238095238,19.147848683062968,20,3.85,26.18305,4,5.25,13.974833333333333,11,7.090909090909091,19.26687778887779,5,5.2,26.489533333333334
16009,81,2,14.361726337448559,69,2.3333333333333335,20.74149959742351,106,1.5188679245283019,27.794232704402514,19,4.2631578947368425,14.894991228070175,20,4.75,21.14317361111111,12,3.6666666666666665,28.399472222222222,5,6.2,14.884466666666667,10,6.2,21.153097222222222,2,5,28.181
16011,89,1.8089887640449438,15.041677902621723,63,2.6031746031746033,20.43669035021416,88,1.8295454545454546,27.76815340909091,19,3.8421052631578947,15.543649122807018,19,5.684210526315789,20.765341687552215,19,4,28.145394736842107,4,6.25,15.640875000000001,11,7.363636363636363,20.86142352092352,6,5.5,28.054166666666667
16013,97,1.6597938144329898,11.057439862542955,56,2.892857142857143,17.213589411084946,86,1.8953488372093024,23.704709440753046,20,3.45,11.466583333333334,23,5.086956521739131,17.458956826989436,17,4.764705882352941,24.127647759103642,2,5,11.950000000000001,9,8,17.703723002306337,8,6.375,24.382918154761906
16015,89,1.8426966292134832,13.226608614232209,55,2.9272727272727272,19.581507287157287,90,1.788888888888889,26.17153888888889,19,3.8947368421052633,13.817535087719298,19,5.7894736842105265,19.94252109440267,17,3.9411764705882355,26.459323529411765,5,5,13.9968,12,7.25,20.029200066137566,5,6,27.048033333333333
16017,88,1.8295454545454546,15.97170183982684,68,2.3676470588235294,21.70546918767507,93,1.7419354838709677,28.428658602150538,21,3.7142857142857144,16.27998866213152,22,4.545454545454546,22.107359307359307,16,4.25,28.713765625,3,6.333333333333333,16.4615873015873,12,5.833333333333333,22.03515873015873,5,5.8,28.338216666666668
16019,88,1.8295454545454546,14.341837391774892,64,2.578125,20.13152536525974,83,1.9518072289156627,27.67236359724613,17,4.117647058823529,14.804217086834734,21,5.285714285714286,20.405363017934448,23,3.869565217391304,28.02374689440994,5,5.8,14.786171428571429,11,7.090909090909091,20.59470818575364,4,6.25,28.095294642857144
16021,82,1.9634146341463414,15.083779326364692,62,2.596774193548387,21.761762096774195,83,1.963855421686747,28.68421987951807,17,4.352941176470588,15.58352380952381,24,4.458333333333333,22.122052083333333,20,4.25,29.1512625,6,6.166666666666667,15.683178571428572,9,6.555555555555555,22.58639814814815,6,6,28.80351388888889
16023,86,1.872093023255814,13.233257751937984,54,3.037037037037037,18.5541746031746,90,1.8,24.877257936507938,19,3.8421052631578947,13.613429824561404,22,5.590909090909091,18.797064935064935,17,4.294117647058823,25.29636554621849,4,5.75,13.857333333333333,11,8,19.02322077922078,5,6.6,25.935809523809525
16025,90,1.788888888888889,12.76930925925926,57,2.8421052631578947,18.731117708801918,87,1.8505747126436782,25.40188669950739,19,3.9473684210526314,13.193570175438596,20,5.5,19.01043547008547,17,4.470588235294118,25.636126050420167,6,5.666666666666667,13.4345,11,7.363636363636363,19.247988733488732,7,6.142857142857143,25.937615646258504
16027,67,1.955223880597015,17.284692253020612,61,2.1147540983606556,22.91190632318501,90,1.4333333333333333,30.805518518518518,20,3.8,17.50571904761905,15,4.333333333333333,23.235085714285713,8,3.625,31.070833333333333,3,6.333333333333333,17.942571428571426,6,5.833333333333333,23.577436507936508,0,NA,NA
16029,93,1.7311827956989247,12.409641577060931,51,3.176470588235294,18.717235151558683,88,1.8295454545454546,25.829102813852813,18,3.611111111111111,12.792592592592593,24,5.25,18.884749697062198,18,4.111111111111111,26.299502645502645,2,6,12.893333333333333,10,7.9,19.031982606282604,5,6.2,26.437209523809525
16031,72,1.7916666666666667,15.82739351851852,56,2.3035714285714284,21.287178075396824,96,1.34375,29.24628125,15,3.533333333333333,16.248155555555556,16,4.625,21.571060763888887,6,4.333333333333333,29.624666666666666,2,5,15.767,6,6.666666666666667,21.9140787037037,2,5.5,29.774
16033,88,1.8295454545454546,13.052540584415585,61,2.6557377049180326,18.769909978000143,89,1.8314606741573034,25.68154628143392,15,4.4,13.482571428571429,20,5.45,19.096225432900432,16,4.375,26.18985119047619,6,6.166666666666667,13.734484126984126,11,7.090909090909091,19.325485635576545,7,5.571428571428571,26.58751700680272
16035,95,1.694736842105263,15.778729573934838,73,2.232876712328767,21.859939497716894,105,1.5333333333333334,29.208633333333335,16,4.0625,16.310581845238094,21,4.476190476190476,22.307170634920634,14,3.5,29.676535714285713,3,6.666666666666667,16.33088095238095,9,6,22.568398148148148,2,5.5,30.0745
16037,75,2.1466666666666665,11.611168518518518,55,2.9272727272727272,17.46221948051948,87,1.8620689655172413,24.470354679802956,19,4.631578947368421,11.92671783625731,20,5.5,17.80510357142857,17,4.117647058823529,24.883873949579833,8,6.5,12.223038194444445,9,8,18.12060052910053,6,5.833333333333333,25.07486507936508
16039,82,1.9878048780487805,16.811680894308942,65,2.4923076923076923,21.82981794871795,106,1.5188679245283019,28.821615566037735,21,3.761904761904762,17.24513492063492,22,4.7272727272727275,22.124462121212122,11,4.454545454545454,29.114204545454545,3,5.666666666666667,17.546222222222223,10,6.5,22.462066666666665,5,5.8,29.126416666666668
16041,91,1.7692307692307692,15.232912087912087,55,2.9272727272727272,20.861529056801785,97,1.6701030927835052,27.53010235640648,19,3.6315789473684212,15.620526315789474,19,6.052631578947368,21.068899901268324,17,4.235294117647059,27.907936974789916,2,5,15.524999999999999,12,7.583333333333333,21.141174843674843,6,5.666666666666667,27.981238095238094
16043,93,1.7311827956989247,13.030216333845367,56,2.892857142857143,19.201432878133772,82,1.9634146341463414,26.77481475029036,13,4.461538461538462,13.48654761904762,20,5.8,19.45926205877456,18,4.5,27.212767195767196,7,5.571428571428571,13.406326530612246,11,7.7272727272727275,19.594643137165864,7,6.142857142857143,27.423544217687073
16045,91,1.7802197802197801,16.77964652014652,59,2.7457627118644066,22.507259405848387,106,1.528301886792453,29.793283018867925,17,4.117647058823529,17.45899019607843,20,5.4,22.865915247252747,11,4,30.370272727272727,4,5.75,17.416125,14,6.357142857142857,22.921307496075354,2,5.5,29.929833333333335
16047,73,1.7945205479452055,16.315851598173516,56,2.3392857142857144,21.716324829931974,87,1.4827586206896552,29.58000766283525,15,3.7333333333333334,16.89647777777778,16,4.75,21.995261904761904,8,3.375,30.135083333333334,3,5.666666666666667,16.671,7,6.571428571428571,22.292027210884353,1,5,31.003999999999998
16049,87,1.8620689655172413,14.546574074074075,62,2.6451612903225805,20.98272529441884,101,1.613861386138614,28.097597359735975,17,4.352941176470588,15.034820261437908,20,5.2,21.370198412698414,17,3.588235294117647,28.426607843137255,5,7,15.231388888888889,11,6.7272727272727275,21.52339105339105,4,5,28.441
16051,90,1.788888888888889,14.077941534391535,59,2.7288135593220337,19.917568065644335,80,2.025,27.657114583333332,17,3.8823529411764706,14.577043417366946,21,5.380952380952381,20.188643613000757,18,4.5,27.978842592592592,4,6,14.76097619047619,11,7.2727272727272725,20.357031746031744,6,6.666666666666667,28.045972222222222
16053,78,1.6794871794871795,15.734126984126984,57,2.263157894736842,21.327130325814537,94,1.372340425531915,29.8084804964539,14,3.5,16.571921768707483,14,5,21.61795918367347,10,3.3,30.006716666666666,1,7,16.698571428571427,6,7.166666666666667,21.88718253968254,1,5,30.268
16055,84,1.9166666666666667,16.143763888888888,70,2.3,21.987885034013605,100,1.62,28.865560952380953,20,3.8,16.326808333333332,24,4.25,22.31508134920635,14,4.142857142857143,29.34900680272109,4,5.5,16.413,10,5.6,22.45894523809524,4,5.75,28.82652380952381
16057,85,1.8941176470588235,14.448312605042016,68,2.3823529411764706,20.706585338680927,103,1.5631067961165048,28.298242718446602,22,3.772727272727273,14.942571428571428,21,4.523809523809524,21.178228715728714,15,3.7333333333333334,28.7796,3,5.666666666666667,15.162190476190476,7,6.857142857142857,21.253376623376624,3,5.333333333333333,28.778
16059,85,1.8941176470588235,12.527228011204482,52,3.0961538461538463,18.99057135225885,86,1.872093023255814,26.49677196382429,19,4.052631578947368,12.921546365914788,20,5.95,19.275735515873016,17,4.352941176470588,26.908081699346404,6,6,13.241563492063491,13,7.461538461538462,19.471195665445666,6,6,27.08998148148148
16061,80,2.0125,14.956784226190477,72,2.25,21.24682098765432,107,1.5046728971962617,28.70057632398754,23,3.9130434782608696,15.382075569358179,21,4.380952380952381,21.691243386243386,14,3.5714285714285716,29.10547619047619,3,7.333333333333333,15.67952380952381,9,5.888888888888889,21.92993827160494,3,5.333333333333333,28.952777777777776
16063,89,1.8089887640449438,15.828277153558052,63,2.5714285714285716,20.850613000755857,97,1.6804123711340206,27.827068728522338,20,3.7,16.290333333333333,19,5.315789473684211,21.159401002506264,18,3.7222222222222223,28.292814814814815,4,5.75,16.485833333333332,11,6.636363636363637,21.296465367965368,4,5.25,28.790583333333334
16065,89,1.8202247191011236,13.756339753879079,59,2.7288135593220337,19.7463554613936,87,1.8505747126436782,27.650373426382046,15,4.133333333333334,14.194949206349206,22,5.2272727272727275,20.030907828282828,14,4.714285714285714,28.20196343537415,5,5.8,14.499180952380952,11,7.090909090909091,20.211815656565655,5,6.6,27.876830952380953
16067,85,1.8941176470588235,15.689735294117646,63,2.5555555555555554,21.134268518518518,106,1.5188679245283019,29.37854716981132,20,3.6,16.144625,20,4.95,21.357695833333334,10,3.8,29.6336,3,5,16.006666666666668,8,7.25,21.64840625,3,5,30.078666666666667
16069,86,1.8953488372093024,17.626666666666665,73,2.232876712328767,23.33162100456621,113,1.424778761061947,30.132019174041297,19,3.6842105263157894,17.96780701754386,22,4.136363636363637,23.760151515151517,12,3.5833333333333335,30.568180555555557,2,5,18.185000000000002,7,5.857142857142857,23.907619047619047,2,5,30.772
16071,85,1.8941176470588235,14.927223529411764,59,2.7288135593220337,20.25967676391405,100,1.62,27.220086666666667,20,3.8,15.2127,18,5.888888888888889,20.535329392829393,13,4.076923076923077,27.56451282051282,4,5.75,15.470166666666668,10,7.8,20.565092907092907,5,5.2,27.504066666666667
16073,66,1.9848484848484849,17.18466774891775,59,2.1864406779661016,22.44293179983858,95,1.3578947368421053,29.52662105263158,17,4,17.547533613445378,16,4.4375,22.83331101190476,6,4.166666666666667,29.868166666666667,4,6,17.782642857142857,6,6.333333333333333,23.221746031746033,2,5.5,30.022
16075,79,2.050632911392405,17.502969559975888,66,2.4393939393939394,23.06358261183261,103,1.5631067961165048,30.537425566343043,21,4.333333333333333,17.824028344671202,23,4.565217391304348,23.38397619047619,13,3.769230769230769,31.012679487179486,7,6.142857142857143,18.084585034013607,10,6.1,23.73222857142857,2,5.5,31.174500000000002
16077,80,2.0125,15.836047817460317,58,2.810344827586207,20.827041871921182,98,1.6428571428571428,27.768923469387754,17,4.705882352941177,16.121107376283845,21,5.571428571428571,21.11873469387755,12,4.333333333333333,28.240791666666667,6,7.166666666666667,16.27980423280423,12,7.166666666666667,21.190146825396823,6,5.5,28.295055555555557
16079,80,2.025,12.493179464285713,60,2.716666666666667,19.39684861111111,107,1.5046728971962617,26.935454828660436,20,4.45,13.048967857142857,24,4.708333333333333,19.749621527777776,12,3.8333333333333335,27.68113888888889,7,5.857142857142857,13.096574829931972,10,6.3,20.159008333333333,3,5,27.174
16081,87,1.8620689655172413,10.754206075533661,55,2.9454545454545453,17.46711312021312,78,2.076923076923077,24.62977777777778,19,3.8421052631578947,10.962943609022556,20,5.6,17.82806108058608,20,4.2,24.949133333333332,4,6,11.064607142857144,10,7.9,17.93003882783883,5,6.4,24.907866666666667
16083,73,1.7808219178082192,15.812407045009785,60,2.15,21.265984325396825,99,1.3131313131313131,29.43053872053872,17,3.4705882352941178,16.424453781512604,14,4.785714285714286,21.593861394557823,7,3.4285714285714284,29.63261904761905,1,7,16.805714285714284,8,6,21.76561160714286,0,NA,NA
16085,86,1.8953488372093024,11.326434939091916,54,3.037037037037037,17.981344062316285,95,1.694736842105263,24.94065789473684,17,4.235294117647059,11.871082633053222,20,5.85,18.442628968253967,17,4.0588235294117645,25.636617647058824,5,6,12.010180952380953,12,7.666666666666667,18.521951058201058,4,5.75,25.46
16087,77,2.103896103896104,17.264479076479077,62,2.596774193548387,22.603444252432155,95,1.7157894736842105,29.42242807017544,18,5,17.730827160493828,19,5.157894736842105,22.968870718462824,19,3.6315789473684212,29.804508771929825,8,6.875,17.784569444444443,9,7.222222222222222,23.19104188712522,3,5.333333333333333,30.33688888888889
17001,83,1.9518072289156627,23.4030281124498,72,2.236111111111111,27.34734226190476,97,1.6597938144329898,32.71328808705613,19,4.052631578947368,23.60217543859649,24,4,27.624110119047618,18,4.055555555555555,32.942441358024695,5,5.6,23.770266666666668,5,5.8,27.76922857142857,4,6,33.456611111111116
17003,85,1.9058823529411764,23.926609243697477,69,2.36231884057971,27.90928329882678,98,1.653061224489796,33.6110721574344,18,4.277777777777778,24.201488095238094,21,4.571428571428571,28.103121315192745,20,3.6,33.86125357142857,5,6.6,24.35502380952381,8,6.875,28.288089285714285,4,5.5,34.08564285714286
17005,78,2.0641025641025643,23.63445695970696,62,2.6129032258064515,27.4378972734255,102,1.5784313725490196,32.957933006535946,22,4.2272727272727275,23.847165584415585,26,4.461538461538462,27.60306272893773,12,4.083333333333333,33.416180555555556,8,6,23.930955357142857,9,7,27.746810846560845,3,6,33.50277777777778
17007,86,1.872093023255814,21.639246124031008,71,2.267605633802817,25.544616029510397,93,1.7419354838709677,30.7177534562212,19,3.789473684210526,22.191850877192984,20,4.7,25.961886904761904,14,4.5,31.247219387755102,2,5.5,21.968,8,6.375,25.998363095238094,6,6.166666666666667,31.42142857142857
17009,87,1.8505747126436782,23.141425013683634,75,2.16,27.03624740740741,89,1.8314606741573034,32.3538745318352,17,4.294117647058823,23.315233893557423,22,4.454545454545454,27.32243434343434,21,4.0476190476190474,32.60642063492064,6,5.666666666666667,23.39080158730159,4,8.75,27.514222222222223,4,6.25,32.861000000000004
17011,92,1.75,22.33986231884058,70,2.3142857142857145,26.23703772893773,89,1.8089887640449438,31.440507490636705,16,4,22.792020833333332,19,4.947368421052632,26.584875843454792,17,4.235294117647059,31.961186274509803,3,6.333333333333333,22.923277777777777,7,7.142857142857143,26.596091575091574,3,7.333333333333333,32.03561111111111
17013,86,1.8837209302325582,23.670205149501662,67,2.4029850746268657,27.607800995024874,95,1.7052631578947368,33.16306842105263,16,4.25,23.94985267857143,24,4.333333333333333,27.86198611111111,18,4,33.35202777777778,8,5.375,24.13897619047619,5,8,28.0462,5,5.8,33.5368
17015,91,1.7802197802197801,21.990201465201466,70,2.3142857142857145,26.047701530612244,92,1.7608695652173914,31.26820471014493,19,3.789473684210526,22.44938596491228,21,4.809523809523809,26.367576530612244,14,4.857142857142857,31.77427380952381,1,6,22.613333333333333,8,6.75,26.519367559523808,5,7.6,31.724966666666667
17017,90,1.8,23.210456084656084,72,2.263888888888889,27.11149614197531,89,1.8202247191011236,32.42810986267166,17,4.117647058823529,23.491826330532213,21,4.619047619047619,27.374415343915345,20,4.15,32.68108888888889,6,5.5,23.634896825396826,6,7.5,27.537814814814816,6,5.833333333333333,32.90057407407407
17019,88,1.8409090909090908,22.45715625,72,2.263888888888889,26.281080882352942,92,1.75,31.855875905797102,19,3.789473684210526,22.79682894736842,21,4.619047619047619,26.670610644257703,16,4.3125,31.999098958333335,3,6,23.08075,6,7.333333333333333,26.75824836601307,3,8,32.46491666666667
17021,84,1.9285714285714286,23.041249149659865,65,2.476923076923077,26.935892307692306,93,1.7419354838709677,32.37308602150538,17,4.411764705882353,23.223231092436976,23,4.521739130434782,27.132739130434782,14,4.214285714285714,32.78978571428571,7,6.142857142857143,23.162965986394557,6,7.833333333333333,27.26036111111111,5,5.8,32.78706666666667
17023,92,1.75,22.900372282608696,64,2.53125,26.769568917410716,99,1.6262626262626263,32.375690235690236,18,3.9444444444444446,23.33301388888889,25,4.52,26.97369642857143,15,3.7333333333333334,32.80822222222222,5,6,23.456683333333334,8,6.875,27.193113839285715,3,5.333333333333333,32.907777777777774
17025,84,1.9166666666666667,23.495205498866213,66,2.484848484848485,27.355697961760463,100,1.61,33.00239833333333,25,3.76,23.687090476190477,25,4.4,27.58704261904762,15,4,33.21465555555555,4,6.25,23.939732142857142,7,7.428571428571429,27.779080782312924,4,5.75,33.471833333333336
17027,78,2.0641025641025643,23.80087667887668,63,2.5555555555555554,27.647104497354498,101,1.603960396039604,33.1416961338991,20,4.55,24.051419047619046,26,4.384615384615385,27.797022435897436,12,4.25,33.60552579365079,6,7.5,24.13431349206349,7,7.571428571428571,27.975488095238095,4,6.25,33.37970238095238
17029,89,1.8202247191011236,22.853606474050295,67,2.4029850746268657,26.64329681947406,100,1.64,32.04190555555556,18,4.111111111111111,23.135609788359787,25,4.32,26.851635476190477,13,4.230769230769231,32.47619658119658,5,6,23.13902857142857,6,7.166666666666667,26.91209226190476,3,7,32.6612962962963
17031,70,1.8714285714285714,22.671511904761903,57,2.263157894736842,26.201960038986353,80,1.625,31.24433611111111,14,4.285714285714286,23.194345238095238,15,4.733333333333333,26.698781481481483,9,4.888888888888889,31.773543209876543,6,5.666666666666667,23.277361111111112,5,7.2,26.93917777777778,4,7.25,31.852972222222224
17033,90,1.788888888888889,23.15713827160494,66,2.4545454545454546,27.024986742424243,96,1.6875,32.76155034722222,17,4.117647058823529,23.56043790849673,26,4.346153846153846,27.21304326923077,20,3.55,32.96469166666667,5,6.4,23.651155555555555,7,7.142857142857143,27.480232142857144,3,5,33.102666666666664
17035,88,1.8295454545454546,23.038654356060604,67,2.4477611940298507,26.868359985785357,94,1.7127659574468086,32.43699645390071,19,4.052631578947368,23.36797807017544,26,4.346153846153846,27.073850732600732,17,3.9411764705882355,32.715745098039214,6,5.833333333333333,23.33151388888889,9,6.555555555555555,27.18695767195767,5,5.6,32.87253333333334
17037,91,1.7692307692307692,21.69047619047619,70,2.3,25.662184807256235,91,1.7692307692307692,30.774026600383742,18,3.8333333333333335,22.229351851851852,22,4.5,25.913997113997112,15,4.2,31.110428042328042,2,5.5,22.0125,6,6.833333333333333,26.163406084656085,4,6.5,31.66556349206349
17039,86,1.8837209302325582,22.57815146094216,72,2.25,26.385980528322442,90,1.788888888888889,31.750533333333333,18,4.277777777777778,22.866723646723646,20,4.7,26.733029901960784,15,4.4,31.988533333333333,5,6.8,22.926538461538463,6,7.333333333333333,26.82801633986928,5,6.6,32.3611
17041,87,1.8505747126436782,22.696879584017516,73,2.2054794520547945,26.462838973945743,94,1.7234042553191489,31.921403664302602,18,4.055555555555555,22.969084656084657,22,4.363636363636363,26.807602049910873,15,4.2,32.149796296296294,5,6,23.008871428571428,4,8.5,26.964936274509803,3,7.666666666666667,32.63314814814815
17043,70,1.8428571428571427,22.20322857142857,61,2.1311475409836067,26.10563453031486,77,1.6753246753246753,31.624862193362194,14,4.071428571428571,22.584357142857144,16,4.4375,26.495544146825395,11,4.2727272727272725,31.9844898989899,4,6,22.61025,5,6.4,26.738907936507935,3,6.333333333333333,31.968962962962962
17045,90,1.788888888888889,22.595247222222223,66,2.4696969696969697,26.455881493506492,95,1.7052631578947368,32.02978070175438,18,4,23.01984722222222,24,4.5,26.734715773809523,16,3.8125,32.327447916666664,5,6,23.145116666666667,7,7.142857142857143,26.85521598639456,2,6,32.545
17047,83,1.9518072289156627,23.57347140944731,65,2.4923076923076923,27.3953663003663,103,1.5728155339805825,33.06939066111882,21,4.0476190476190474,23.906577475434617,23,4.782608695652174,27.641469979296065,17,3.7058823529411766,33.38013165266106,5,6.6,24.043958730158728,9,7,27.808756613756614,3,6,33.69352380952381
17049,90,1.788888888888889,23.237024074074075,60,2.7,27.145051984126983,97,1.6701030927835052,32.71221649484536,20,4,23.521108333333334,24,4.75,27.310963293650794,16,4,32.9690625,4,6.75,23.542625,11,6.636363636363637,27.3717987012987,4,6,33.212916666666665
17051,85,1.8941176470588235,23.43204901960784,62,2.6129032258064515,27.291883544546852,100,1.61,32.83345,22,3.8636363636363638,23.676098484848485,25,4.48,27.45047119047619,13,4.153846153846154,33.21346153846154,5,6,23.823,7,7.428571428571429,27.659063775510205,3,6,33.45333333333333
17053,94,1.7340425531914894,22.240008865248228,68,2.426470588235294,26.05294780853518,91,1.7802197802197801,31.480408424908426,17,3.8823529411764706,22.720049019607842,21,4.9523809523809526,26.34383099906629,14,4.785714285714286,31.643369047619046,3,6,23.04,8,7.25,26.442973039215687,5,6.8,31.949933333333334
17055,79,2.0632911392405062,23.87349827387802,66,2.4545454545454546,27.689864538239537,105,1.5333333333333334,33.22246303854875,22,4.318181818181818,24.18619834710744,24,4.458333333333333,27.87337748015873,15,3.6666666666666665,33.40524126984127,7,6.714285714285714,24.3404329004329,6,7.666666666666667,28.18114880952381,3,5.666666666666667,33.61342857142857
17057,90,1.788888888888889,22.840378835978836,67,2.4029850746268657,26.73856135986733,99,1.6464646464646464,32.08359090909091,17,4.176470588235294,23.137887955182073,21,4.666666666666667,27.02017195767196,13,4.6923076923076925,32.60773076923077,6,5.5,23.156793650793652,5,7.8,27.212222222222223,5,6.6,32.713433333333334
17059,85,1.8941176470588235,23.605710784313725,66,2.4393939393939394,27.580750000000002,106,1.5188679245283019,33.37628616352201,18,4.222222222222222,23.969467592592594,25,4.36,27.78738,11,3.727272727272727,33.55012121212121,4,7,24.143854166666667,10,6,27.9577,3,5.333333333333333,33.89322222222222
17061,84,1.9166666666666667,23.464083333333335,69,2.347826086956522,27.313950080515298,99,1.6464646464646464,32.71087205387205,18,4.055555555555555,23.566,23,4.391304347826087,27.569676328502414,18,3.888888888888889,32.96590740740741,8,5.25,23.863500000000002,5,8,27.730844444444447,4,5.75,33.165125
17063,96,1.6770833333333333,22.25659375,70,2.3,26.190434126984126,90,1.8,31.563874074074075,15,3.933333333333333,22.847533333333335,21,4.571428571428571,26.52001851851852,17,4.294117647058823,31.81756862745098,3,6,23.291,7,6.428571428571429,26.744698412698412,5,6.2,32.04473333333333
17065,86,1.872093023255814,23.649919988925802,65,2.523076923076923,27.554169871794873,112,1.4553571428571428,33.21474702380952,21,3.8095238095238093,24.005148526077097,24,4.625,27.72775173611111,14,3.5,33.538690476190474,4,6.25,24.192654761904762,8,7.125,27.873567708333333,1,6,33.585
17067,83,1.9397590361445782,23.028425702811244,69,2.3333333333333335,26.990873015873017,86,1.872093023255814,32.217012861169835,19,4.105263157894737,23.32338596491228,21,4.666666666666667,27.307868480725624,17,4.470588235294118,32.62077094474154,6,5.5,23.403777777777776,7,6.714285714285714,27.29860544217687,5,6.6,33.04112121212121
17069,82,1.975609756097561,23.6805162601626,62,2.596774193548387,27.76725460829493,104,1.5480769230769231,33.66793108974359,20,4.1,23.982366666666667,24,4.5,27.958949404761906,13,3.6923076923076925,33.85537179487179,5,6.8,24.149466666666665,12,5.833333333333333,28.02852380952381,3,5.333333333333333,34.28355555555555
17071,88,1.8409090909090908,22.92635028860029,66,2.4545454545454546,26.798978956228957,94,1.7340425531914894,31.89656350741457,15,4.4,23.345255026455025,21,4.619047619047619,27.09155291005291,16,4.5625,32.34824810606061,5,6.4,23.276431746031747,5,8,27.11768888888889,6,6.666666666666667,32.62046717171717
17073,93,1.7419354838709677,22.519471326164876,74,2.2027027027027026,26.36705982080982,85,1.8941176470588235,31.511274509803922,16,4.0625,22.952239583333334,21,4.523809523809524,26.70963936856794,18,4.222222222222222,31.97574074074074,3,6.666666666666667,23.138055555555557,6,6.833333333333333,26.6285989010989,4,7,32.13270833333333
17075,95,1.694736842105263,22.21715438596491,67,2.4029850746268657,26.04484742951907,92,1.7608695652173914,31.43675,16,3.75,22.740604166666667,21,4.809523809523809,26.378084656084656,15,4.2,31.7214,2,6.5,23.32525,9,6.444444444444445,26.483493827160494,5,6,32.09053333333333
17077,77,2.103896103896104,23.721285714285713,70,2.3142857142857145,27.716365051020407,106,1.5188679245283019,33.50355750224618,19,4.684210526315789,23.992315789473686,19,4.842105263157895,27.873976503759398,14,3.7857142857142856,33.83157823129252,5,8.4,24.194466666666667,6,8,28.123425595238096,2,6,34.03771428571429
17079,86,1.8953488372093024,23.156954780361758,69,2.347826086956522,27.052138198757763,101,1.5940594059405941,32.70476897689769,21,3.9523809523809526,23.465386243386245,23,4.521739130434782,27.28271894409938,12,4.25,33.13388888888889,5,6.6,23.538955555555557,9,6.444444444444445,27.37750396825397,4,6,33.153333333333336
17081,84,1.9166666666666667,23.75935468631897,66,2.515151515151515,27.572122384559883,104,1.5576923076923077,33.16438141025641,19,4.368421052631579,24.12688387635756,23,4.695652173913044,27.76239466873706,16,3.5,33.503166666666665,6,7,24.122076719576718,8,7.125,27.895947172619046,2,5.5,33.29116666666667
17083,86,1.8953488372093024,23.579919988925802,66,2.4393939393939394,27.390903078403078,96,1.6770833333333333,32.85408854166667,17,4.176470588235294,23.810771708683472,23,4.478260869565218,27.616069703243618,18,3.888888888888889,33.10680555555555,7,5.714285714285714,24.07056462585034,7,7.428571428571429,27.814943310657597,6,5.333333333333333,33.164722222222224
17085,88,1.8409090909090908,21.857217803030302,69,2.3333333333333335,25.884170760399023,97,1.6804123711340206,31.201439617083945,18,3.9444444444444446,22.267787037037035,19,5.157894736842105,26.281462235133286,17,4.0588235294117645,31.586155462184873,4,5.25,22.61525,8,7.25,26.420243641774892,3,7,31.699325396825397
17087,83,1.963855421686747,23.70749770510614,64,2.515625,27.73944456845238,93,1.7419354838709677,33.49601075268817,20,4.15,24.038115476190477,25,4.32,27.904578095238094,19,3.736842105263158,33.70021052631579,4,7.5,24.160785714285716,8,6.75,27.995348214285713,5,5,33.8148
17089,88,1.8409090909090908,21.82886174242424,71,2.267605633802817,25.790648558014755,91,1.7692307692307692,31.109718733647306,19,3.8947368421052633,22.343149122807016,20,4.75,26.20105238095238,14,4.571428571428571,31.4574574829932,4,5.5,22.128083333333333,6,7.333333333333333,26.39906349206349,4,7,31.502142857142857
17091,95,1.694736842105263,22.105957894736843,70,2.3142857142857145,25.977133333333335,94,1.7127659574468086,31.442751773049647,16,3.875,22.5888125,22,4.409090909090909,26.29837878787879,13,4.615384615384615,31.810666666666666,3,6,23.021166666666666,7,6.428571428571429,26.65585714285714,6,5.833333333333333,31.918666666666667
17093,93,1.7419354838709677,21.95732347670251,72,2.236111111111111,25.953671957671958,87,1.8620689655172413,31.350903667214013,15,3.933333333333333,22.474072222222222,21,4.619047619047619,26.294018140589568,16,4.3125,31.56991369047619,3,6,22.955916666666667,8,6.5,26.504089285714286,4,6.5,31.96007142857143
17095,91,1.7692307692307692,22.584680402930402,69,2.36231884057971,26.460819645732688,97,1.6597938144329898,31.668707903780067,18,4.055555555555555,22.92560648148148,22,4.5,26.702343434343433,14,4.357142857142857,32.23604761904762,4,6,22.803770833333335,4,8.5,27.070805555555555,4,7,32.42679166666667
17097,65,1.9846153846153847,22.667589743589744,63,2.0476190476190474,25.851929894179893,79,1.6329113924050633,30.66415189873418,16,4.1875,23.054270833333334,14,4.857142857142857,26.453684523809525,9,5,31.27422222222222,5,6,23.209666666666667,7,6.142857142857143,26.646654761904763,5,6.4,31.2251
17099,95,1.694736842105263,22.212501754385965,74,2.175675675675676,26.13624774774775,89,1.8202247191011236,31.394095505617976,15,3.933333333333333,22.73351111111111,20,4.55,26.494116666666667,16,4.5,31.85903125,2,6.5,23.29175,6,6.833333333333333,26.686777777777777,5,6.6,31.9329
17101,80,2.025,23.4041875,69,2.391304347826087,27.226076604554866,103,1.5631067961165048,32.95212459546926,19,4.421052631578948,23.67421052631579,24,4.541666666666667,27.477261904761903,17,3.4705882352941178,33.281401960784315,6,6.833333333333333,23.729166666666668,10,6.4,27.60684523809524,2,5,33.704
17103,89,1.8089887640449438,22.01503745318352,74,2.175675675675676,25.93709346846847,88,1.8295454545454546,31.135464015151516,17,3.8823529411764706,22.466666666666665,21,4.476190476190476,26.267376984126983,18,4.111111111111111,31.551712962962963,1,6,22.395,6,6.666666666666667,26.509569444444445,4,7,31.561666666666667
17105,96,1.6979166666666667,22.304782118055556,70,2.3142857142857145,26.13320462184874,90,1.788888888888889,31.58675,16,3.9375,22.849630208333334,21,4.809523809523809,26.466634453781513,16,4.375,31.91140625,4,5.75,22.8733125,6,8,26.630859477124183,4,7,32.100208333333335
17107,88,1.8636363636363635,22.75856737012987,71,2.3098591549295775,26.665410015649453,92,1.7608695652173914,31.99131495859213,20,4.1,22.991196428571428,21,4.571428571428571,26.97900529100529,14,4.428571428571429,32.40721258503402,6,5.833333333333333,23.13329365079365,5,8,27.116488888888888,6,6,32.66530158730159
17109,98,1.663265306122449,22.829190476190476,71,2.267605633802817,26.796860719874804,96,1.6875,32.098557291666665,16,3.9375,23.188166666666667,19,4.7894736842105265,27.10274269005848,14,4.785714285714286,32.59939285714286,4,5.75,23.341,5,8,27.23142222222222,6,6.333333333333333,32.86427777777778
17111,86,1.8837209302325582,21.729527131782945,75,2.16,25.55093148148148,88,1.8295454545454546,30.771468434343433,19,3.9473684210526314,22.178122807017544,19,4.7894736842105265,26.065519005847953,15,4.666666666666667,31.268614814814814,5,5.8,21.9212,9,6.222222222222222,26.086651234567903,6,6.666666666666667,31.262925925925927
17113,91,1.7692307692307692,22.424180050718512,74,2.189189189189189,26.219794647588767,95,1.694736842105263,31.597478947368423,16,4.375,22.82064903846154,18,5,26.619711328976035,13,4.615384615384615,32.02273076923077,5,6.8,22.69974358974359,7,7,26.63544817927171,5,6.4,32.2596
17115,88,1.8295454545454546,22.83883685064935,67,2.4029850746268657,26.643316749585406,91,1.7692307692307692,32.04214377289377,19,3.8947368421052633,23.003823308270675,22,4.545454545454546,26.86169191919192,16,4.25,32.248130208333336,5,5.4,23.17902857142857,5,8.2,27.01077777777778,4,7.25,32.647104166666665
17117,83,1.963855421686747,23.342907773952955,64,2.515625,27.17634759424603,101,1.5940594059405941,32.63212706270627,20,4.1,23.49731726190476,24,4.5,27.360885251322753,14,3.7857142857142856,33.01284523809524,7,5.714285714285714,23.72816836734694,7,7.571428571428571,27.57458276643991,4,5.25,33.231833333333334
17119,84,1.9166666666666667,23.751559523809522,60,2.683333333333333,27.675513113275613,103,1.5631067961165048,33.28057119741101,20,3.95,23.9758,25,4.56,27.833431471861473,15,3.6666666666666665,33.605922222222226,6,5.666666666666667,24.25808333333333,10,6.6,27.954912012987013,3,5,34.226
17121,80,2.025,23.632275,62,2.596774193548387,27.476578629032257,103,1.5631067961165048,32.9408430420712,20,4.55,23.93385,25,4.4,27.643315,14,4.142857142857143,33.300845238095235,6,7.666666666666667,24.004083333333334,6,7.833333333333333,27.897423611111112,4,5.75,33.23941666666667
17123,93,1.7311827956989247,22.523039426523297,68,2.3676470588235294,26.39709640522876,95,1.694736842105263,31.703545614035086,17,4,22.99692156862745,22,4.5,26.71261616161616,15,4.4,32.17245555555556,2,9,23.228,6,7.333333333333333,26.77125925925926,4,7,32.05733333333333
17125,88,1.8295454545454546,23.012745941558443,69,2.3333333333333335,26.927246376811595,97,1.7010309278350515,32.21207731958763,18,4.166666666666667,23.281757936507937,21,4.523809523809524,27.21142857142857,15,4.466666666666667,32.655766666666665,7,5.571428571428571,23.384639455782313,5,7.8,27.403333333333332,6,6,32.98094444444445
17127,77,2.090909090909091,23.8810187683889,67,2.417910447761194,27.911324449182658,94,1.7127659574468086,33.64535587639311,19,4.473684210526316,24.113076061365536,24,4.375,28.088280753968252,16,3.9375,33.996778273809525,4,8.25,24.270652958152958,7,6.857142857142857,28.29660544217687,5,5.4,34.03885714285715
17129,86,1.872093023255814,22.987501937984497,68,2.3823529411764706,26.910897875816993,89,1.8202247191011236,32.2605454788657,19,4.105263157894737,23.20106140350877,22,4.636363636363637,27.145729797979797,18,4.055555555555555,32.60103042328042,6,5.666666666666667,23.40238888888889,7,7.142857142857143,27.282174603174603,5,6.2,32.95654285714286
17131,93,1.7419354838709677,22.69516129032258,69,2.3333333333333335,26.59754761904762,89,1.8089887640449438,31.699975655430713,15,4.2,23.121,19,4.947368421052632,26.874778195488723,18,4.111111111111111,32.05543518518518,2,9,23.377499999999998,5,8.6,26.79432380952381,4,6.75,32.47925
17133,82,1.975609756097561,23.63516869918699,67,2.417910447761194,27.608881130063967,97,1.6597938144329898,33.48697839960727,19,4.105263157894737,23.77651754385965,22,4.454545454545454,27.83704707792208,12,4.083333333333333,33.75224206349206,5,6.6,24.026433333333333,6,7.333333333333333,28.06028373015873,3,6.333333333333333,34.14174603174603
17135,87,1.8620689655172413,23.26255719759168,60,2.75,27.10957962962963,103,1.5922330097087378,32.58246116504854,19,3.9473684210526314,23.466709273182957,24,4.708333333333333,27.253949074074075,10,4.1,33.101350000000004,5,6,23.63482857142857,9,7.111111111111111,27.404882716049382,3,5.666666666666667,33.19255555555556
17137,89,1.8202247191011236,23.129800428036383,69,2.3333333333333335,27.02396457326892,92,1.75,32.38307065217391,19,4.105263157894737,23.26538095238095,23,4.391304347826087,27.226676328502414,19,3.9473684210526314,32.58434210526316,7,5.285714285714286,23.394367346938775,5,8,27.520377777777778,5,5.6,32.698
17139,85,1.8941176470588235,22.93559663865546,69,2.391304347826087,26.705021739130434,101,1.5940594059405941,32.02874917491749,19,3.9473684210526314,23.162406015037593,25,4.4,26.91326,12,4.583333333333333,32.47113888888889,5,5.8,23.239142857142856,7,7,26.984380952380953,4,7,32.57445833333333
17141,92,1.7717391304347827,21.83169384057971,75,2.1466666666666665,25.77869888888889,87,1.8505747126436782,30.9840568818155,17,3.823529411764706,22.40063725490196,21,4.476190476190476,26.136781746031748,15,4.6,31.34619658119658,1,6,22.198333333333334,6,6.666666666666667,26.399013888888888,4,8.5,31.546987179487182
17143,87,1.8620689655172413,22.827240495137048,68,2.3823529411764706,26.66486111111111,93,1.7419354838709677,31.966771586836103,19,4.2105263157894735,23.018153846153847,20,4.75,26.96452777777778,14,4.642857142857143,32.492482683982686,4,7.25,23.21873076923077,6,7.5,27.070092592592594,5,6.4,32.51061818181818
17145,79,2.037974683544304,23.798976793248944,66,2.4545454545454546,27.701733946608947,108,1.4907407407407407,33.32325462962963,24,4.083333333333333,24.016840277777778,23,4.521739130434782,27.838888716356106,14,3.642857142857143,33.59367857142857,5,7,24.2155,6,7.666666666666667,28.108517857142857,3,5.333333333333333,33.82633333333333
17147,87,1.8505747126436782,22.651194444444446,69,2.347826086956522,26.426391304347828,94,1.7234042553191489,31.84166843971631,19,3.789473684210526,22.927837719298246,20,4.75,26.7303,17,4.235294117647059,32.004519607843136,3,6,23.139916666666668,6,7.5,26.80738888888889,4,7.25,32.39191666666667
17149,89,1.8314606741573034,23.298823434991974,72,2.236111111111111,27.21112996031746,101,1.603960396039604,32.54903217821782,14,4.642857142857143,23.49716326530612,24,4.125,27.496306547619046,17,3.823529411764706,32.88219117647059,8,5.5,23.685660714285714,5,6.6,27.74477142857143,2,6.5,33.367374999999996
17151,78,2.0641025641025643,23.67915873015873,62,2.596774193548387,27.743412442396313,96,1.6979166666666667,33.538423611111114,22,4.045454545454546,23.918380952380954,24,4.5,27.913815476190475,17,3.823529411764706,33.781098039215685,4,7.5,24.10984523809524,9,6.666666666666667,28.02823015873016,6,5.333333333333333,33.792
17153,79,2.037974683544304,23.98587582881254,71,2.2816901408450705,27.945385200089426,95,1.7052631578947368,33.648287468671676,18,4.666666666666667,24.257177248677248,20,4.65,28.17261746031746,19,3.789473684210526,33.86117418546366,5,7.6,24.346838095238095,8,6.75,28.33966865079365,5,5.4,34.00462857142857
17155,92,1.7826086956521738,22.452139492753624,69,2.3333333333333335,26.364903010033444,94,1.7234042553191489,31.611535460992908,19,3.9473684210526314,22.842991228070176,19,4.7894736842105265,26.7407004048583,15,4.4,32.16562222222222,4,5.75,22.808374999999998,7,7,26.72785347985348,4,7,32.08525
17157,76,2.1447368421052633,23.69043494152047,68,2.3823529411764706,27.72883018207283,96,1.6770833333333333,33.607830729166665,22,4.318181818181818,23.824684343434342,22,4.454545454545454,27.909111471861472,16,3.9375,33.742296875,5,7.8,23.953444444444443,6,7.333333333333333,27.991047619047617,5,6,33.83335
17159,83,1.9759036144578312,23.4139390896921,70,2.3285714285714287,27.30140824829932,103,1.5825242718446602,32.951503236245955,20,4.4,23.69534722222222,23,4.478260869565218,27.56993814699793,16,3.8125,33.309677083333334,5,7.4,23.818055555555556,7,7.142857142857143,27.763844387755103,4,5.5,33.568083333333334
17161,90,1.788888888888889,22.680546296296296,74,2.175675675675676,26.621214978714978,91,1.7912087912087913,31.78303663003663,17,4.176470588235294,23.07642156862745,21,4.619047619047619,26.973328972614688,17,4.176470588235294,32.3033137254902,3,8,23.14027777777778,6,7.166666666666667,27.02331807081807,3,7.333333333333333,32.76488888888889
17163,81,1.9876543209876543,23.718776455026454,62,2.6129032258064515,27.69709125820416,101,1.5940594059405941,33.490625412541256,21,4.0476190476190474,23.863375850340137,24,4.583333333333333,27.85998575036075,13,3.6923076923076925,33.77255128205128,6,6.166666666666667,24.04500992063492,9,6.777777777777778,27.997739778739778,3,5,34.297999999999995
17165,83,1.9518072289156627,23.646911216293745,64,2.546875,27.64762583705357,101,1.603960396039604,33.420090759075904,20,4.15,23.961681547619047,23,4.695652173913044,27.836437111801242,15,3.6666666666666665,33.58394444444444,4,7.5,24.175074404761904,9,6.888888888888889,27.950246693121695,3,5.333333333333333,34.096666666666664
17167,92,1.75,23.06831780538302,69,2.3333333333333335,27.019254428341384,91,1.7802197802197801,32.4152039508111,18,4.111111111111111,23.29084656084656,23,4.391304347826087,27.25624154589372,16,4.375,32.7436599702381,6,5.666666666666667,23.450039682539682,4,8.75,27.49463888888889,7,5.857142857142857,32.83050850340136
17169,90,1.8111111111111111,23.08864417989418,74,2.2027027027027026,27.001973723723722,96,1.6770833333333333,32.39361458333333,17,4.176470588235294,23.361939775910365,21,4.571428571428571,27.31385978835979,19,4.105263157894737,32.648,6,5.5,23.459246031746034,5,8,27.441044444444444,4,6.25,32.976749999999996
17171,87,1.8505747126436782,23.330128078817733,69,2.3333333333333335,27.21722463768116,89,1.8089887640449438,32.529691011235954,17,4.294117647058823,23.441243697478992,22,4.5,27.44743181818182,22,3.8636363636363638,32.71715909090909,8,5.375,23.701184523809523,5,8,27.720533333333336,5,5.6,32.8545
17173,85,1.9058823529411764,23.087213865546218,64,2.53125,26.944005859375,95,1.694736842105263,32.39848596491228,19,4.157894736842105,23.3238515037594,24,4.541666666666667,27.08130729166667,14,4.428571428571429,32.71222619047619,6,6,23.32080753968254,9,6.777777777777778,27.192467592592592,6,6.166666666666667,32.68672222222222
17175,93,1.7311827956989247,22.509666666666668,69,2.3333333333333335,26.35923132664437,96,1.6770833333333333,31.503920454545455,18,4.055555555555555,22.86577777777778,22,4.363636363636363,26.651452797202797,15,4.2,32.10009090909091,4,6,22.819333333333333,6,6.5,26.598521367521368,3,7.333333333333333,32.14156565656566
17177,86,1.8953488372093024,21.76018410852713,75,2.16,25.67284619047619,92,1.75,31.025689311594203,20,3.85,22.16679166666667,18,5.111111111111111,26.155748015873016,15,4.533333333333333,31.43356111111111,1,6,22.226666666666667,8,7,26.171162202380952,5,6.8,31.29285
17179,84,1.9166666666666667,22.79214942002442,70,2.3,26.57934126984127,92,1.7608695652173914,31.8210395256917,17,4.352941176470588,23.01444419306184,20,4.65,26.866694444444445,13,4.923076923076923,32.3162027972028,5,6.8,23.176610256410257,5,8,27.107444444444443,7,6,32.430329004329
17181,85,1.9058823529411764,23.61345588235294,66,2.4545454545454546,27.714217893217892,101,1.603960396039604,33.57140924092409,20,4.05,23.8989375,22,4.681818181818182,27.829926406926408,17,3.6470588235294117,33.90807843137255,5,6.4,24.096416666666666,8,7.375,28.015005952380953,4,5.25,33.87141666666667
17183,89,1.8089887640449438,22.411314606741573,66,2.4696969696969697,26.21279723707665,101,1.5940594059405941,31.690090759075908,20,3.7,22.7896,23,4.6521739130434785,26.543461636828646,15,3.8666666666666667,31.961944444444445,2,6.5,23.368499999999997,7,7.285714285714286,26.475540616246498,4,5.25,32.40166666666667
17185,83,1.9518072289156627,23.52046758462421,65,2.523076923076923,27.341664285714288,103,1.5631067961165048,33.106684466019416,21,3.9523809523809526,23.84827664399093,24,4.833333333333333,27.561799107142857,17,3.588235294117647,33.359911764705885,6,5.666666666666667,23.915634920634922,10,6.8,27.73881785714286,2,5,33.843
17187,97,1.6804123711340206,22.629256872852235,72,2.2777777777777777,26.522963734567902,88,1.8409090909090908,31.74261553030303,16,3.9375,23.103619791666667,19,4.684210526315789,26.8701783625731,18,4.277777777777778,32.11973148148148,3,6.333333333333333,23.27847222222222,5,7.8,27.032844444444446,4,7,32.47379166666667
17189,77,2.090909090909091,23.72541280148423,70,2.342857142857143,27.61863161719233,99,1.6363636363636365,33.24350384800385,22,4.2727272727272725,23.895762987012986,25,4.2,27.765568528138527,15,3.933333333333333,33.47079206349206,6,6.833333333333333,23.993214285714288,5,7.4,28.050175974025976,4,5.75,33.41276190476191
17191,84,1.9523809523809523,23.560087159863947,65,2.476923076923077,27.47744706959707,105,1.561904761904762,33.13035464852608,22,4.090909090909091,23.868969155844155,23,4.565217391304348,27.69256780538302,15,3.8666666666666667,33.476149206349206,4,7.25,24.11078869047619,7,7.285714285714286,27.856413265306124,4,6,33.57055952380952
17193,87,1.8620689655172413,23.605863163656267,63,2.5555555555555554,27.526567743764172,103,1.5728155339805825,33.2809571197411,21,3.8095238095238093,23.976909297052153,23,4.739130434782608,27.732989906832298,15,3.7333333333333334,33.51023888888889,4,6.25,24.219607142857143,9,7,27.88190013227513,2,6.5,33.671375
17195,91,1.7692307692307692,22.23642673992674,74,2.189189189189189,26.185922297297296,91,1.7692307692307692,31.361754578754578,17,3.764705882352941,22.72293137254902,22,4.409090909090909,26.50378409090909,16,4.25,31.920916666666667,2,5.5,22.390333333333334,6,6.666666666666667,26.655125,4,7,31.913041666666665
17197,74,1.7702702702702702,22.259742117117117,55,2.3636363636363638,26.24030101010101,77,1.7012987012987013,31.719623376623378,14,3.9285714285714284,22.70435119047619,20,4.15,26.50732777777778,13,4.230769230769231,31.871615384615385,3,6,23.071416666666668,5,6.4,26.813644444444446,3,6.333333333333333,32.000888888888895
17199,81,2,23.81751273760533,67,2.417910447761194,27.72048463041933,101,1.603960396039604,33.382153936822256,23,3.9565217391304346,24.122110075914424,24,4.375,27.920519593253967,15,3.8,33.637503174603175,4,7.25,24.355674603174606,6,7.666666666666667,28.194300595238094,3,5.666666666666667,33.673904761904765
17201,87,1.8620689655172413,21.702444444444446,71,2.2816901408450705,25.683436787391013,92,1.7608695652173914,31.019372282608696,18,3.888888888888889,22.260425925925926,20,4.75,26.095200595238094,15,4.466666666666667,31.39715,2,5.5,22.070500000000003,8,6.375,26.15352232142857,6,6.5,31.67759722222222
17203,91,1.8021978021978022,22.539091293322063,69,2.36231884057971,26.360384863123993,93,1.7311827956989247,31.67532974910394,18,4.166666666666667,22.855128205128207,21,4.714285714285714,26.64769312169312,14,4.571428571428571,32.15504761904762,4,7,22.975576923076922,7,7.142857142857143,26.754507936507938,5,6.6,32.19396666666667
18001,91,1.7912087912087913,21.68027655677656,70,2.342857142857143,25.36221984126984,93,1.7311827956989247,30.73565681003584,19,3.6315789473684212,22.0755350877193,22,4.409090909090909,25.81274494949495,17,4,30.78653431372549,2,6.5,22.91675,9,6.111111111111111,26.07420987654321,4,5.75,30.8269375
18003,88,1.8295454545454546,21.615341044372293,70,2.3142857142857145,25.400610714285715,91,1.7692307692307692,30.89512689691261,12,4.166666666666667,22.219584325396827,20,4.45,25.8508875,14,4.214285714285714,30.933324829931973,3,6.666666666666667,22.585559523809525,8,6,26.16690625,3,6.333333333333333,31.30468253968254
18005,87,1.8735632183908046,22.354410052910055,67,2.417910447761194,26.42661567164179,101,1.603960396039604,32.435874823196606,20,4.15,22.64468373015873,22,4.545454545454546,26.76264772727273,14,4,32.64452551020408,6,6.166666666666667,22.855751322751324,9,6,26.986564814814813,4,6,33.05729761904762
18007,91,1.7692307692307692,22.03420238095238,68,2.3676470588235294,25.84035947712418,100,1.61,31.312873333333332,22,3.590909090909091,22.50942803030303,23,4.521739130434782,26.24975845410628,13,4,31.6455641025641,2,6.5,23.005375,8,6.5,26.45138888888889,4,5.25,32.06725
18009,84,1.9285714285714286,21.704944019274375,68,2.3676470588235294,25.41271568627451,98,1.653061224489796,30.921566326530613,19,4.105263157894737,21.95580513784461,25,4.28,25.832586666666668,13,4.3076923076923075,31.082192307692306,4,7,22.26924107142857,9,6.111111111111111,26.033851851851853,4,5.75,31.275666666666666
18011,91,1.7692307692307692,21.965265567765567,65,2.4923076923076923,25.797893148028443,95,1.694736842105263,31.266329824561403,16,4.125,22.359322916666667,24,4.625,26.173252275910365,16,4.0625,31.651958333333333,4,6.25,22.645833333333332,10,6.6,26.316555462184873,4,6,31.928250000000002
18013,89,1.8089887640449438,22.303637328339576,62,2.596774193548387,26.468762108069033,98,1.653061224489796,32.350489795918364,16,4.5625,22.65929513888889,23,4.608695652173913,26.742315247838267,14,4.214285714285714,32.619142857142855,8,5.875,22.806194444444444,6,7.666666666666667,27.07401400560224,6,5.5,32.74688888888889
18015,93,1.7311827956989247,22.00933371735791,68,2.3823529411764706,25.79261449579832,97,1.6701030927835052,31.32158762886598,18,3.888888888888889,22.628224206349206,20,5.05,26.308639285714285,16,3.9375,31.5661875,2,7.5,22.911517857142854,12,6.25,26.314468253968254,5,5.4,31.75946666666667
18017,90,1.8,21.840838624338623,69,2.36231884057971,25.648268000920176,96,1.6875,31.112352430555557,18,3.888888888888889,22.482804232804234,22,4.7272727272727275,26.075704184704186,14,4.142857142857143,31.485059523809525,2,7,22.99357142857143,11,6.090909090909091,26.25443867243867,5,5.6,31.872333333333334
18019,79,2.050632911392405,22.817197257383967,58,2.7758620689655173,27.200403735632182,96,1.6770833333333333,33.094137152777776,21,4.333333333333333,23.112075396825396,28,4.25,27.373157738095237,19,3.9473684210526314,33.352745614035086,6,6.666666666666667,23.33976388888889,8,6.25,27.700635416666668,6,5.833333333333333,33.54980555555556
18021,87,1.8620689655172413,22.61475287356322,59,2.7288135593220337,26.647984546360917,92,1.75,32.34984057971015,17,4.294117647058823,23.119911764705883,25,4.6,26.904443529411765,19,3.8947368421052633,32.5960701754386,6,6,23.22613888888889,9,6.777777777777778,27.12799128540305,3,5.666666666666667,32.76733333333333
18023,92,1.7608695652173914,21.92064816252588,69,2.347826086956522,25.71217425810904,102,1.5980392156862746,31.216851307189543,18,3.9444444444444446,22.36081283068783,23,4.565217391304348,26.172609730848862,13,4.230769230769231,31.52067948717949,3,6.666666666666667,22.437654761904763,10,6.1,26.151419047619047,5,5.6,31.5816
18025,75,2.16,22.88830777777778,55,2.9454545454545453,27.02322445887446,89,1.8089887640449438,32.74464232209738,25,4.12,23.084323333333334,26,4.615384615384615,27.167974816849817,20,4.15,33.03915833333333,8,5.75,23.32330208333333,10,6.5,27.447401190476192,6,6,33.09719444444445
18027,86,1.930232558139535,23.0417546142488,65,2.4923076923076923,27.014191941391942,96,1.6875,32.67275744047619,20,4.35,23.32879484126984,24,4.541666666666667,27.226353174603176,18,3.8333333333333335,32.903039682539685,8,6,23.358757936507935,7,7.571428571428571,27.557139455782313,4,5.75,33.23159523809524
18029,85,1.9058823529411764,22.364167320261437,67,2.417910447761194,26.425226368159205,102,1.5784313725490196,32.23865359477124,20,4.1,22.64896111111111,25,4.28,26.725406666666668,15,3.8666666666666667,32.53084444444444,4,6.25,23.02813888888889,10,5.7,26.886766666666666,4,5.25,32.869416666666666
18031,87,1.8620689655172413,21.99309952563401,68,2.3676470588235294,25.93751225490196,105,1.542857142857143,31.779225396825396,20,4.1,22.247482936507936,25,4.24,26.213233333333335,12,4.166666666666667,31.919055555555556,5,6.4,22.501431746031745,8,5.875,26.525,4,5.75,32.187583333333336
18033,90,1.788888888888889,21.401607804232803,73,2.2054794520547945,25.17146640574038,95,1.694736842105263,30.657377192982455,11,4.636363636363637,21.904972943722942,19,4.526315789473684,25.688528822055137,13,4.461538461538462,30.755448717948717,4,6.75,22.24846726190476,7,6.285714285714286,25.938625850340134,4,6,30.995416666666667
18035,87,1.8505747126436782,21.748928708264916,72,2.2777777777777777,25.54425220458554,101,1.613861386138614,31.198059405940594,19,4.052631578947368,21.997199874686718,24,4.291666666666667,26.01817328042328,14,4.142857142857143,31.361,4,6.5,22.136699404761906,9,5.888888888888889,26.14179541446208,4,5.75,31.6785
18037,74,2.175675675675676,23.184860735735736,59,2.7288135593220337,27.223303672316383,91,1.7692307692307692,32.78772867608582,22,4.454545454545454,23.39566792929293,25,4.6,27.399396666666668,18,4.055555555555555,33.18240608465609,9,5.888888888888889,23.545243827160494,8,7,27.765197916666665,5,5.6,33.3751619047619
18039,94,1.7127659574468086,21.464190096251265,76,2.1315789473684212,25.314658364661653,92,1.7608695652173914,30.737160973084887,11,4.454545454545454,21.993988095238095,20,4.2,25.809951785714286,16,4.1875,30.844613095238095,3,7,22.443789682539684,6,6.166666666666667,26.105811507936508,3,7.333333333333333,31.017936507936508
18041,91,1.8021978021978022,21.811935286935288,63,2.5714285714285716,25.77191975308642,109,1.4770642201834863,31.48737003058104,18,4.055555555555555,22.079506172839505,27,4.2592592592592595,26.04577572016461,13,3.769230769230769,31.645256410256412,3,7,22.44648148148148,9,5.777777777777778,26.27427160493827,2,6.5,31.817500000000003
18043,77,2.116883116883117,22.736755411255412,59,2.7457627118644066,27.11349192897498,95,1.7052631578947368,32.996135087719296,24,4.166666666666667,22.98354861111111,28,4.285714285714286,27.258250850340136,19,4.052631578947368,33.306991228070174,5,7,23.387033333333335,8,6.25,27.602107142857143,6,6,33.478944444444444
18045,87,1.8735632183908046,22.271192528735632,68,2.3970588235294117,26.16451347009392,101,1.603960396039604,31.80262376237624,21,3.761904761904762,22.69375,22,4.7272727272727275,26.56781436210848,14,3.7857142857142856,32.03107142857143,4,6,22.87677083333333,7,7.285714285714286,26.60932132853141,3,5.333333333333333,32.41222222222222
18047,86,1.872093023255814,21.979370155038758,66,2.4393939393939394,26.003201178451178,110,1.4636363636363636,31.77831774891775,21,3.9047619047619047,22.25670634920635,27,4.148148148148148,26.297084362139916,11,4,31.985904761904763,4,6.25,22.634999999999998,8,5.875,26.587763888888887,3,6,32.17220634920635
18049,92,1.7608695652173914,21.64210468426501,71,2.267605633802817,25.4871220657277,94,1.7127659574468086,30.88327304964539,16,3.9375,22.314289434523808,22,4.409090909090909,25.93389393939394,16,4.125,31.180791666666668,2,7.5,22.824732142857144,8,6.25,26.116333333333333,4,6.25,31.371083333333335
18051,85,1.9294117647058824,23.420051540616246,66,2.5,27.261733585858586,102,1.607843137254902,33.03244607843137,23,3.869565217391304,23.69366873706004,24,4.666666666666667,27.496434027777777,18,3.611111111111111,33.27441666666667,6,5.5,23.83156349206349,11,6.181818181818182,27.676765151515152,2,5.5,33.771
18053,89,1.8314606741573034,21.72826551631889,66,2.4393939393939394,25.502857142857142,100,1.64,30.958726666666667,17,4.235294117647059,22.182978291316527,25,4.36,25.896142857142856,12,4.416666666666667,31.164805555555557,4,6.75,22.231616071428572,10,6.1,26.13452380952381,4,5.75,31.45775
18055,82,1.9634146341463414,22.80405352303523,61,2.6557377049180326,26.822389149102264,96,1.6770833333333333,32.50363640873016,20,4.25,23.092619444444445,26,4.384615384615385,27.025220695970695,17,3.8823529411764706,32.87729971988796,7,6.142857142857143,23.254984126984127,6,7.666666666666667,27.431373015873017,4,5.75,33.04269047619047
18057,96,1.6875,21.991465029761905,63,2.5555555555555554,25.95388271604938,100,1.62,31.523924523809523,15,4.266666666666667,22.42537619047619,26,4.346153846153846,26.29786965811966,15,4,31.863496825396826,4,6.5,22.586827380952382,11,5.818181818181818,26.459434343434342,4,6,32.207904761904764
18059,89,1.8089887640449438,21.91374010165864,66,2.4393939393939394,25.82604461279461,98,1.653061224489796,31.43836224489796,17,4.176470588235294,22.169286414565825,26,4.1923076923076925,26.162459401709402,17,3.6470588235294117,31.842617647058823,4,6.5,22.41509226190476,9,5.777777777777778,26.362012345679013,3,5.666666666666667,32.07122222222222
18061,78,2.0641025641025643,22.72548076923077,56,2.9285714285714284,26.963542162698413,93,1.7311827956989247,32.773361111111114,23,4.043478260869565,23.001195652173912,28,4.464285714285714,27.073512896825395,18,4.055555555555555,33.10597685185185,7,5.714285714285714,23.221071428571427,11,6.181818181818182,27.33477525252525,5,6.2,33.102516666666666
18063,89,1.8202247191011236,22.044669475655432,62,2.596774193548387,26.089302566187765,94,1.7234042553191489,31.773426291793314,17,4.0588235294117645,22.434151960784313,24,4.666666666666667,26.414656629318394,17,4,32.11188655462185,5,5.8,22.798616666666668,10,6.6,26.579842577030814,5,5.8,32.37724761904762
18065,89,1.8089887640449438,21.64875,68,2.411764705882353,25.45483660130719,103,1.5728155339805825,31.010726999537678,18,4,21.888541666666665,27,4.222222222222222,25.80477366255144,14,3.857142857142857,31.350705782312925,3,6.666666666666667,22.32486111111111,9,5.888888888888889,25.99506172839506,3,6,31.534126984126985
18067,88,1.8409090909090908,21.794008658008657,68,2.3970588235294117,25.627032212885155,102,1.5784313725490196,31.13987091503268,19,4.105263157894737,22.271724310776943,25,4.36,26.05432761904762,12,4.166666666666667,31.490986111111113,4,6.5,22.369857142857143,10,5.9,26.13215238095238,4,5.5,31.70025
18069,87,1.8620689655172413,21.627101806239736,66,2.4545454545454546,25.436468614718613,92,1.7608695652173914,30.872003623188405,17,4.117647058823529,22.12252100840336,23,4.391304347826087,25.837257763975156,14,4.285714285714286,31.031738095238094,3,7,22.56234126984127,10,6,26.080359523809523,4,6.25,31.041708333333332
18071,86,1.8837209302325582,22.596146640826873,61,2.6557377049180326,26.755911982825918,95,1.7052631578947368,32.7207671679198,18,4.611111111111111,22.964645061728394,26,4.423076923076923,26.946562728937728,17,3.9411764705882355,32.91693417366947,8,6,23.04545138888889,8,6.375,27.27351636904762,4,6,33.29592857142857
18073,97,1.6804123711340206,21.982182130584192,70,2.3142857142857145,25.81050634920635,103,1.5631067961165048,31.228967637540453,17,3.6470588235294117,22.50686274509804,22,4.363636363636363,26.21570202020202,15,3.933333333333333,31.608911111111112,1,8,23.735,8,6.25,26.428597222222223,3,6.333333333333333,31.750111111111114
18075,87,1.8505747126436782,21.63425766283525,72,2.25,25.291569444444445,100,1.61,30.797584166666667,18,4.111111111111111,21.91724537037037,23,4.391304347826087,25.79513043478261,14,4.285714285714286,30.96310119047619,3,7.333333333333333,22.37736111111111,8,6.375,25.962875,4,6.25,31.057729166666668
18077,85,1.8941176470588235,22.537803267973857,65,2.4923076923076923,26.56303717948718,106,1.5188679245283019,32.27700314465409,19,4.473684210526316,22.915698830409358,24,4.458333333333333,26.777809027777778,14,4.214285714285714,32.719095238095235,6,6.666666666666667,23.015962962962963,10,5.8,26.921241666666667,6,5.5,32.74122222222222
18079,87,1.8505747126436782,22.507580140485313,64,2.515625,26.503276041666666,104,1.5480769230769231,32.35091002747253,19,4.315789473684211,22.865761695906432,26,4.3076923076923075,26.69979487179487,10,4.3,32.69996428571429,6,6.333333333333333,22.962828703703703,8,6,27.032041666666665,3,6.333333333333333,32.940714285714286
18081,89,1.8089887640449438,22.093406367041197,63,2.5873015873015874,26.216125272331155,98,1.653061224489796,32.13750558794946,19,4.157894736842105,22.370429824561402,24,4.583333333333333,26.538162173202615,15,4,32.35936984126984,6,5.833333333333333,22.738444444444443,8,7,26.764174019607843,5,5.8,32.58127619047619
18083,85,1.8941176470588235,23.23168786181139,67,2.4029850746268657,27.121940298507464,103,1.5631067961165048,32.8399854368932,20,4.2,23.536923412698414,23,4.6521739130434785,27.338260869565218,16,3.625,33.15928125,6,6.333333333333333,23.590439153439153,8,7.125,27.561875,3,5.333333333333333,33.33255555555556
18085,89,1.8202247191011236,21.511271401819155,75,2.16,25.295455555555556,95,1.7052631578947368,30.710613199665833,14,4.428571428571429,22.06343962585034,21,4.095238095238095,25.807579365079366,14,4.357142857142857,30.738089569160998,4,7.25,22.340580357142855,6,6,26.20125,3,7.333333333333333,30.749973544973546
18087,87,1.8505747126436782,21.338497536945813,72,2.25,25.077832175925927,98,1.6428571428571428,30.431819727891156,11,5,21.845844155844155,20,4.4,25.612695833333333,13,4.076923076923077,30.59102564102564,5,6.8,21.941357142857143,7,6.285714285714286,25.796035714285715,3,6,30.928333333333335
18089,69,1.8695652173913044,22.685003623188408,57,2.280701754385965,26.26585561125035,79,1.6455696202531647,31.658722121760096,14,4.142857142857143,23.038232142857144,19,4.157894736842105,26.613619465329993,10,4.6,32.060904761904766,4,6.25,23.2994375,5,6.4,27.032587301587302,4,6.25,31.947678571428572
18091,86,1.872093023255814,22.270913344407532,70,2.3,25.804586904761905,96,1.6979166666666667,30.992902488425926,17,4.176470588235294,22.810796918767508,22,4.318181818181818,26.215276515151515,14,4.142857142857143,31.288831349206347,5,6.2,23.197542857142857,7,6.428571428571429,26.553130952380954,4,6.75,31.30820138888889
18093,82,1.9634146341463414,22.655390147115757,62,2.629032258064516,26.816564420122887,96,1.6875,32.623967757936505,20,4.4,22.945599603174603,26,4.461538461538462,27.018345924908424,15,4.066666666666666,32.95372698412698,9,5.888888888888889,23.023276895943564,6,8,27.38658234126984,4,6.25,33.05439285714286
18095,90,1.788888888888889,21.83954947089947,66,2.4393939393939394,25.720345238095238,101,1.5940594059405941,31.302958745874587,16,4.25,22.176528273809524,26,4.269230769230769,26.08203021978022,15,3.8,31.699588888888886,5,6.2,22.17972380952381,9,6,26.259661375661377,3,5.666666666666667,31.95488888888889
18097,89,1.8202247191011236,22.119827314071696,63,2.5555555555555554,26.16269778281683,97,1.6701030927835052,31.824960972017674,18,4.166666666666667,22.346646164021163,25,4.36,26.506398412698413,16,4.0625,32.259763392857145,5,6.2,22.74742619047619,11,5.7272727272727275,26.667647907647908,5,5.8,32.49274285714286
18099,90,1.8,21.592402116402116,72,2.25,25.392537037037037,91,1.7802197802197801,30.81497863247863,15,4.133333333333334,22.136746031746032,23,4.130434782608695,25.84576811594203,17,3.9411764705882355,30.936356209150325,3,7.333333333333333,22.50761904761905,6,6.5,26.171972222222223,3,6.666666666666667,31.24851851851852
18101,76,2.1184210526315788,22.918391081871345,63,2.5555555555555554,26.981855631141347,91,1.7802197802197801,32.73592987964417,18,4.888888888888889,23.160706790123456,22,4.7272727272727275,27.243950216450216,16,4.25,32.97622619047619,8,6.875,23.205444444444446,7,7.714285714285714,27.525034013605442,7,5.428571428571429,32.9894693877551
18103,87,1.8620689655172413,21.766915571975918,68,2.3676470588235294,25.579549369747898,98,1.6428571428571428,31.01888605442177,18,4.166666666666667,22.330925264550263,23,4.521739130434782,25.996493788819876,12,4.166666666666667,31.360069444444445,4,6.75,22.342080357142855,10,6.2,26.212519047619047,4,5.75,31.66583333333333
18105,88,1.8409090909090908,22.409426767676766,63,2.5555555555555554,26.64049428660353,94,1.7234042553191489,32.46926317122594,19,4.2631578947368425,22.841029239766083,24,4.5,26.901089169000933,14,4.142857142857143,32.82755272108844,7,6.142857142857143,22.938031746031747,6,7.666666666666667,27.261856676003735,5,5.8,33.03298095238095
18107,87,1.8505747126436782,22.132518199233715,62,2.629032258064516,25.99907183518569,98,1.653061224489796,31.542938775510205,19,3.8947368421052633,22.50942543859649,24,4.708333333333333,26.322393907563026,15,3.8666666666666667,31.8672,5,5.8,22.80765,9,6.888888888888889,26.38712449424214,4,5.5,32.334500000000006
18109,88,1.8295454545454546,22.243974116161617,61,2.639344262295082,26.391450016072003,95,1.694736842105263,32.217711027568924,16,4.625,22.63810763888889,24,4.541666666666667,26.697852124183008,14,4.071428571428571,32.4933962585034,8,5.875,22.824444444444445,7,7.285714285714286,26.972635854341735,5,5.8,32.774342857142855
18111,96,1.6770833333333333,22.049292534722223,68,2.3823529411764706,25.87668300653595,99,1.6363636363636365,31.235198653198655,17,3.6470588235294117,22.543651960784313,22,4.454545454545454,26.251338383838384,13,4.230769230769231,31.724589743589743,1,8,23.83125,9,6.222222222222222,26.405864197530864,4,6.25,31.846791666666668
18113,89,1.8089887640449438,21.401330925628677,71,2.2816901408450705,25.14582679409792,96,1.6770833333333333,30.551649305555557,10,5.2,22.033345238095237,20,4.5,25.63868511904762,14,4.071428571428571,30.67738095238095,5,6.8,22.044857142857143,8,6.125,25.832650297619047,3,6,30.965555555555554
18115,83,1.9518072289156627,22.459574297188755,64,2.515625,26.659660094246032,108,1.4907407407407407,32.512470679012345,22,4,22.670439393939393,25,4.36,26.90472984126984,15,3.8,32.87278888888889,5,6,23.006266666666665,10,6,27.046074603174603,4,5.25,33.219833333333334
18117,76,2.1315789473684212,22.723581140350877,54,2.9814814814814814,26.881486331569665,88,1.8295454545454546,32.67374391233766,22,4.454545454545454,22.908734848484848,26,4.653846153846154,27.030394688644687,18,4.333333333333333,32.919692460317464,9,6.111111111111111,23.07459259259259,7,7.857142857142857,27.37789455782313,7,6,33.07123299319728
18119,85,1.9176470588235295,22.456144444444444,60,2.75,26.635970634920636,95,1.694736842105263,32.38065263157895,18,4.444444444444445,22.859848765432098,27,4.481481481481482,26.829379188712522,16,3.9375,32.6954375,7,6.142857142857143,23.00353968253968,7,7.285714285714286,27.18474829931973,5,5.4,33.0114
18121,83,1.9518072289156627,22.445138554216868,61,2.6557377049180326,26.448351930936308,97,1.6804123711340206,32.063900343642615,19,4.105263157894737,22.923236842105265,24,4.708333333333333,26.73581115779645,16,3.75,32.465520833333336,5,6,23.1353,8,7,26.86076680672269,2,5.5,32.71666666666667
18123,70,2.3142857142857145,23.268858333333334,57,2.824561403508772,27.277464076858813,90,1.788888888888889,32.886325,25,4.12,23.422803333333334,26,4.615384615384615,27.42155586080586,20,3.9,33.1447125,7,5.571428571428571,23.63870238095238,8,7.25,27.773910714285712,6,5.5,33.380291666666665
18125,78,2.1025641025641026,23.28852197802198,66,2.4545454545454546,27.184248737373736,100,1.62,32.7855480952381,23,4.173913043478261,23.508465838509316,23,4.695652173913044,27.433061594202897,14,4,33.28534353741497,9,5.333333333333333,23.60663492063492,9,6.666666666666667,27.655509259259258,4,5.75,33.45161904761905
18127,69,1.8695652173913044,22.561941683919944,55,2.3454545454545452,26.113904545454545,76,1.6973684210526316,31.50347514619883,14,3.9285714285714284,23.00028401360544,19,4.2105263157894735,26.44630263157895,11,4.090909090909091,31.76537373737374,3,6.333333333333333,23.457714285714285,5,6.8,26.865616666666668,3,6.333333333333333,31.644148148148147
18129,83,1.9879518072289157,23.60434872824632,66,2.4393939393939394,27.486208694083693,97,1.6597938144329898,33.23336426116838,22,4,23.9252702020202,26,4.269230769230769,27.72345283882784,18,3.7222222222222223,33.428407407407406,5,6.4,24.13168888888889,10,6,27.95622738095238,3,6,33.650166666666664
18131,95,1.7263157894736842,21.837972431077695,70,2.3,25.682602380952382,94,1.7234042553191489,31.08050354609929,15,4,22.57315873015873,22,4.409090909090909,26.10305303030303,16,4.1875,31.382333333333335,2,7.5,22.954107142857143,8,6.25,26.276416666666666,5,5.8,31.573966666666667
18133,89,1.8202247191011236,22.20600468164794,61,2.639344262295082,26.28473212563714,99,1.6262626262626263,31.964560606060605,16,4.3125,22.730901041666666,24,4.666666666666667,26.58348581932773,15,3.933333333333333,32.442766666666664,6,6,22.892125,9,6.777777777777778,26.816425147836913,4,5.5,32.60308333333333
18135,86,1.8837209302325582,21.55970930232558,68,2.3676470588235294,25.273145424836603,96,1.6770833333333333,30.825885664682538,18,4.277777777777778,21.816666666666666,25,4.36,25.654555555555557,14,4.357142857142857,30.946430272108845,4,7,22.058541666666667,8,6.5,25.849027777777778,4,6.5,31.153130952380952
18137,87,1.8505747126436782,22.06384674329502,69,2.347826086956522,26.08319806763285,105,1.5333333333333334,31.869153514739228,23,3.9130434782608696,22.321724637681157,26,4.153846153846154,26.369064102564103,13,4,32.16470146520147,5,6,22.6776,8,5.875,26.688833333333335,4,5.5,32.58007142857143
18139,88,1.8295454545454546,21.797122474747475,65,2.476923076923077,25.683349572649572,103,1.5631067961165048,31.3358786407767,17,4.176470588235294,21.906281045751633,27,4.148148148148148,25.967137860082303,15,3.6666666666666665,31.597033333333332,4,6.5,22.247527777777776,8,5.875,26.19086111111111,3,5.666666666666667,31.541555555555554
18141,94,1.7127659574468086,21.534231382978724,70,2.3,25.51834404761905,90,1.8,31.072911816578483,12,4.166666666666667,22.112729166666668,21,4.380952380952381,25.901623015873017,16,4.25,31.19794146825397,3,6.333333333333333,22.20925,7,6.428571428571429,26.12891666666667,4,7,31.39343253968254
18143,85,1.8941176470588235,22.779203921568627,61,2.6721311475409837,26.85729293520687,100,1.61,32.671014285714286,19,4.473684210526316,23.15222807017544,28,4.25,27.012673894557825,14,4.142857142857143,33.10795918367347,6,6.666666666666667,23.243444444444446,8,6.125,27.36935863095238,5,5.6,33.19561904761905
18145,89,1.8089887640449438,22.080144194756553,67,2.417910447761194,25.998541459369818,102,1.5784313725490196,31.73988258636788,18,4.111111111111111,22.330435185185184,27,4.074074074074074,26.301195473251028,12,4.166666666666667,32.170251984126985,5,6.2,22.675233333333335,7,6,26.62973015873016,4,6,32.11346428571429
18147,73,2.219178082191781,23.462269406392693,61,2.6721311475409837,27.341548399687746,95,1.7157894736842105,32.8762201754386,24,4.125,23.64523611111111,25,4.64,27.553378095238095,18,4,33.18505092592593,7,5.571428571428571,23.727595238095237,11,6.090909090909091,27.77881385281385,5,5.6,33.47385
18149,98,1.6428571428571428,21.813090379008745,70,2.3,25.651802380952383,92,1.75,31.12157518115942,13,4.153846153846154,22.574065934065935,22,4.2727272727272725,26.020962121212122,17,4,31.357642156862745,3,6.666666666666667,22.775952380952383,7,6.428571428571429,26.247904761904763,3,6.333333333333333,31.751361111111112
18151,85,1.9176470588235295,21.240350420168067,75,2.1733333333333333,24.92023095238095,97,1.6701030927835052,30.226924398625428,13,4.923076923076923,21.640368131868133,21,4.285714285714286,25.42249149659864,15,3.8666666666666667,30.365444444444442,8,5.875,21.645702380952383,6,6.5,25.72844246031746,3,6,30.743333333333332
18153,84,1.9166666666666667,23.018806216931218,61,2.6557377049180326,26.91052341920375,102,1.607843137254902,32.49385620915033,19,4.157894736842105,23.360248538011696,26,4.5,27.094497252747253,18,3.6666666666666665,32.8112962962963,7,5.857142857142857,23.54126984126984,7,7.285714285714286,27.431585034013604,3,5.333333333333333,32.855555555555554
18155,84,1.9404761904761905,22.409001984126984,64,2.515625,26.65456138392857,107,1.514018691588785,32.49753293279929,22,4.090909090909091,22.649371212121213,26,4.269230769230769,26.875074175824174,14,4.071428571428571,32.914001700680274,7,5.714285714285714,22.849809523809522,9,6,27.1150291005291,4,5.75,33.10379761904762
18157,99,1.6363636363636365,22.13614983164983,69,2.3333333333333335,25.998296756383713,99,1.6262626262626263,31.63203872053872,19,3.5789473684210527,22.72230701754386,21,4.666666666666667,26.51773696145125,13,4,31.931294871794872,2,6.5,23.050250000000002,10,6,26.47624761904762,4,5.25,32.024
18159,89,1.8202247191011236,21.804905296950242,66,2.4393939393939394,25.6566822991823,100,1.61,31.200323333333333,16,4.375,22.278848214285713,27,4.222222222222222,26.01966784244562,13,4.230769230769231,31.552871794871795,5,6.4,22.279314285714285,10,5.9,26.12226984126984,4,5.5,31.753500000000003
18161,90,1.8222222222222222,21.692168518518518,62,2.6129032258064515,25.689859318996415,104,1.5480769230769231,31.448595467032966,18,4,21.971675925925926,27,4.333333333333333,25.970232510288067,12,3.9166666666666665,31.70782738095238,3,6.333333333333333,22.579222222222224,10,5.7,26.15271111111111,2,6.5,31.69571428571429
18163,80,2.0125,23.598121924603173,64,2.515625,27.551726376488094,92,1.7608695652173914,33.37142934782609,20,4.1,23.8869876984127,25,4.44,27.754619523809524,21,3.761904761904762,33.47340476190476,5,6.4,24.08211746031746,10,6.2,27.981132142857142,4,5.75,33.82475
18165,85,1.9058823529411764,22.550257843137256,63,2.5555555555555554,26.51126179360633,96,1.6875,32.08867708333333,18,4.111111111111111,23.042328703703703,23,4.695652173913044,26.821717086834735,16,3.8125,32.4039375,5,6,23.196383333333333,7,7.428571428571429,26.915165666266507,3,5.666666666666667,32.73877777777778
18167,87,1.8505747126436782,22.816936781609197,60,2.683333333333333,26.80600892857143,96,1.6770833333333333,32.433104166666666,20,3.9,23.293675,23,4.739130434782608,27.063936335403728,17,3.764705882352941,32.73576470588235,5,6,23.5122,9,6.777777777777778,27.23552248677249,3,5.333333333333333,32.86211111111111
18169,87,1.8505747126436782,21.679142720306512,66,2.4393939393939394,25.48095713083213,98,1.663265306122449,30.864613095238095,16,4.1875,22.280338541666666,23,4.434782608695652,25.894050897170462,13,4.230769230769231,31.04323717948718,3,7.333333333333333,22.542916666666667,10,6.1,26.120400396825396,4,6.25,31.226979166666666
18171,92,1.7608695652173914,22.234608695652174,70,2.3,26.08213137254902,104,1.5480769230769231,31.65010576923077,21,3.7142857142857144,22.724714285714285,23,4.521739130434782,26.483660699062234,11,4.090909090909091,32.06372727272727,3,6,23.089666666666666,6,7.5,26.535421568627452,4,5.25,32.128166666666665
18173,80,2.0375,23.546378571428573,65,2.476923076923077,27.433527472527473,97,1.6804123711340206,33.12356013745705,21,3.9523809523809526,23.835251700680274,23,4.608695652173913,27.681055900621118,19,3.789473684210526,33.33580701754386,5,5.6,24.094057142857142,9,6.222222222222222,27.9390873015873,3,6,33.702333333333335
18175,83,1.9397590361445782,22.473987282463185,60,2.716666666666667,26.691507142857144,95,1.7052631578947368,32.56540350877193,19,4.473684210526316,22.84899707602339,28,4.285714285714286,26.84644387755102,19,3.789473684210526,32.90017543859649,6,6.666666666666667,22.978074074074073,8,6.125,27.227553571428572,3,6.666666666666667,33.068333333333335
18177,87,1.8505747126436782,21.67640166028097,66,2.4545454545454546,25.462082491582493,105,1.5333333333333334,31.111885034013607,16,4.25,21.951684027777777,26,4.269230769230769,25.8097094017094,14,3.857142857142857,31.313780612244898,3,7,22.23037037037037,9,5.888888888888889,25.9911975308642,3,6,31.481809523809524
18179,89,1.8089887640449438,21.65068445692884,71,2.323943661971831,25.35970461658842,94,1.7127659574468086,30.808764184397162,18,3.6666666666666665,22.097828703703705,23,4.304347826086956,25.82691425120773,14,4.285714285714286,30.95884523809524,2,6.5,22.872124999999997,9,6,26.103132716049384,4,6.25,30.978041666666666
18181,91,1.7692307692307692,22.01318746729461,67,2.4029850746268657,25.79682006633499,97,1.6804123711340206,31.228733676975946,18,3.8333333333333335,22.588892195767198,23,4.521739130434782,26.241171497584542,14,4.428571428571429,31.60872619047619,2,7.5,22.96794642857143,9,6.333333333333333,26.367345679012345,6,5.666666666666667,31.933555555555557
18183,90,1.8,21.49389417989418,68,2.3676470588235294,25.27239355742297,94,1.7234042553191489,30.744504812563324,14,4,22.120391156462585,21,4.428571428571429,25.713226757369615,15,4,30.756896825396826,3,7,22.45738095238095,7,6.571428571428571,26.02551360544218,2,6.5,31.247142857142855
19001,86,1.8837209302325582,22.242571705426357,69,2.3333333333333335,26.245006038647343,95,1.694736842105263,31.46667067669173,14,4.928571428571429,22.57579761904762,23,4.434782608695652,26.46393115942029,17,3.823529411764706,31.564336134453782,6,7.166666666666667,22.553944444444443,5,8.2,26.78475,4,5.75,31.680095238095237
19003,85,1.9058823529411764,22.410543697478992,70,2.3,26.428136904761903,106,1.5188679245283019,31.671069182389935,15,4.8,22.60774761904762,21,4.571428571428571,26.62236111111111,15,3.7333333333333334,31.71622222222222,6,7,22.627285714285716,5,8,26.886083333333332,3,5.333333333333333,31.78
19005,84,1.9166666666666667,21.487272959183674,71,2.2816901408450705,25.50720070422535,99,1.6262626262626263,30.712170033670034,20,3.95,21.78129642857143,24,4.125,25.78859375,14,3.9285714285714284,30.97963095238095,5,6,21.990019047619047,6,6.166666666666667,25.64673611111111,3,6.666666666666667,30.83716666666667
19007,79,2.037974683544304,22.808382760699217,71,2.2816901408450705,26.664710725893826,95,1.694736842105263,32.00279949874687,19,4.105263157894737,23.106959899749373,19,4.684210526315789,26.97391902834008,15,4.4,32.10573015873016,6,6,23.21870634920635,7,7,27.098494505494504,3,8,32.27809523809524
19009,88,1.8295454545454546,22.10281845238095,69,2.3333333333333335,26.08892213020474,105,1.542857142857143,31.25727006802721,13,5.076923076923077,22.40869413919414,23,4.3478260869565215,26.26263595583161,14,3.9285714285714284,31.362382653061225,7,6.571428571428571,22.46769387755102,6,7,26.53607671957672,4,6,31.530214285714283
19011,89,1.8314606741573034,22.10734706616729,71,2.295774647887324,26.173878772635813,96,1.6770833333333333,31.339359241452993,20,3.8,22.287444444444443,24,4.458333333333333,26.386683035714285,15,4.4,31.621565811965812,2,7.5,22.84861111111111,7,7,26.48612755102041,5,6.6,31.56203076923077
19013,90,1.788888888888889,21.964875925925927,73,2.2054794520547945,25.986260273972604,96,1.7083333333333333,31.276164682539683,18,3.8333333333333335,22.15465740740741,23,4.391304347826087,26.284,18,3.9444444444444446,31.345378306878306,5,5.4,22.2206,7,6.857142857142857,26.37992857142857,4,6.5,31.393785714285713
19015,88,1.8295454545454546,22.164443813131314,73,2.2054794520547945,26.22728930202218,94,1.7127659574468086,31.41733451536643,14,4.642857142857143,22.578289682539683,22,4.2272727272727275,26.506459956709957,18,3.888888888888889,31.54108024691358,6,6.333333333333333,22.576981481481482,7,6,26.664707482993197,4,6,31.705277777777777
19017,89,1.8202247191011236,21.74242509363296,73,2.2054794520547945,25.73847907153729,97,1.6597938144329898,30.97681701030928,20,4,21.921791666666667,23,4.304347826086956,26.04212922705314,16,4.0625,31.059453125,6,6,22.080694444444443,7,6.571428571428571,26.195329365079367,3,7.333333333333333,30.85597222222222
19019,94,1.7234042553191489,21.748948581560285,73,2.219178082191781,25.759562785388127,92,1.75,30.972022127329193,18,3.7222222222222223,21.962287037037036,24,4.333333333333333,26.044711805555554,12,5.083333333333333,31.064252976190478,3,5.333333333333333,22.579,6,7,26.100375,6,7,31.055867063492062
19021,90,1.8,21.78126560846561,73,2.2054794520547945,25.7655131550337,109,1.4770642201834863,30.93281498470948,13,4.923076923076923,22.077992673992675,20,4.6,26.094373015873014,13,3.5384615384615383,31.396679487179487,8,5.875,22.34663392857143,7,6.714285714285714,26.30392290249433,2,5.5,31.48466666666667
19023,87,1.8505747126436782,21.82750191570881,74,2.175675675675676,25.78906965894466,96,1.6875,31.033737847222223,17,4.117647058823529,22.067509803921567,22,4.318181818181818,26.12005248917749,19,3.8421052631578947,31.100201754385967,5,5.8,22.064533333333333,7,6.428571428571429,26.275760204081635,4,6.75,31.12366666666667
19025,97,1.6804123711340206,21.961581615120274,73,2.2054794520547945,26.0253657316808,100,1.63,31.249082777777776,13,4.230769230769231,22.451416666666667,21,4.380952380952381,26.29674754346183,15,3.8,31.504885185185184,6,5.666666666666667,22.68973611111111,7,6.428571428571429,26.487861678004535,3,6.333333333333333,31.35414814814815
19027,93,1.7419354838709677,22.01511968766001,73,2.2054794520547945,26.04173689932594,100,1.61,31.207310952380954,14,4.642857142857143,22.329366496598638,20,4.5,26.28283968253968,15,3.8,31.335739682539682,7,6.142857142857143,22.575518707482992,7,6.285714285714286,26.565256235827665,4,5.75,31.340273809523808
19029,81,2,22.30684626690182,73,2.2465753424657535,26.285867579908675,110,1.509090909090909,31.524860822510824,15,5.066666666666666,22.467636507936508,23,4.434782608695652,26.501884057971015,13,4.076923076923077,31.508822344322343,7,7.142857142857143,22.52957823129252,5,8.2,26.813833333333335,4,5.75,31.64179761904762
19031,90,1.8,22.229311111111112,69,2.3333333333333335,26.32090513351383,92,1.75,31.358686594202897,16,3.9375,22.7351875,22,4.863636363636363,26.55465700965701,14,4.571428571428571,31.81922619047619,3,6.333333333333333,22.896833333333333,6,8.666666666666666,26.542631257631257,5,6.6,31.9425
19033,92,1.75,21.54749275362319,75,2.1466666666666665,25.539371111111112,105,1.561904761904762,30.638447619047618,16,4,21.913395833333333,21,4.238095238095238,25.922753968253968,16,3.625,31.131375000000002,4,5.75,22.11691666666667,7,5.857142857142857,26.186238095238096,2,5.5,31.239333333333335
19035,87,1.8620689655172413,21.798756704980843,71,2.267605633802817,25.82253442879499,109,1.4770642201834863,30.923215596330277,13,4.923076923076923,22.16629487179487,21,4.619047619047619,26.10428306878307,15,3.466666666666667,31.2967,8,5.875,22.412104166666666,8,6.5,26.281347222222223,2,5.5,31.519833333333334
19037,88,1.8522727272727273,21.39383225108225,73,2.2054794520547945,25.431082517938684,107,1.514018691588785,30.65396028037383,19,3.8947368421052633,21.62222305764411,22,4.2727272727272725,25.714046536796538,14,3.642857142857143,30.677410714285713,5,5.6,21.936114285714286,8,6.125,25.823107142857143,1,8,30.77875
19039,78,2.0641025641025643,22.521280913530912,72,2.236111111111111,26.440086360398862,95,1.694736842105263,31.75390350877193,18,4.5,22.770550625300626,21,4.428571428571429,26.705057997557997,14,4.285714285714286,31.923988095238094,6,6.833333333333333,22.888179653679654,5,7.6,26.93074358974359,4,6.75,31.77166666666667
19041,87,1.8620689655172413,21.618239463601533,72,2.236111111111111,25.617434744268078,113,1.4424778761061947,30.72189085545723,16,4.5625,21.871364583333335,19,4.631578947368421,25.9644895572264,10,3.9,31.028366666666667,7,6.142857142857143,22.166214285714286,8,6.25,26.137329365079363,3,5.666666666666667,31.170111111111112
19043,90,1.788888888888889,21.633440740740742,68,2.3676470588235294,25.649060399159662,103,1.5631067961165048,30.918077669902914,19,3.789473684210526,21.919456140350878,22,4.590909090909091,25.95391396103896,11,4.363636363636363,31.097,4,5.75,22.331583333333334,7,7.142857142857143,26.032896258503403,4,6.5,31.06925
19045,89,1.8089887640449438,22.245126404494382,67,2.4029850746268657,26.310180822080078,94,1.7127659574468086,31.48053259683579,17,3.8823529411764706,22.629485294117647,20,5.1,26.570105753968253,14,4.571428571428571,32.026076007326004,2,7,23.298125,6,8.5,26.647852513227512,4,7.5,32.109391025641024
19047,88,1.8522727272727273,22.051607954545453,72,2.236111111111111,26.07272156084656,103,1.5631067961165048,31.312595006934814,15,4.733333333333333,22.260766666666665,19,4.631578947368421,26.31452380952381,13,3.8461538461538463,31.346714285714285,7,6.142857142857143,22.628666666666668,6,7,26.50404761904762,4,5.75,31.25932142857143
19049,85,1.9058823529411764,22.412429318394025,66,2.4393939393939394,26.53387896825397,98,1.663265306122449,31.783482142857142,15,4.533333333333333,22.821099470899473,23,4.478260869565218,26.708522256728777,16,4.1875,31.940390625,6,6.333333333333333,22.97608201058201,6,7.333333333333333,26.88655753968254,4,6.75,32.04052083333333
19051,82,1.975609756097561,22.78573824041812,70,2.3,26.755116666666666,96,1.6770833333333333,32.089636994949494,19,4.105263157894737,23.155554511278197,20,4.55,27.007908333333333,13,4.538461538461538,32.37078088578089,6,6,23.25856150793651,6,7,27.314416666666666,3,8.333333333333334,32.636161616161615
19053,82,1.975609756097561,22.640632113821137,73,2.2054794520547945,26.57887250991018,93,1.7311827956989247,31.976312596006146,18,4.388888888888889,22.83037962962963,19,4.526315789473684,26.86408911702333,18,4,31.916781746031745,6,6.5,23.029333333333334,5,7.6,27.00537197802198,3,7.333333333333333,31.96652380952381
19055,91,1.7692307692307692,21.66385164835165,76,2.1447368421052633,25.633775845864662,104,1.5480769230769231,30.893033653846153,17,3.764705882352941,22.01091176470588,20,4.65,26.077098214285716,11,4.545454545454546,31.041863636363637,3,5.666666666666667,22.481,6,7.333333333333333,26.05449404761905,4,6.75,31.234291666666664
19057,91,1.7692307692307692,22.985730333158905,69,2.347826086956522,26.88835711631364,91,1.7692307692307692,31.994925158175157,16,4.125,23.45227876984127,21,4.476190476190476,27.201982905982906,17,4.470588235294118,32.384011140819965,4,6.75,23.394531746031745,6,6.666666666666667,27.294995726495728,5,7,32.85413787878788
19059,87,1.8505747126436782,21.486430076628352,76,2.1184210526315788,25.44272901002506,104,1.5480769230769231,30.582951923076923,18,4.277777777777778,21.880800925925925,22,4.136363636363637,25.841472943722945,10,4.3,30.8932,6,6.166666666666667,22.068236111111112,8,5.625,26.151238095238096,4,5.75,30.931333333333335
19061,85,1.8941176470588235,21.928313725490195,69,2.3333333333333335,25.92452812284334,96,1.6770833333333333,31.27883420138889,20,3.7,22.231333333333332,19,5.157894736842105,26.321970551378445,14,4.571428571428571,31.489505952380952,3,5.333333333333333,22.77777777777778,8,7.375,26.305721726190477,4,7.25,31.602645833333334
19063,88,1.8409090909090908,21.55832575757576,75,2.1466666666666665,25.519759682539682,103,1.5631067961165048,30.681071197411004,19,4.2105263157894735,21.863035087719297,19,4.473684210526316,25.89457769423559,11,4.181818181818182,30.96730303030303,6,6.166666666666667,22.129194444444444,7,6.428571428571429,26.234925170068028,4,5.5,31.094666666666665
19065,94,1.7234042553191489,21.45507624113475,77,2.090909090909091,25.47461811997526,98,1.653061224489796,30.743180272108845,19,3.6842105263157894,21.71748245614035,24,3.9583333333333335,25.8518998015873,14,4.285714285714286,30.82261904761905,4,5.5,22.165333333333333,5,6.2,25.670285714285715,4,7,30.511875
19067,85,1.8941176470588235,21.520934733893558,76,2.1184210526315788,25.528412280701755,103,1.5631067961165048,30.73203074433657,21,3.857142857142857,21.68878344671202,22,4.181818181818182,25.87337878787879,13,4,30.98955128205128,6,5.666666666666667,22.086714285714287,8,5.875,26.029604166666665,2,7.5,30.689166666666665
19069,92,1.7608695652173914,21.761934265010353,77,2.103896103896104,25.686372758194185,99,1.6262626262626263,30.86170202020202,17,4.0588235294117645,22.03987955182073,21,4.238095238095238,26.07550963718821,16,3.9375,31.20584375,5,5.8,21.91592380952381,8,5.875,26.200504464285714,3,6.666666666666667,31.087
19071,90,1.788888888888889,22.793376851851853,69,2.3333333333333335,26.905800034506555,103,1.5631067961165048,32.20503236245955,15,4.333333333333333,22.980594444444446,22,4.590909090909091,27.015009199134198,15,3.8666666666666667,32.279555555555554,4,7,23.0961875,6,7.833333333333333,27.15864484126984,4,5.25,32.14791666666667
19073,90,1.8,22.194504938271606,71,2.267605633802817,26.281221886876818,92,1.7608695652173914,31.469590579710143,13,4.923076923076923,22.600418803418805,21,4.476190476190476,26.530797808012093,19,3.8421052631578947,31.583280701754386,7,6.285714285714286,22.70470634920635,7,6.571428571428571,26.65941723356009,4,6,31.756833333333333
19075,91,1.7802197802197801,21.97618498168498,75,2.1466666666666665,25.918077407407406,99,1.6262626262626263,31.086112794612795,17,3.9411764705882355,22.17604901960784,21,4.380952380952381,26.22146693121693,17,3.764705882352941,31.317362745098038,4,6.25,22.400916666666667,8,6.125,26.279163194444443,5,5.2,31.227866666666667
19077,86,1.8837209302325582,22.274432447397565,69,2.3333333333333335,26.310796526340006,92,1.7608695652173914,31.55312280020704,14,4.785714285714286,22.683656462585034,23,4.478260869565218,26.493259144237406,18,4,31.529849867724867,5,7,22.80090476190476,5,8.4,26.839492063492063,4,6.5,31.727449404761906
19079,92,1.7608695652173914,21.934636775362318,75,2.16,25.961113333333333,97,1.6597938144329898,31.112092783505155,14,4.428571428571429,22.345113095238094,20,4.4,26.318425,19,3.6315789473684212,31.27621052631579,6,5.666666666666667,22.463319444444444,8,6.125,26.337520833333333,3,5,31.209333333333333
19081,90,1.8222222222222222,21.620590211640213,75,2.1466666666666665,25.58634222222222,100,1.61,30.729846666666667,17,4.176470588235294,21.94194817927171,19,4.473684210526316,26.002929824561402,17,3.6470588235294117,31.144098039215688,5,6,22.02212380952381,7,6.285714285714286,26.24116666666667,2,5.5,31.289833333333334
19083,92,1.75,21.943215579710145,74,2.175675675675676,25.88460489060489,98,1.6428571428571428,30.978091836734695,17,3.9411764705882355,22.109460784313725,21,4.333333333333333,26.213131519274377,16,3.9375,31.232375,3,6.666666666666667,22.74138888888889,8,6,26.28874107142857,5,5.4,30.9496
19085,86,1.872093023255814,22.449728682170544,75,2.16,26.488548994708996,107,1.514018691588785,31.861783044058743,15,4.6,22.69677777777778,20,4.5,26.70505873015873,16,3.6875,31.852861607142856,7,5.857142857142857,22.784285714285716,6,7,26.90769576719577,4,5.5,31.86457142857143
19087,94,1.7340425531914894,22.722140070921984,67,2.4029850746268657,26.77937735771691,93,1.7311827956989247,31.854829423264906,18,3.9444444444444446,23.191175925925926,21,4.666666666666667,27.01587061747776,16,4.5,32.26807102272727,4,6,23.20841666666667,6,7.5,27.09471382783883,5,7,32.48549393939394
19089,93,1.7419354838709677,21.145250640040963,78,2.076923076923077,25.16353663003663,103,1.5631067961165048,30.334978964401294,19,3.789473684210526,21.434911027568923,22,4.045454545454546,25.48844805194805,14,4,30.52127380952381,4,5.75,21.976869047619047,7,5.714285714285714,25.801789115646258,3,6.333333333333333,30.264
19091,87,1.8620689655172413,21.876033524904216,74,2.189189189189189,25.899260510510512,104,1.5576923076923077,31.052216346153845,16,4,22.03593229166667,22,4.318181818181818,26.194330808080807,17,3.5294117647058822,31.320617647058825,5,5.8,22.699816666666667,7,6.142857142857143,26.383492063492064,3,5,31.472666666666665
19093,90,1.8111111111111111,21.96181851851852,69,2.3333333333333335,25.96172187715666,110,1.4636363636363636,31.143254545454546,16,4.5625,22.214916666666667,21,4.476190476190476,26.208038548752835,13,3.5384615384615383,31.40946153846154,8,5.875,22.50025,7,6.714285714285714,26.397687074829932,2,5.5,31.479
19095,90,1.788888888888889,22.291771296296297,72,2.236111111111111,26.393089438339437,95,1.694736842105263,31.527791228070175,17,4.0588235294117645,22.679377450980393,21,4.523809523809524,26.626782836211408,16,4.375,31.862822916666666,5,5.8,22.568716666666667,6,7.333333333333333,26.693878815628814,5,6.6,31.8272
19097,86,1.8837209302325582,21.986554263565893,68,2.3676470588235294,26.072023867880485,90,1.8,31.27716752136752,20,3.8,22.308683333333335,20,5.1,26.40838115079365,14,5,31.547505494505494,2,5.5,23.26683333333333,7,7.857142857142857,26.499065192743764,4,8.75,31.755019230769232
19099,84,1.9285714285714286,22.435977513227513,70,2.3,26.50503846153846,98,1.6428571428571428,31.64933843537415,17,4.352941176470588,22.75365359477124,23,4.434782608695652,26.685769230769232,15,4.266666666666667,31.93601111111111,6,6.333333333333333,22.88299074074074,7,6.857142857142857,26.74967032967033,3,7.666666666666667,32.16866666666667
19101,88,1.8295454545454546,22.678765588578088,66,2.4393939393939394,26.7236047979798,94,1.7127659574468086,31.875712846550613,18,4.166666666666667,23.036742877492877,23,4.521739130434782,26.900561594202898,14,4.571428571428571,32.323714826839826,4,7.25,23.23680128205128,8,6.625,27.087239583333332,3,8.333333333333334,32.5742803030303
19103,91,1.7692307692307692,22.36110347985348,73,2.26027397260274,26.45064744844197,94,1.7127659574468086,31.58451063829787,16,4.0625,22.896901041666666,22,4.545454545454546,26.659421078921078,16,4.1875,31.9518125,3,6.333333333333333,23.001805555555556,6,7.666666666666667,26.658432844932847,3,7.333333333333333,32.01994444444445
19105,88,1.8409090909090908,21.894238636363635,73,2.2054794520547945,25.919700260926287,97,1.6597938144329898,31.02528878252332,19,3.789473684210526,22.262,23,4.565217391304348,26.231005175983437,13,4.6923076923076925,31.37638553113553,3,5.333333333333333,22.596,6,7.666666666666667,26.325936507936508,4,7.5,31.631794642857145
19107,89,1.8202247191011236,22.543058052434457,68,2.3676470588235294,26.605226715686275,90,1.788888888888889,31.737004966329966,17,4.117647058823529,22.957774509803922,24,4.291666666666667,26.80939236111111,18,4.333333333333333,32.06558038720539,5,6,22.9446,7,6.571428571428571,27.08732142857143,5,7,32.07792272727273
19109,84,1.9285714285714286,21.67780073696145,73,2.219178082191781,25.672355620787126,104,1.5480769230769231,30.761261446886447,17,4.294117647058823,21.963544817927172,19,4.7368421052631575,26.03378738512949,14,3.7142857142857144,31.221513605442176,6,6,22.237682539682538,8,6.375,26.247640873015875,3,6,31.144285714285715
19111,82,1.975609756097561,23.067916327913277,66,2.4393939393939394,27.07018990731491,91,1.7692307692307692,32.25772489415347,18,4.388888888888889,23.395507716049384,22,4.681818181818182,27.340115176490176,16,4.5,32.70987283549783,7,6.142857142857143,23.317138888888888,7,7.142857142857143,27.358219126111983,5,6.8,33.06225974025974
19113,92,1.7608695652173914,22.085652173913044,71,2.267605633802817,26.275242845964677,90,1.788888888888889,31.546218945868947,19,3.736842105263158,22.425789473684212,24,4.458333333333333,26.488010085978836,13,4.923076923076923,31.79574654832347,2,7,23.11958333333333,6,7.666666666666667,26.599262566137565,5,7.4,31.785107692307694
19115,92,1.7717391304347827,22.712877508361203,69,2.3333333333333335,26.72931101909363,92,1.7608695652173914,31.74380764163373,16,4.25,23.187795673076923,22,4.545454545454546,26.949430014430014,17,4.176470588235294,32.25766488413547,4,7.25,23.03930769230769,4,9.75,27.01519841269841,5,6.4,32.33072727272727
19117,77,2.090909090909091,22.68004205318491,69,2.3333333333333335,26.57499620427881,96,1.6770833333333333,31.86669494047619,17,4.588235294117647,22.987543417366947,23,4.260869565217392,26.78585817805383,15,4.4,31.920180952380953,7,6.571428571428571,22.953319727891156,6,7,27.091761904761903,4,7,31.844011904761903
19119,88,1.8409090909090908,21.518166666666666,79,2.0632911392405062,25.60163893911995,115,1.4,30.85342608695652,17,4.294117647058823,21.958450980392158,19,4.578947368421052,26.009972431077696,11,4,31.085363636363635,8,5.5,22.165041666666667,9,5.777777777777778,26.078089947089946,3,5.666666666666667,31.26522222222222
19121,80,2.0125,22.486682043650795,72,2.2777777777777777,26.444227017195768,94,1.7127659574468086,31.727003477905072,16,4.6875,22.805285218253967,21,4.428571428571429,26.776635487528345,12,4.833333333333333,31.914860576923076,6,6.666666666666667,22.928955026455025,4,8.5,27.086502976190477,4,8,31.943748397435897
19123,88,1.8409090909090908,22.621360930735932,66,2.4393939393939394,26.654198232323232,98,1.6428571428571428,31.7715731292517,17,4.176470588235294,22.980868347338937,23,4.478260869565218,26.869003623188405,15,4.266666666666667,32.08861111111111,5,6.6,23.058619047619047,8,6.625,27.00078125,3,8,32.345
19125,79,2.037974683544304,22.68910799678521,65,2.476923076923077,26.694168737672584,94,1.7234042553191489,31.862593971631206,18,4.222222222222222,23.023585097001764,24,4.375,26.86254033119658,14,4.857142857142857,31.97027380952381,6,6.333333333333333,23.167283068783068,6,7.166666666666667,27.133077991452993,6,7,32.074666666666666
19127,86,1.8837209302325582,22.186278100775194,79,2.0759493670886076,26.16009493670886,99,1.6464646464646464,31.332743386243386,17,4.235294117647059,22.389700980392156,23,4.086956521739131,26.476847826086956,16,3.9375,31.657599702380953,4,7,22.641437500000002,7,6,26.606190476190477,5,5.4,31.425485714285713
19129,88,1.8295454545454546,22.66975284090909,69,2.3333333333333335,26.7867977915804,114,1.4298245614035088,32.146562865497074,13,4.6923076923076925,22.948326923076923,22,4.636363636363637,26.891320346320345,15,3.466666666666667,32.11621111111111,5,6.8,22.942816666666666,7,7.428571428571429,27.036292517006803,2,5,32.126999999999995
19131,88,1.8522727272727273,21.268501352813853,77,2.090909090909091,25.28502257266543,106,1.5471698113207548,30.410487421383646,21,3.8095238095238093,21.514196145124718,23,4.043478260869565,25.61768426501035,13,3.6153846153846154,30.75474358974359,5,5.6,22.080790476190476,8,5.75,25.823863095238096,1,6,30.231666666666666
19133,85,1.8941176470588235,22.395912745098038,74,2.175675675675676,26.41454794079794,107,1.5046728971962617,31.71188629283489,15,5,22.63983888888889,19,4.473684210526316,26.677713032581455,13,3.923076923076923,31.80898717948718,8,6.375,22.771260416666664,7,6.285714285714286,26.817244897959185,5,5.2,31.530533333333334
19135,82,1.9878048780487805,22.730154577130186,66,2.4393939393939394,26.67816763791764,98,1.663265306122449,31.801649659863944,18,4.222222222222222,23.106815295815295,22,4.590909090909091,26.86359382284382,16,4.4375,31.893854166666667,5,6.8,23.158201731601732,7,7,27.063556776556776,3,9,32.25555555555555
19137,83,1.9397590361445782,22.530361732644867,70,2.3,26.5963212585034,113,1.424778761061947,31.87824336283186,14,4.785714285714286,22.7110731292517,21,4.619047619047619,26.76988038548753,14,3.642857142857143,32.06475,5,7.6,22.793838095238094,6,7.666666666666667,26.933053571428573,3,5.333333333333333,31.863555555555553
19139,92,1.7608695652173914,22.657251950947604,68,2.3676470588235294,26.670449929971987,86,1.872093023255814,31.653261627906975,16,4.375,23.106386217948717,21,4.9523809523809526,26.89098072562358,17,4.411764705882353,32.08120588235294,4,7.25,23.02846153846154,6,9,26.877599206349206,5,6.6,32.18626666666667
19141,87,1.8620689655172413,21.563759897828863,73,2.2054794520547945,25.5948155033703,116,1.4137931034482758,30.794399425287356,15,4.6,21.86914074074074,19,4.842105263157895,25.941133249791143,13,3.8461538461538463,31.07002564102564,7,6.142857142857143,22.136492063492064,9,6.222222222222222,26.03915167548501,3,5.666666666666667,31.215666666666667
19143,89,1.8089887640449438,21.42371161048689,78,2.0641025641025643,25.418903540903543,114,1.412280701754386,30.617266081871346,16,4.3125,21.883770833333333,21,4.380952380952381,25.83949886621315,10,4,30.963333333333335,7,5.571428571428571,22.095285714285716,9,5.666666666666667,25.97031216931217,3,5.666666666666667,31.206111111111113
19145,84,1.9285714285714286,22.721967261904762,68,2.3676470588235294,26.78827468487395,105,1.542857142857143,31.98409523809524,14,4.714285714285714,22.835732142857143,22,4.5,26.91648538961039,18,3.611111111111111,32.03388888888889,4,8.25,22.995895833333332,5,8.2,27.125869047619048,3,5.666666666666667,32.092777777777776
19147,87,1.8505747126436782,21.72915325670498,75,2.16,25.689876507936507,104,1.5673076923076923,30.79514903846154,16,4.1875,21.989770833333335,19,4.684210526315789,26.084775689223058,16,3.75,31.04721875,5,6,22.178933333333333,7,6.571428571428571,26.33808163265306,4,5.5,31.171166666666668
19149,85,1.9058823529411764,21.92814780578898,73,2.2054794520547945,26.029154816264406,114,1.412280701754386,31.295415204678363,16,4.75,22.264535218253968,21,4.476190476190476,26.295157218442935,12,3.75,31.706444444444443,9,5.888888888888889,22.43389594356261,8,6.375,26.4329126984127,3,5.333333333333333,31.636888888888887
19151,93,1.7311827956989247,21.82118010752688,72,2.236111111111111,25.85739726631393,109,1.4770642201834863,30.998241590214068,13,4.384615384615385,22.143826923076922,20,4.7,26.15363015873016,15,3.6,31.41722222222222,6,5.833333333333333,22.45440277777778,8,6.375,26.342200396825397,3,5,31.486666666666668
19153,82,1.975609756097561,22.532981804103756,66,2.4393939393939394,26.66039665889666,98,1.6428571428571428,31.989119897959185,17,4.470588235294118,22.91291223155929,24,4.375,26.83546581196581,14,4.285714285714286,32.27848214285714,6,6.5,23.082695767195766,6,7.166666666666667,27.023252136752138,4,6.75,32.207187499999996
19155,86,1.8837209302325582,22.566077519379846,74,2.189189189189189,26.7128416988417,113,1.424778761061947,32.10755162241888,16,4.4375,22.791416666666667,20,4.8,26.877014285714285,16,3.4375,32.21208333333333,5,6.8,22.931866666666668,8,7,27.064306547619047,3,5,32.18666666666667
19157,86,1.9069767441860466,22.271938630490954,73,2.2054794520547945,26.336843607305937,93,1.7311827956989247,31.467820788530467,20,3.95,22.456836111111112,21,4.571428571428571,26.570932539682538,18,4.277777777777778,31.694296296296297,4,6.25,22.61313888888889,8,6.625,26.604322916666668,5,6.6,31.8053
19159,78,2.076923076923077,22.536803113553113,70,2.3142857142857145,26.501518197278912,97,1.6597938144329898,31.77066237113402,16,4.75,22.74160267857143,19,4.7368421052631575,26.743488095238096,17,3.764705882352941,31.899073529411766,6,7,22.818857142857144,5,8.4,26.86592142857143,3,6,32.05308333333333
19161,91,1.7912087912087913,21.953606227106228,72,2.25,25.961976962081128,104,1.5480769230769231,31.156008012820514,15,4.466666666666667,22.262877777777778,19,4.684210526315789,26.25749164578112,12,3.5833333333333335,31.580819444444444,7,6,22.62485714285714,7,6.714285714285714,26.421167800453514,2,5.5,31.552
19163,92,1.7608695652173914,22.541979166666668,71,2.267605633802817,26.533937599958726,86,1.872093023255814,31.713639534883722,17,3.823529411764706,23.005416666666665,21,4.857142857142857,26.851408076050934,18,4.222222222222222,32.06988888888889,2,7,23.673125,6,8,26.878678266178266,5,6.6,32.49693333333333
19165,87,1.8620689655172413,22.161399288451012,70,2.3,26.21893934240363,114,1.4210526315789473,31.434272347535504,13,5.076923076923077,22.467441391941392,21,4.619047619047619,26.40551209372638,11,4,31.551549783549785,7,6.571428571428571,22.52560544217687,6,7.333333333333333,26.61026455026455,4,5.75,31.705928571428572
19167,86,1.872093023255814,21.67429134366925,77,2.090909090909091,25.763267264481552,114,1.412280701754386,31.053355263157894,15,4.533333333333333,22.137937037037037,21,4.476190476190476,26.109122826908543,14,3.642857142857143,31.30375,7,6,22.414269841269842,9,6,26.266008818342154,2,5.5,31.73166666666667
19169,90,1.8,22.191893827160495,74,2.175675675675676,26.258920366795365,100,1.61,31.448878333333333,16,4.3125,22.567527777777777,23,4.130434782608695,26.571961180124223,15,4.133333333333334,31.66452222222222,5,6.6,22.66608888888889,7,6,26.699181972789116,4,6.25,31.642583333333334
19171,86,1.872093023255814,22.158304586563307,73,2.2054794520547945,26.150933953033267,93,1.7419354838709677,31.306225806451614,16,4.375,22.315887152777776,24,4.25,26.370549107142857,17,4.176470588235294,31.538176470588237,5,6.6,22.369505555555556,8,6.125,26.54977232142857,5,6.6,31.5293
19173,79,2.037974683544304,22.536503918022905,68,2.3676470588235294,26.539599089635853,104,1.5480769230769231,31.740141025641027,16,4.625,22.647738095238097,20,4.8,26.719636904761906,16,3.625,31.795916666666667,6,7,22.760079365079363,6,7.833333333333333,26.77503968253968,3,5.333333333333333,31.993222222222222
19175,79,2.037974683544304,22.350027426160338,72,2.236111111111111,26.302130456349207,95,1.694736842105263,31.57751052631579,15,5,22.57947777777778,20,4.5,26.578669642857143,16,4.0625,31.70396875,5,7.8,22.613266666666668,4,8.5,26.857098214285713,4,6.5,31.649625
19177,83,1.9518072289156627,22.84923092369478,69,2.347826086956522,26.831833890746935,94,1.7234042553191489,32.13974760523165,20,3.85,23.233808333333332,21,4.714285714285714,27.068406593406593,15,4.466666666666667,32.48108499278499,4,6,23.521333333333335,7,7,27.331053113553114,4,7.25,32.90261038961039
19179,83,1.9397590361445782,22.78466499765295,68,2.3676470588235294,26.756948529411765,99,1.6363636363636365,31.92574035812672,17,4.235294117647059,23.166599694423223,22,4.545454545454546,26.97715909090909,15,4.4,32.28555303030303,5,6.8,23.242105627705627,8,6.625,27.140104166666667,3,8.333333333333334,32.618042929292926
19181,81,1.9876543209876543,22.637299627669996,67,2.4029850746268657,26.65136815920398,100,1.62,31.884399038461538,18,4.388888888888889,22.962292768959436,23,4.304347826086956,26.876594202898552,12,4.833333333333333,32.109991987179484,6,6.5,23.13660052910053,4,8.25,27.243541666666665,4,8,32.118517628205126
19183,94,1.7234042553191489,22.501969858156027,69,2.347826086956522,26.596125590592983,93,1.7419354838709677,31.694793580971,17,4,22.953833333333332,23,4.478260869565218,26.79076807612677,19,4,32.09872647527911,4,6,23.042333333333332,7,7,26.89549986917844,4,6.75,32.10082575757576
19185,83,1.9397590361445782,22.670729489386115,69,2.3333333333333335,26.561803710781973,93,1.7311827956989247,31.8939417562724,17,4.411764705882353,23.018855742296918,21,4.476190476190476,26.778783621140764,18,4.055555555555555,31.832032407407407,5,7,22.995609523809524,7,6.714285714285714,26.969565149136578,3,8,31.984694444444447
19187,91,1.7802197802197801,21.974250915750915,74,2.175675675675676,26.03455164092664,103,1.5631067961165048,31.22748220064725,14,4.214285714285714,22.384773809523807,21,4.333333333333333,26.36246768707483,19,3.4210526315789473,31.466087719298248,6,5.666666666666667,22.69322222222222,8,6.25,26.43262351190476,3,5,31.411333333333335
19189,88,1.8295454545454546,21.508002435064935,78,2.076923076923077,25.433522893772892,109,1.4954128440366972,30.487870685889035,17,4.117647058823529,21.907600840336134,18,4.444444444444445,25.96193253968254,11,4.090909090909091,31.072991341991344,6,5.666666666666667,22.251952380952382,7,5.857142857142857,26.23056462585034,4,5.75,31.136142857142858
19191,88,1.8295454545454546,21.367206168831167,74,2.2027027027027026,25.365793114543116,100,1.61,30.53835654761905,18,3.888888888888889,21.643841269841268,23,4.217391304347826,25.68146480331263,12,4.333333333333333,30.843804563492064,5,5.8,21.94582857142857,7,6.142857142857143,25.446955782312926,4,6.5,30.455997023809523
19193,81,1.9876543209876543,22.250966294336664,74,2.175675675675676,26.34842792792793,115,1.4,31.70866956521739,15,4.866666666666666,22.533217989417988,20,4.45,26.633183333333335,11,3.909090909090909,32.022,8,6.25,22.659992063492062,8,6.125,26.727958333333333,3,5.333333333333333,31.86122222222222
19195,88,1.8409090909090908,21.396313582251082,77,2.103896103896104,25.358799628942485,109,1.4770642201834863,30.399065749235476,18,4.055555555555555,21.764199735449736,22,4.136363636363637,25.716253246753247,13,3.6153846153846154,30.955628205128203,6,5.666666666666667,22.14190476190476,7,6,26.095605442176872,2,5.5,31.071166666666667
19197,88,1.8522727272727273,21.835472267316018,77,2.103896103896104,25.74119805194805,100,1.61,30.904843333333332,19,4.105263157894737,21.976397869674187,19,4.421052631578948,26.21090789473684,18,3.611111111111111,31.222185185185186,5,6.2,22.25147857142857,7,6.142857142857143,26.28675,3,5.333333333333333,31.243111111111112
20001,85,1.9176470588235295,23.512282531194295,69,2.347826086956522,27.389315044858524,103,1.5825242718446602,33.081923948220066,21,4.142857142857143,23.569953102453102,24,4.25,27.553239087301588,11,3.8181818181818183,33.16983333333334,6,6.333333333333333,23.64969696969697,9,5.888888888888889,27.59261904761905,2,5,33.667
20003,83,1.9397590361445782,23.37914457831325,63,2.5555555555555554,27.281210789871505,100,1.61,32.862118571428574,19,4.2105263157894735,23.505736842105264,23,4.695652173913044,27.442229554865424,15,3.7333333333333334,33.121457142857146,6,5.833333333333333,23.5615,9,6.888888888888889,27.46560515873016,3,6,33.473396825396826
20005,79,2.037974683544304,23.23390054249548,67,2.417910447761194,27.125300284292823,103,1.5631067961165048,32.51258090614887,17,4.647058823529412,23.36547899159664,20,4.95,27.341755952380954,15,3.933333333333333,32.487722222222224,7,6.142857142857143,23.39580612244898,9,6.777777777777778,27.40334656084656,2,6.5,32.21
20007,101,1.5940594059405941,22.580033946251767,83,1.963855421686747,26.464258366800536,125,1.288,32.02178514285714,15,4.066666666666666,22.778561904761904,18,4.444444444444445,26.657135802469135,5,4.6,32.06662857142857,3,5.666666666666667,22.717809523809525,6,6.666666666666667,26.83835185185185,3,5.666666666666667,32.294380952380955
20009,101,1.603960396039604,22.140959453088165,83,1.9397590361445782,26.01063186077644,123,1.3252032520325203,31.675409891598918,14,3.9285714285714284,22.299064625850342,17,4.529411764705882,26.105437908496732,6,4,31.495069444444443,4,5.5,22.037142857142857,6,6.833333333333333,26.25735185185185,1,8,32.10125
20011,83,1.9397590361445782,23.641413654618475,71,2.2816901408450705,27.585386317907446,100,1.61,33.456266666666664,18,4.277777777777778,23.742074074074075,24,4.333333333333333,27.77760119047619,13,4,33.57628205128205,5,6.6,23.863466666666667,8,6.5,27.856449404761904,4,5.25,33.957499999999996
20013,84,1.9523809523809523,22.980535256410256,70,2.3142857142857145,26.909601700680273,107,1.5046728971962617,32.24114485981308,15,5.066666666666666,23.057664102564104,20,4.85,27.17610595238095,13,3.769230769230769,32.433653846153845,5,8,23.012658974358974,8,6.875,27.127973214285714,3,5.333333333333333,32.06777777777778
20015,89,1.8202247191011236,22.98718539325843,80,2.05,26.743740972222223,117,1.3846153846153846,32.20496235246235,21,3.8095238095238093,23.03045238095238,16,4.6875,26.79776736111111,8,3.875,32.37194940476191,4,5.75,23.220083333333335,4,8.25,26.914194444444444,2,6,32.175714285714285
20017,84,1.9285714285714286,22.797900793650793,74,2.2027027027027026,26.7463490990991,113,1.4336283185840708,32.28977286135693,21,3.9523809523809526,22.903507936507935,19,4.684210526315789,26.849991228070177,11,3.3636363636363638,32.339030303030306,6,5.166666666666667,23.12338888888889,4,10,26.8335,2,5,32.428
20019,88,1.8295454545454546,23.574934343434343,77,2.090909090909091,27.410392393320965,108,1.5092592592592593,33.03545987654321,20,3.9,23.61046111111111,23,4.217391304347826,27.48261801242236,13,3.5384615384615383,32.94574358974359,3,6.333333333333333,23.73585185185185,8,6.125,27.558464285714287,3,5.333333333333333,32.958222222222226
20021,74,2.189189189189189,23.600728120978122,71,2.2816901408450705,27.69807310529846,108,1.5277777777777777,33.741692901234565,20,4.9,23.71719404761905,18,4.833333333333333,27.87128835978836,15,3.4,33.88518888888889,7,7.571428571428571,23.78543537414966,9,6.333333333333333,27.948873015873016,1,5,34.692
20023,97,1.6597938144329898,19.624957781050565,84,1.9285714285714286,23.83829761904762,124,1.2983870967741935,30.3008938172043,18,3.611111111111111,19.746161375661377,20,3.95,23.99535,9,3.2222222222222223,30.700648148148147,2,6,19.811285714285717,6,5.166666666666667,23.924222222222223,0,NA,NA
20025,92,1.7934782608695652,21.499270531400967,74,2.175675675675676,25.44146492921493,123,1.3089430894308942,31.14479674796748,17,4,21.719875816993465,20,4.3,25.648170238095236,7,3.7142857142857144,31.236428571428572,3,6.666666666666667,21.69374074074074,7,6.142857142857143,25.67108163265306,1,5,30.83
20027,98,1.683673469387755,22.979419825072885,82,2,26.84114430894309,125,1.304,32.422929333333336,16,3.8125,23.074571428571428,17,4.588235294117647,26.949343137254903,8,3.5,32.61202083333333,3,6,23.163825396825395,7,6.571428571428571,26.929238095238095,1,5,31.842
20029,102,1.588235294117647,22.701355042016807,90,1.8111111111111111,26.609819444444444,128,1.2578125,32.32637630208333,15,3.6666666666666665,22.679547619047618,16,4.3125,26.761484375,6,3.5,32.125194444444446,3,5.666666666666667,22.86857142857143,6,6,26.771597222222223,1,5,31.651999999999997
20031,86,1.8953488372093024,23.141118217054263,71,2.267605633802817,27.07950704225352,107,1.514018691588785,32.541501780151314,19,4.157894736842105,23.284008771929823,23,4.130434782608695,27.232391304347825,13,4.076923076923077,32.710822344322345,7,5.285714285714286,23.38004761904762,8,5.75,27.347916666666666,4,6,32.92621428571429
20033,96,1.71875,21.908053819444444,78,2.1025641025641026,25.79322507122507,129,1.248062015503876,31.417118863049097,20,3.7,22.096408333333333,20,4.4,25.98057777777778,6,3.6666666666666665,31.36472222222222,3,5.333333333333333,22.051333333333332,8,6.125,26.113423611111113,1,6,31.71333333333333
20035,84,1.9642857142857142,23.297406746031747,73,2.2054794520547945,27.067500761035006,113,1.4336283185840708,32.52351032448377,23,3.9130434782608696,23.376181159420288,22,4.2727272727272725,27.126934343434343,10,3.5,32.750166666666665,6,5.166666666666667,23.47383333333333,6,6.333333333333333,27.218759259259258,1,6,32.54333333333334
20037,86,1.9186046511627908,23.58188197171046,69,2.3333333333333335,27.591627214170693,103,1.5922330097087378,33.532273462783174,15,4.8,23.748123304473303,22,4.545454545454546,27.715103535353535,13,3.8461538461538463,33.588397435897434,5,7.4,23.835869913419913,8,6.625,27.80476388888889,2,6.5,34.144999999999996
20039,105,1.5523809523809524,20.697187301587302,88,1.8636363636363635,24.94019805194805,131,1.2366412213740459,31.051297709923663,13,4,20.904589743589742,15,4.466666666666667,25.08049523809524,4,3.25,31.3675,3,6.333333333333333,20.856,4,6.75,25.056857142857144,0,NA,NA
20041,96,1.6770833333333333,23.053878472222223,79,2.050632911392405,26.930417018284107,121,1.3388429752066116,32.59304132231405,16,3.75,23.162645833333332,17,4.588235294117647,27.06311437908497,9,3.3333333333333335,32.51422222222222,4,5.25,23.309333333333335,4,8.5,27.086777777777776,1,5,31.918
20043,80,2.0375,23.132968727106228,65,2.4923076923076923,27.057791575091574,106,1.5188679245283019,32.35362106918239,17,4.764705882352941,23.1974998922646,23,4.608695652173913,27.263324016563146,14,3.857142857142857,32.575988095238095,5,7.6,23.269332967032966,8,7.125,27.304244047619047,4,5.25,32.455749999999995
20045,80,2.0375,23.421714583333333,63,2.5714285714285716,27.36058515998992,106,1.528301886792453,32.98104166666667,20,4.35,23.621858333333332,19,5.578947368421052,27.567729741019214,12,4.083333333333333,33.018368055555555,6,6.5,23.7355,10,7.3,27.61143650793651,2,7,33.22479166666666
20047,99,1.6464646464646464,21.62316738816739,81,2.0246913580246915,25.554102880658437,127,1.2677165354330708,31.40382939632546,16,3.8125,21.758035714285715,23,4.043478260869565,25.709666666666667,6,3.5,31.571055555555557,2,6.5,21.690119047619046,7,6,25.782238095238096,1,5,32.118
20049,88,1.8295454545454546,23.24841314935065,78,2.0641025641025643,27.121818376068376,112,1.4553571428571428,32.75677529761905,21,3.9047619047619047,23.305969387755102,21,4.095238095238095,27.226515873015874,9,3.7777777777777777,32.957092592592595,5,5.6,23.414571428571428,6,5.833333333333333,27.3535,3,5,32.882666666666665
20051,104,1.5576923076923077,21.675953525641024,86,1.872093023255814,25.687583333333333,118,1.3644067796610169,31.65924858757062,13,4,21.936089743589744,13,4.923076923076923,25.8559358974359,9,3.7777777777777777,31.314037037037036,5,5.2,21.935,8,5.875,25.871,2,5.5,31.245666666666665
20053,102,1.588235294117647,22.450315359477123,85,1.9058823529411764,26.314351633986927,124,1.2983870967741935,32.03573790322581,16,3.5625,22.65357291666667,15,4.733333333333333,26.442325925925925,4,4.75,32.010374999999996,3,5,22.636,6,7.166666666666667,26.51650925925926,2,6.5,31.81075
20055,99,1.6565656565656566,20.581030303030303,83,2,24.67427620003825,125,1.304,31.012661333333334,15,3.8,20.91946666666667,17,4.588235294117647,24.905877917833802,5,3.6,31.137533333333334,4,5.5,20.754666666666665,7,6.285714285714286,24.979155895691612,1,5,31.496
20057,96,1.6875,21.163008680555556,79,2.0632911392405062,25.155491561181435,127,1.2677165354330708,31.046200787401574,18,3.7777777777777777,21.348824074074074,18,4.777777777777778,25.309657407407407,8,3.125,31.2115625,2,5.5,21.244,8,6.5,25.305791666666668,0,NA,NA
20059,83,1.9518072289156627,23.307339070567988,65,2.5538461538461537,27.23250170940171,100,1.63,32.933725555555554,18,4.444444444444445,23.505507936507936,21,5.142857142857143,27.383695767195768,15,4,33.1395037037037,6,6.333333333333333,23.56124603174603,8,7.625,27.502930555555555,3,6.666666666666667,33.44085185185185
20061,96,1.6979166666666667,23.087650793650795,74,2.2162162162162162,26.95730855855856,121,1.3471074380165289,32.57624242424242,16,3.75,23.211529761904764,19,4.421052631578948,27.052149122807016,9,3.6666666666666665,32.66503703703704,4,5.5,23.300285714285714,4,8.5,27.1725,3,5,32.52066666666667
20063,93,1.7419354838709677,20.791640040962623,84,1.9285714285714286,24.89911933106576,125,1.296,31.032018666666666,17,4.0588235294117645,20.90308963585434,17,4.588235294117647,25.079766106442577,5,3.6,30.941466666666667,5,5.4,20.948171428571428,6,7.166666666666667,25.091142857142856,1,5,31.464
20065,100,1.62,21.333873333333333,87,1.9080459770114941,25.40738601532567,124,1.314516129032258,31.40646505376344,15,3.8,21.36748888888889,17,4.470588235294118,25.552210784313726,6,3.3333333333333335,31.359444444444446,4,5.5,21.318916666666667,3,9.666666666666666,25.53863888888889,0,NA,NA
20067,96,1.6875,20.513744791666667,87,1.8505747126436782,24.47835440613027,132,1.2272727272727273,30.937032828282828,13,4,20.835730769230768,18,4.444444444444445,24.71676851851852,6,3,31.633888888888887,4,5.5,20.7655,6,6.5,24.662388888888888,0,NA,NA
20069,110,1.490909090909091,20.822957575757577,79,2.0759493670886076,24.900725889089813,123,1.3089430894308942,30.918127371273712,14,3.7142857142857144,21.11645238095238,23,4.043478260869565,25.045319358178052,10,3.4,30.98046666666667,2,5.5,20.950166666666668,7,5.857142857142857,25.131168367346937,2,5,31.314
20071,103,1.5631067961165048,19.655150485436895,83,1.963855421686747,23.624615825941127,130,1.2461538461538462,29.97790512820513,14,4,19.910392857142856,18,4.388888888888889,23.89072853072853,7,3.4285714285714284,30.26252380952381,6,5,19.93466666666667,6,6.833333333333333,23.973296703296704,1,5,29.626
20073,89,1.8314606741573034,23.100198501872658,78,2.076923076923077,26.98643376068376,111,1.4504504504504505,32.54573573573573,18,4.111111111111111,23.147648148148146,18,4.277777777777778,27.153435185185185,11,3.727272727272727,32.462878787878786,6,5.666666666666667,23.256555555555554,5,7.2,27.2087,3,5,32.74333333333333
20075,94,1.7234042553191489,20.094705673758867,86,1.9069767441860466,24.0503415466962,131,1.2290076335877862,30.699643765903307,16,4.1875,20.330458333333333,17,4.470588235294118,24.308198412698413,5,3.6,31.06566666666667,7,5.285714285714286,20.290809523809525,6,6.833333333333333,24.352256613756612,1,6,30.391666666666666
20077,93,1.7311827956989247,22.85143906810036,86,1.8837209302325582,26.671647286821706,122,1.3278688524590163,32.198194379391104,17,4.117647058823529,22.961696078431373,20,3.7,26.861583333333332,8,4.25,32.02746428571429,6,5.166666666666667,22.985777777777777,4,5.25,27.221249999999998,3,6.333333333333333,32.263238095238094
20079,94,1.7127659574468086,22.71656205673759,84,1.9166666666666667,26.540939484126984,123,1.3170731707317074,32.1469620596206,16,3.6875,22.894802083333335,16,4.375,26.657119791666666,6,3.3333333333333335,32.25688888888889,4,5.25,23.057333333333332,5,6.6,26.701616666666666,1,5,31.448
20081,101,1.5940594059405941,20.69410396039604,79,2.0759493670886076,24.674832127787823,123,1.3089430894308942,30.80290514905149,15,3.6666666666666665,20.937633333333334,24,3.9583333333333335,24.832780753968255,5,3.8,30.841466666666665,2,5.5,20.812666666666665,7,5.714285714285714,24.926319727891155,2,5,31.022
20083,101,1.5940594059405941,21.365290429042904,79,2.050632911392405,25.35945710267229,124,1.2983870967741935,31.312716397849464,15,3.7333333333333334,21.583955555555555,20,4.45,25.487105555555555,6,4,31.21697222222222,3,5.333333333333333,21.445888888888888,6,6.666666666666667,25.483685185185184,2,5.5,31.3955
20085,80,2.05,23.025859523809522,70,2.3,26.96329319727891,108,1.4907407407407407,32.37611651234568,18,4.555555555555555,23.152431216931216,17,5.352941176470588,27.154148459383755,11,4,32.43414393939394,7,6.285714285714286,23.185180272108845,9,6.888888888888889,27.188484126984125,2,6.5,32.072375
20087,73,2.2054794520547945,23.232569145466407,65,2.476923076923077,27.161212271062272,109,1.4954128440366972,32.64634938837921,21,4.476190476190476,23.349407029478456,17,5.764705882352941,27.335517507002802,13,3.769230769230769,32.78362179487179,7,6.714285714285714,23.44631632653061,10,7.3,27.38879642857143,1,8,32.52875
20089,99,1.6262626262626263,22.19701972101972,84,1.9404761904761905,26.200652777777776,129,1.255813953488372,31.839239018087856,17,3.6470588235294117,22.25058543417367,17,4.529411764705882,26.307637254901962,5,3.6,31.441366666666667,3,5.666666666666667,22.26609523809524,5,7.2,26.323466666666665,1,5,31.296
20091,71,2.2816901408450705,23.388326961770623,65,2.4923076923076923,27.37466678876679,107,1.5046728971962617,33.13005140186916,22,4.409090909090909,23.49960064935065,21,5.142857142857143,27.63063529856387,14,3.5714285714285716,33.163607142857146,7,6.571428571428571,23.677673469387756,9,7.111111111111111,27.689537918871252,1,5,33.478
20093,99,1.6363636363636365,20.39560101010101,91,1.8131868131868132,24.470792342578058,123,1.3089430894308942,30.969024390243902,14,3.7857142857142856,20.76889285714286,18,4.333333333333333,24.704283509700176,7,3,31.419999999999998,3,5.333333333333333,20.671222222222223,6,6.333333333333333,24.726044973544973,0,NA,NA
20095,97,1.6597938144329898,22.564211340206185,85,1.9176470588235295,26.326086274509805,124,1.314516129032258,31.77574327956989,17,4,22.621382352941175,19,3.6315789473684212,26.51222807017544,9,3.5555555555555554,31.704685185185184,6,5.166666666666667,22.616833333333332,2,5.5,27.03783333333333,2,5,31.414
20097,92,1.7826086956521738,21.597918995859214,81,2.0123456790123457,25.54102880658436,124,1.2983870967741935,31.256887768817204,18,3.888888888888889,21.749641534391532,22,4.136363636363637,25.691742424242424,5,4.8,31.202816666666667,2,6,21.783857142857144,7,5.857142857142857,25.88047619047619,3,6,31.146916666666666
20099,79,2.0759493670886076,23.801438517179022,73,2.2054794520547945,27.74754240052185,109,1.4770642201834863,33.62631498470948,20,4.4,23.927432142857143,23,4,27.85567805383023,10,3.7,33.65833333333333,7,6,24.03587755102041,6,6.333333333333333,27.96857142857143,2,5,33.655
20101,97,1.6804123711340206,20.7681912125675,78,2.08974358974359,24.81236385836386,119,1.3529411764705883,30.949474789915968,16,4.125,21.040596726190476,21,4.238095238095238,25.049256235827663,8,3.375,30.8440625,6,5.5,21.01395238095238,7,5.714285714285714,25.085149659863944,0,NA,NA
20103,72,2.263888888888889,23.417515873015873,63,2.5555555555555554,27.314403943058704,112,1.4375,32.76973363095238,19,4.7894736842105265,23.54584962406015,19,5.526315789473684,27.53039202172097,14,3.4285714285714284,32.88679761904762,8,6.625,23.61326785714286,10,7.2,27.565494841269842,1,5,32.916
20105,99,1.6464646464646464,22.688359547859548,80,2.025,26.581426041666667,126,1.2857142857142858,32.35868716931217,18,3.6666666666666665,22.732088624338626,18,4.611111111111111,26.661060185185185,4,5,31.95614583333333,4,5.5,22.683357142857144,7,6.428571428571429,26.777964285714287,2,6.5,31.863124999999997
20107,82,1.9878048780487805,23.53327032520325,62,2.596774193548387,27.469648233486943,99,1.6363636363636365,33.19664141414142,20,4.1,23.65340833333333,24,4.625,27.645549603174604,16,3.8125,33.23609375,4,7,23.832250000000002,11,6,27.661502164502163,3,6,33.54833333333333
20109,96,1.6979166666666667,20.23183767361111,87,1.8505747126436782,24.3785109469075,126,1.2777777777777777,30.655140211640212,16,4.125,20.345401041666666,18,4,24.59391402116402,8,3.25,30.946583333333333,5,5.6,20.31845,6,5.666666666666667,24.62215873015873,1,5,30.996
20111,89,1.8426966292134832,22.914752808988762,72,2.25,26.911719135802468,109,1.4862385321100917,32.40273700305811,17,4.294117647058823,23.060470588235294,19,4.578947368421052,27.057830409356725,14,3.642857142857143,32.45095238095238,7,5.285714285714286,23.230190476190476,5,7.8,27.15608888888889,4,5,32.7175
20113,99,1.6565656565656566,22.67293771043771,82,1.975609756097561,26.53285433604336,123,1.3089430894308942,32.11592818428184,15,3.8666666666666667,22.809722222222224,18,4.277777777777778,26.595503086419754,5,3.6,32.04683333333333,4,5.25,22.847916666666666,4,7,26.753930555555556,1,5,31.46
20115,90,1.788888888888889,22.79642380952381,77,2.103896103896104,26.66848124098124,123,1.3089430894308942,32.23669647696477,17,4.0588235294117645,22.951067226890757,19,4.421052631578948,26.752002923976608,5,3.4,32.50373333333334,6,5.5,23.0994126984127,4,8.75,26.80097222222222,1,5,31.652
20117,85,1.8941176470588235,22.805225210084032,75,2.2,26.67377111111111,116,1.3879310344827587,32.10966379310345,19,4.052631578947368,22.849691729323307,21,4.571428571428571,26.864420634920634,10,3.5,32.4581,6,6.166666666666667,22.98652380952381,7,7,26.79945238095238,1,5,32.156
20119,99,1.6363636363636365,21.094478114478115,74,2.2162162162162162,25.0587055984556,116,1.3879310344827587,30.974191091954022,16,3.875,21.328333333333333,23,4.304347826086956,25.19474844720497,10,3.5,30.945116666666667,3,6,21.324444444444445,9,5.666666666666667,25.240005291005293,2,5,31.506
20121,79,2.050632911392405,23.38717540687161,62,2.6129032258064515,27.310624423963134,109,1.4770642201834863,33.02337155963303,20,4.35,23.599342857142858,22,5.045454545454546,27.508805194805195,13,3.6153846153846154,33.160192307692306,6,6.5,23.633642857142856,8,7.625,27.58817261904762,1,6,33.29
20123,99,1.6262626262626263,22.589511303511305,88,1.8636363636363635,26.535700757575757,132,1.2196969696969697,32.28361994949495,15,3.933333333333333,22.649774603174603,14,4.785714285714286,26.702261904761905,4,3.75,32.25320833333333,4,5.5,22.77707142857143,5,7.4,26.685333333333332,1,5,32.022
20125,83,1.9518072289156627,23.967573962516735,77,2.103896103896104,27.84235497835498,102,1.5784313725490196,33.62222385620915,18,4.555555555555555,24.116591049382716,21,4.142857142857143,27.943873015873017,13,4,33.49937179487179,8,6.125,24.13139236111111,6,6.333333333333333,28.067722222222223,4,5.5,33.394
20127,90,1.8,22.718355555555554,72,2.25,26.676389660493825,112,1.4553571428571428,32.134732142857146,17,3.9411764705882355,22.897176470588235,20,4.5,26.769502777777777,8,4,32.215625,5,5.2,22.929733333333335,5,8,26.869844444444443,3,5.333333333333333,32.31611111111111
20129,102,1.5980392156862746,19.983987628384686,88,1.875,23.87262608225108,132,1.2424242424242424,30.31063383838384,11,4.181818181818182,20.321521645021644,20,4.05,24.050304761904762,7,3.2857142857142856,30.30552380952381,3,6,20.2664126984127,7,5.285714285714286,23.908489795918367,1,5,30.772
20131,83,1.9397590361445782,22.82551764199656,72,2.25,26.739244874338624,111,1.4504504504504505,32.11132882882883,18,4.333333333333333,22.827386904761905,20,4.75,26.996031547619047,12,3.5,32.323125,5,6.6,22.875092857142857,7,7.142857142857143,26.91663775510204,2,5,32.175
20133,85,1.8941176470588235,23.616616322892792,65,2.5076923076923077,27.51192087912088,104,1.5576923076923077,33.2890032051282,19,4.2631578947368425,23.690388812941446,27,4.111111111111111,27.593698412698412,9,4.111111111111111,33.21848148148148,5,7,23.695644155844157,10,5.7,27.661985714285713,2,5,33.609
20135,109,1.4862385321100917,21.379967889908258,75,2.16,25.40583619047619,122,1.3278688524590163,31.481770491803278,13,3.6923076923076925,21.683576923076924,19,4.578947368421052,25.549616541353384,5,3.4,30.9792,2,5,21.682000000000002,10,5.9,25.539604761904762,1,5,31.166
20137,101,1.6237623762376239,21.120965346534653,87,1.896551724137931,25.304701149425288,128,1.265625,31.35140625,18,3.5555555555555554,21.22875,18,4.166666666666667,25.462166666666665,6,3.3333333333333335,31.254166666666666,3,5,21.173333333333332,3,7.666666666666667,25.502166666666668,0,NA,NA
20139,83,1.9397590361445782,23.124025243832474,65,2.4923076923076923,27.058830036630038,104,1.5480769230769231,32.537310897435894,20,4.15,23.27520476190476,21,4.857142857142857,27.152092970521544,13,4.076923076923077,32.87002564102564,7,5.285714285714286,23.38391836734694,8,7.125,27.23924404761905,3,6.666666666666667,32.99344444444444
20141,100,1.61,22.347283333333333,87,1.8505747126436782,26.29428106185003,125,1.296,31.95962,18,3.5555555555555554,22.33212962962963,15,4.533333333333333,26.425496825396827,5,3.2,31.7065,2,6,22.490000000000002,4,8.25,26.45290476190476,0,NA,NA
20143,101,1.603960396039604,22.900711221122112,84,1.9523809523809523,26.805727513227513,128,1.265625,32.499299479166666,16,3.5625,22.967302083333333,18,4.111111111111111,26.940617283950616,3,4,32.083444444444446,3,5.333333333333333,23.110333333333333,5,6.6,26.986555555555555,1,5,31.872
20145,105,1.561904761904762,21.865952380952383,78,2.076923076923077,25.79739886039886,124,1.2983870967741935,31.612725134408603,16,3.6875,21.968125,19,4.473684210526316,25.90695321637427,7,3.7142857142857144,31.50184523809524,2,5.5,21.905833333333334,6,6.666666666666667,26.110351851851853,1,8,31.916249999999998
20147,106,1.5377358490566038,21.64322641509434,84,1.9285714285714286,25.796148242630384,121,1.3305785123966942,31.693911845730028,15,3.3333333333333335,21.7538,14,5,25.917960884353743,7,3.2857142857142856,31.59547619047619,1,5,22.072,5,7.8,25.941457142857143,0,NA,NA
20149,89,1.8089887640449438,23.071134831460675,72,2.236111111111111,26.996690476190476,112,1.4375,32.44948788265306,14,4,23.237928571428572,16,5.25,27.152294642857143,10,3.9,32.69876428571428,5,5,23.243199999999998,9,6.777777777777778,27.113616402116403,2,6,32.87757142857143
20151,100,1.61,22.0427725,80,2.0125,25.90261041666667,128,1.265625,31.51475,17,3.823529411764706,22.089838235294117,21,3.9523809523809526,26.0620873015873,8,3.5,31.2635,3,6,22.382416666666668,4,6.5,26.15533333333333,2,5,31.429000000000002
20153,107,1.5046728971962617,20.19230218068536,87,1.8505747126436782,24.4650065681445,128,1.265625,30.8404765625,15,3.6,20.477422222222224,18,4.166666666666667,24.567809523809522,7,3.2857142857142856,30.955142857142857,2,5,20.409,5,6.4,24.578114285714285,1,5,31.096
20155,102,1.6274509803921569,22.53635294117647,88,1.8636363636363635,26.41199147727273,124,1.3225806451612903,31.97613306451613,15,3.6,22.7322,17,4.352941176470588,26.522073529411767,7,3.4285714285714284,31.9765,2,5.5,22.947333333333333,5,6.8,26.62605,1,5,31.348
20157,99,1.6565656565656566,22.488395622895624,87,1.8850574712643677,26.41242528735632,126,1.2777777777777777,32.10505952380952,16,3.6875,22.596947916666664,18,4.277777777777778,26.525333333333332,6,3.5,31.989583333333332,4,5.25,22.75508333333333,6,6.166666666666667,26.515166666666666,0,NA,NA
20159,105,1.542857142857143,22.393988888888888,86,1.8837209302325582,26.247299095607236,125,1.312,31.80968,15,3.6666666666666665,22.515255555555555,17,4.529411764705882,26.31133660130719,6,3.5,31.955,3,5.333333333333333,22.494888888888887,6,6.666666666666667,26.414203703703706,1,6,32.07666666666667
20161,98,1.663265306122449,23.092389455782314,78,2.1025641025641026,27.017070512820514,113,1.424778761061947,32.65344837758112,13,3.769230769230769,23.264935897435898,15,5,27.1931,11,3.8181818181818183,32.67769696969697,4,5,23.3475,7,7,27.132119047619046,3,5.333333333333333,33.028777777777776
20163,108,1.4907407407407407,21.74224074074074,88,1.8409090909090908,25.792139204545453,120,1.3416666666666666,31.66197222222222,13,3.4615384615384617,21.933615384615383,14,4.785714285714286,25.98844642857143,8,3.125,31.61208333333333,2,5,21.786,4,8.5,25.926020833333332,0,NA,NA
20165,105,1.542857142857143,21.79715238095238,84,1.9404761904761905,25.74683234126984,128,1.2578125,31.648975074404763,12,3.9166666666666665,22.02675,17,4.470588235294118,25.835230392156863,2,5,31.57690476190476,3,5.333333333333333,21.815333333333335,6,6.666666666666667,25.98926388888889,1,7,31.887142857142855
20167,104,1.5576923076923077,22.189632554945057,90,1.8222222222222222,26.106775925925927,124,1.2983870967741935,31.923989247311827,13,4.076923076923077,22.48013736263736,12,5.333333333333333,26.265402777777776,5,4.4,31.580933333333334,4,5.75,22.289404761904763,8,6.5,26.333104166666665,2,6.5,31.729
20169,99,1.6262626262626263,22.918670033670033,81,2.0123456790123457,26.95218792866941,124,1.2983870967741935,32.76390188172043,16,3.625,23.088645833333334,15,4.6,27.098148148148148,5,4,32.887766666666664,3,5.333333333333333,23.057222222222222,3,9.666666666666666,27.182962962962964,2,5,32.604
20171,98,1.663265306122449,20.478751700680274,77,2.090909090909091,24.576516285302,121,1.3305785123966942,30.765929752066114,19,3.6842105263157894,20.71698245614035,22,4.2727272727272725,24.720988816738817,10,3.3,30.66075,4,5.25,20.70525,7,5.857142857142857,24.776798185941043,1,5,31.53
20173,89,1.8426966292134832,22.90604200107009,83,2,26.70673159303882,110,1.4636363636363636,32.22473787878788,19,4.105263157894737,22.92251253132832,19,4.052631578947368,26.820722222222223,10,3.9,32.06111666666666,6,5.666666666666667,23.048928571428572,5,5.8,26.905244444444445,3,5.666666666666667,31.886777777777777
20175,102,1.5784313725490196,20.937214052287583,70,2.3,24.76666700680272,113,1.424778761061947,30.69401179941003,13,4,21.128910256410258,19,4.684210526315789,24.862194235588973,11,3.8181818181818183,30.553939393939395,3,5.333333333333333,21.046111111111113,8,6.375,24.897815476190477,3,5.333333333333333,30.625555555555554
20177,83,1.9518072289156627,23.209323006310957,65,2.476923076923077,27.214211904761903,112,1.4464285714285714,32.899338541666665,19,4.157894736842105,23.344147869674185,17,5.588235294117647,27.404339635854342,10,4.2,33.018591666666666,6,5.666666666666667,23.44952380952381,9,7.222222222222222,27.443104497354497,3,6,33.37225
20179,97,1.6701030927835052,20.67703092783505,86,1.8837209302325582,24.858847176079735,123,1.3170731707317074,31.02233062330623,19,3.6315789473684212,20.80036842105263,18,4.333333333333333,25.00226984126984,7,3.5714285714285716,30.88452380952381,4,5,20.9205,6,6.5,25.009309523809524,1,6,31.013333333333332
20181,103,1.5631067961165048,19.38792071197411,94,1.7553191489361701,23.615281914893618,136,1.1911764705882353,30.358462009803922,16,3.5,19.604114583333335,19,3.789473684210526,23.847184210526315,5,3.2,30.948166666666665,1,6,19.691666666666666,5,5.2,23.768133333333335,0,NA,NA
20183,105,1.5333333333333334,21.950633333333332,85,1.9058823529411764,26.02195294117647,125,1.304,31.803605333333334,16,3.3125,22.01571875,16,4.5625,26.1375625,7,3.4285714285714284,31.771523809523806,1,5,22.334,4,8,26.116083333333336,1,5,31.714
20185,102,1.588235294117647,22.040425303454715,83,1.963855421686747,25.900142570281126,124,1.3064516129032258,31.51229569892473,16,3.875,22.09771130952381,21,4,26.053896825396826,9,3.5555555555555554,31.59440740740741,4,5.5,21.93792857142857,5,6.2,26.184866666666668,2,5.5,31.524833333333333
20187,97,1.6701030927835052,20.230219931271478,93,1.7741935483870968,24.07334263526199,135,1.2074074074074075,30.690024691358026,12,4.25,20.515527777777777,18,4.111111111111111,24.311992504409172,4,3,31.403333333333332,5,5.4,20.440266666666666,5,6.2,24.34200634920635,0,NA,NA
20189,102,1.588235294117647,20.576681372549018,87,1.8620689655172413,24.435288998357965,123,1.3089430894308942,30.74109891598916,11,3.8181818181818183,20.883772727272728,19,4,24.611586466165413,7,4,30.669309523809524,2,5.5,20.687833333333334,6,5.333333333333333,24.590857142857143,3,5,30.92866666666667
20191,90,1.8,23.046775925925925,76,2.1315789473684212,26.830888157894737,115,1.4086956521739131,32.170885507246375,17,4.117647058823529,23.16028431372549,21,4.190476190476191,26.92535714285714,11,3.727272727272727,32.18789393939394,6,5.333333333333333,23.23788888888889,5,6.2,26.995333333333335,2,5.5,32.29466666666667
20193,101,1.603960396039604,20.105603135313533,91,1.7802197802197801,24.320651491365776,133,1.218045112781955,30.684949874686716,14,3.857142857142857,20.368279761904763,18,3.6666666666666665,24.55079365079365,5,3.2,31.05366666666667,2,6.5,20.079625,3,6.333333333333333,24.341428571428573,0,NA,NA
20195,98,1.6428571428571428,21.239241496598638,85,1.9176470588235295,25.306726050420167,119,1.3529411764705883,31.388602240896358,14,4.071428571428571,21.46290476190476,12,5.5,25.463892857142856,5,3.8,31.117733333333334,5,5.4,21.447133333333333,6,7.5,25.49334126984127,1,5,31.742
20197,86,1.8837209302325582,22.903017441860467,73,2.2054794520547945,26.86331811263318,113,1.4336283185840708,32.37446386430678,18,3.9444444444444446,22.986361111111112,18,4.833333333333333,27.002345679012347,10,4.1,32.68994166666667,6,5,23.115333333333332,6,7.333333333333333,27.089259259259258,3,6,32.867583333333336
20199,98,1.653061224489796,19.472055272108843,85,1.9411764705882353,23.665447058823528,132,1.2196969696969697,30.333396464646466,15,3.933333333333333,19.686427777777777,20,4.05,23.84615,5,3.4,30.515666666666668,4,6,19.878895833333335,7,5.571428571428571,23.92352380952381,0,NA,NA
20201,95,1.694736842105263,22.691434210526317,73,2.2054794520547945,26.61591095890411,117,1.376068376068376,32.21348290598291,17,3.7058823529411766,22.77183823529412,20,4.55,26.751075,10,3.3,32.30425,3,6,22.962083333333332,7,6.714285714285714,26.630333333333333,0,NA,NA
20203,103,1.5631067961165048,20.094056634304206,77,2.090909090909091,24.15103539317825,132,1.2196969696969697,30.48230681818182,15,3.7333333333333334,20.360855555555556,19,4.578947368421052,24.31103817235396,6,3.5,30.97158333333333,3,5,20.330666666666666,7,6.571428571428571,24.38305599162742,1,5,30.642
20205,84,1.9523809523809523,23.67117361111111,67,2.417910447761194,27.549292821606254,106,1.5471698113207548,33.286135220125786,20,4.2,23.741429166666666,26,4.076923076923077,27.607408424908424,11,3.909090909090909,33.22412121212121,8,5.625,23.72378125,9,5.777777777777778,27.717142857142857,4,5,33.278
20207,89,1.8089887640449438,23.308050561797753,70,2.3,27.205385714285715,109,1.4862385321100917,32.878628440366974,19,3.8947368421052633,23.406394736842106,24,4.083333333333333,27.333625,12,3.5,32.893791666666665,6,5.333333333333333,23.50261111111111,9,5.555555555555555,27.416333333333334,2,5,33.374
20209,76,2.1315789473684212,23.434562969924812,65,2.476923076923077,27.43559603174603,105,1.5333333333333334,33.10297619047619,20,4.55,23.577089285714287,19,5.526315789473684,27.69256537176274,15,3.533333333333333,33.20316666666667,8,6.25,23.67407738095238,10,7.2,27.720540873015874,2,5,33.125
21001,79,2.050632911392405,22.737060729355033,65,2.5076923076923077,26.806139165962243,105,1.5333333333333334,32.915924036281176,18,4.5,23.053766534391535,22,4.909090909090909,27.054047535797537,14,3.642857142857143,33.180858843537415,8,5.75,23.09003720238095,9,7,27.275912494912497,2,6,33.876428571428576
21003,81,2.0246913580246915,22.989161963550853,67,2.4029850746268657,27.0964543946932,98,1.6428571428571428,33.291957240038876,20,4.15,23.246605952380953,21,4.809523809523809,27.40416402116402,13,4.384615384615385,33.62629304029304,7,5.714285714285714,23.428278911564625,9,6.666666666666667,27.561382716049383,5,6.2,33.66836190476191
21005,82,1.9634146341463414,22.366681910569106,63,2.5873015873015874,26.68144303932399,95,1.694736842105263,32.691407769423556,19,4.157894736842105,22.67015350877193,22,4.7727272727272725,26.890268703518704,19,3.526315789473684,32.978880952380955,6,5.833333333333333,22.762291666666666,7,7.142857142857143,27.097868306296878,3,5.666666666666667,33.47485714285714
21007,83,1.9518072289156627,23.985265442723275,68,2.3970588235294117,27.946300653594772,100,1.64,33.562760476190476,18,4.444444444444445,24.287335097001762,23,4.434782608695652,28.09254106280193,16,3.9375,33.892877976190476,4,8,24.375924603174603,7,6.857142857142857,28.37120634920635,5,5.4,34.15354285714286
21009,84,1.9166666666666667,22.93306320861678,64,2.53125,27.082333247481685,102,1.5980392156862746,33.2694068627451,21,4,23.242967120181405,21,5.142857142857143,27.364491801848946,14,4.071428571428571,33.59817857142857,6,5.666666666666667,23.467468253968253,11,6.7272727272727275,27.452438894438895,5,5.8,33.60306666666666
21011,77,2.090909090909091,22.15459554730983,61,2.639344262295082,26.524982825917252,97,1.6701030927835052,32.528337506136474,23,4.173913043478261,22.369080745341616,24,4.5,26.727873015873016,13,4.3076923076923075,32.92682600732601,7,6.428571428571429,22.464360544217687,11,5.636363636363637,26.927632034632033,5,6,33.071914285714286
21013,55,2.3454545454545452,21.274957792207793,54,2.388888888888889,25.74530643738977,84,1.5595238095238095,32.06525198412698,19,4.315789473684211,21.412246240601505,19,4.315789473684211,25.986923558897242,11,3.727272727272727,32.16465151515151,7,6,21.576811224489795,8,5.875,26.12550595238095,2,5.5,32.306
21015,82,1.975609756097561,22.228472222222223,67,2.4029850746268657,26.43477801468846,105,1.542857142857143,32.3533126984127,23,4.043478260869565,22.453031400966182,26,4.1923076923076925,26.697120268620267,18,3.4444444444444446,32.62987962962963,6,6,22.72675925925926,10,5.7,26.862679365079366,2,5,33.241
21017,84,1.9404761904761905,22.14901105442177,61,2.639344262295082,26.502757220921154,101,1.5940594059405941,32.63142491749175,21,4.190476190476191,22.45628231292517,25,4.4,26.739527619047617,12,4,32.86824305555555,6,6.666666666666667,22.571849206349206,11,5.636363636363637,26.89756277056277,3,6,33.184083333333334
21019,81,2,22.211799529688417,62,2.596774193548387,26.672129032258063,97,1.6597938144329898,32.640013745704465,20,4.4,22.594288095238095,26,4.230769230769231,26.912384615384614,17,4.0588235294117645,33.158313725490196,10,5.6,22.668409523809522,10,5.4,27.187033333333332,5,5.4,33.4236
21021,79,2.037974683544304,22.207432790837853,69,2.347826086956522,26.475953301127213,104,1.5480769230769231,32.62058882783883,19,4.105263157894737,22.539062656641605,22,4.363636363636363,26.748671717171717,16,3.6875,33.01976488095238,6,5.666666666666667,22.638976190476193,8,6,27.01988888888889,3,5.666666666666667,33.38485714285714
21023,81,2.0123456790123457,22.214575347834607,64,2.53125,26.47255078125,105,1.5333333333333334,32.39857301587302,20,4.3,22.508030158730158,26,4.230769230769231,26.73858653846154,13,3.923076923076923,32.866166666666665,6,6.333333333333333,22.659267195767196,10,5.7,26.928241666666665,3,5.333333333333333,32.93033333333334
21025,80,2.0125,21.824188988095237,69,2.347826086956522,26.129006211180123,106,1.5188679245283019,32.385064240790655,19,4.315789473684211,22.09763784461153,24,4.25,26.349434523809524,16,3.5625,32.761050595238096,7,6.142857142857143,22.2134693877551,11,5.363636363636363,26.608463203463202,3,6,33.00671428571429
21027,80,2.0375,22.96804851190476,63,2.5714285714285716,27.11385214256643,103,1.5728155339805825,32.996436893203885,23,3.9565217391304346,23.20734265010352,23,4.608695652173913,27.295986303551523,17,3.8823529411764706,33.31958823529412,5,5.6,23.483609523809523,7,7.428571428571429,27.691097854526426,4,5.75,33.496375
21029,81,1.9876543209876543,22.690845679012345,60,2.683333333333333,27.135578774928774,96,1.6770833333333333,33.168215277777776,22,3.909090909090909,22.929022727272727,25,4.48,27.30498905982906,17,4.117647058823529,33.448156862745094,4,6,23.28275,7,7,27.604960927960928,5,6.2,33.609899999999996
21031,82,1.9634146341463414,23.15657781649245,62,2.6451612903225805,27.415720282405765,97,1.6701030927835052,33.63311143838979,18,4.333333333333333,23.49441005291005,22,4.7272727272727275,27.594075341325343,16,3.9375,33.92105059523809,7,5.857142857142857,23.639792517006804,7,7.714285714285714,27.91126059654631,5,5.6,34.094028571428574
21033,81,2.0246913580246915,23.741321575543797,60,2.683333333333333,27.687249603174603,100,1.61,33.466875,20,4.3,24.00835238095238,20,5.1,27.91174880952381,14,3.9285714285714284,33.856964285714284,5,7.2,24.172742857142858,11,6.545454545454546,27.971967532467534,3,5.333333333333333,34.185
21035,83,1.9518072289156627,23.70906157965194,72,2.236111111111111,27.800897156084655,102,1.588235294117647,33.70073015873016,15,4.866666666666666,23.951474074074074,25,3.96,27.99058380952381,13,4.153846153846154,34.11149816849817,6,7,23.989796296296298,6,6.333333333333333,28.284793650793652,4,5.75,34.18403571428571
21037,87,1.8505747126436782,22.30120498084291,67,2.4328358208955225,26.499880597014926,102,1.588235294117647,32.455186274509806,21,3.9047619047619047,22.563087301587302,28,4.107142857142857,26.777571428571427,16,3.6875,32.802125000000004,4,6,23.024749999999997,10,5.6,26.951866666666668,3,5.333333333333333,33.103
21039,87,1.8735632183908046,23.965077830853694,72,2.25,27.920735615079366,97,1.6597938144329898,33.616854810996564,17,4.764705882352941,24.301280663780663,23,4.260869565217392,28.15078105590062,15,4,33.83666111111111,5,8,24.301520923520922,8,6,28.35557886904762,5,5.6,34.28165
21041,83,1.9397590361445782,22.606288487282463,60,2.7,26.811794444444445,104,1.5480769230769231,32.63639010989011,19,4.368421052631579,22.833786549707604,28,4.25,26.991702380952383,16,4.0625,32.930598214285716,5,7,22.962555555555557,10,5.7,27.212683333333334,5,5.6,33.218580952380954
21043,74,2.175675675675676,22.017097812097813,64,2.515625,26.442661458333333,97,1.6597938144329898,32.42319194894453,21,4.619047619047619,22.252630385487528,25,4.32,26.659813333333332,15,4.133333333333334,32.96164126984127,11,5.909090909090909,22.31797619047619,10,5.6,26.907449999999997,4,6,33.08907142857143
21045,80,2.025,22.391027976190475,63,2.5873015873015874,26.550809145880574,101,1.603960396039604,32.63264167845356,19,4.2105263157894735,22.714328320802004,26,4.230769230769231,26.750037545787546,15,3.8666666666666667,32.91912063492064,7,5.714285714285714,22.764367346938776,9,6.111111111111111,27.009460317460317,3,6.333333333333333,33.44171428571428
21047,84,1.9404761904761905,23.380372023809525,63,2.5555555555555554,27.502255165028973,101,1.5940594059405941,33.5559603960396,19,4.157894736842105,23.687697368421052,20,5,27.610353769841268,10,4.3,33.9592,4,6.5,23.8003125,9,7.222222222222222,27.817638007054672,3,6,34.23566666666667
21049,81,1.9876543209876543,22.0291164021164,64,2.515625,26.40957961309524,103,1.5631067961165048,32.511327785483125,22,4.045454545454546,22.285383116883118,24,4.458333333333333,26.658670634920636,13,4.076923076923077,32.922058608058606,6,6.333333333333333,22.42279365079365,10,5.8,26.82697619047619,4,5.75,32.94544047619047
21051,72,2.2777777777777777,21.72358234126984,70,2.3,26.027908843537414,101,1.603960396039604,32.34059900990099,19,4.684210526315789,21.981996240601504,23,4.304347826086956,26.22515734989648,14,3.857142857142857,32.572892857142854,8,6.75,22.09224107142857,10,5.4,26.51102857142857,4,5.5,32.75575
21053,84,1.9404761904761905,22.600314342403628,72,2.25,26.677380952380954,100,1.61,32.7902,17,4.764705882352941,22.926553221288515,23,4.478260869565218,26.94636645962733,13,3.8461538461538463,32.91538461538462,8,6.25,22.982779761904762,8,6.5,27.17309523809524,1,8,33.69
21055,82,1.9634146341463414,23.665987514518,59,2.7288135593220337,27.67647982243745,100,1.61,33.558663333333335,21,3.9523809523809526,23.965998866213152,24,4.583333333333333,27.858429563492063,15,3.8,33.77708888888889,5,5.8,24.102028571428573,10,6.5,27.981814285714286,2,5.5,34.304
21057,84,1.9166666666666667,23.052391439909297,67,2.417910447761194,27.10397263681592,105,1.542857142857143,33.172715873015875,18,4.5,23.395882275132276,21,4.904761904761905,27.408150793650794,12,4,33.556263888888886,7,6.428571428571429,23.442625850340136,11,6.181818181818182,27.465939393939394,3,6,33.75116666666667
21059,81,2,23.468153733098177,64,2.546875,27.395773251488095,94,1.7127659574468086,33.15459485815603,22,4,23.716156926406924,25,4.56,27.592179523809524,19,3.789473684210526,33.40299561403509,5,5.6,23.98092380952381,9,6.666666666666667,27.882628306878306,5,5.6,33.63805
21061,82,1.9878048780487805,22.97184632034632,64,2.515625,27.202295072115383,101,1.5940594059405941,33.31259075907591,18,4.388888888888889,23.27424434824435,20,5,27.41084423076923,13,4.076923076923077,33.74782051282051,6,6.5,23.445510822510823,8,7.375,27.650548076923076,4,5.75,33.78125
21063,76,2.1184210526315788,21.965261904761906,65,2.476923076923077,26.379642307692308,101,1.603960396039604,32.36656718528996,22,4.2727272727272725,22.17158658008658,25,4.28,26.58447,16,4,32.82301785714286,10,5.8,22.308490476190475,9,5.666666666666667,26.89426851851852,4,6,32.94957142857143
21065,80,2.0125,22.199561607142858,66,2.4393939393939394,26.57186976911977,104,1.5480769230769231,32.78820833333333,17,4.588235294117647,22.495584033613447,26,4.076923076923077,26.81609249084249,15,3.8,33.12424444444444,7,6.285714285714286,22.50701360544218,8,5.5,27.17594642857143,4,5.25,33.58091666666667
21067,80,2.025,21.994383035714286,65,2.523076923076923,26.384805494505493,102,1.5784313725490196,32.55154388422036,21,4.190476190476191,22.27098299319728,25,4.32,26.666094285714284,15,3.7333333333333334,32.79649841269841,5,7,22.475961904761903,9,5.777777777777778,26.871280423280425,3,5.666666666666667,33.29304761904762
21069,80,2.05,21.99552380952381,60,2.683333333333333,26.382502777777777,103,1.5631067961165048,32.35971844660194,24,4,22.2446626984127,25,4.4,26.609606666666668,12,3.8333333333333335,32.8905,5,6.2,22.534380952380953,10,5.5,26.8301,4,5.25,33.155249999999995
21071,77,2.090909090909091,21.68997928262214,69,2.347826086956522,26.07243236714976,108,1.5,32.30155092592592,21,4.285714285714286,21.949685941043082,23,4.3478260869565215,26.353384057971013,14,3.7142857142857144,32.54660714285714,8,6,22.118238095238095,11,5.454545454545454,26.492,3,5,32.92666666666666
21073,84,1.9404761904761905,22.42818190836941,63,2.5555555555555554,26.767919879062738,98,1.6428571428571428,32.751401360544214,20,4.2,22.746864015151516,25,4.36,26.967558095238097,16,3.75,33.078895833333334,5,7,22.898622727272727,9,5.888888888888889,27.158402116402115,4,5.25,33.366416666666666
21075,85,1.8941176470588235,24.06185350140056,72,2.25,27.951002314814815,103,1.5728155339805825,33.6756642394822,17,4.529411764705882,24.31720868347339,25,4,28.148886666666666,12,4.166666666666667,34.12486805555555,6,6.5,24.367369047619047,7,6.142857142857143,28.424,4,5.75,34.406687500000004
21077,80,2.0375,22.418918055555555,65,2.476923076923077,26.68172277167277,105,1.5333333333333334,32.59492063492063,20,4.4,22.654922222222222,25,4.32,26.927279206349205,19,3.5789473684210527,32.83482456140351,7,6.428571428571429,22.77763492063492,8,6.375,27.15993501984127,3,5.333333333333333,33.26222222222222
21079,79,2.037974683544304,22.260226642555757,70,2.3142857142857145,26.51119557823129,104,1.5480769230769231,32.663852106227104,20,4.05,22.56539523809524,22,4.409090909090909,26.784940476190474,17,3.4705882352941178,33.00180112044818,6,5.666666666666667,22.680761904761905,8,6.125,27.05202380952381,2,6,33.48614285714286
21081,82,1.975609756097561,22.15776524390244,65,2.476923076923077,26.443413675213677,102,1.5980392156862746,32.417274509803924,19,4.368421052631579,22.452197368421054,25,4.4,26.682875555555555,18,3.6666666666666665,32.719,5,7,22.64335,9,6.333333333333333,26.848728395061727,3,5.666666666666667,33.00288888888889
21083,91,1.7802197802197801,23.637480376766092,73,2.219178082191781,27.76554305283757,99,1.6262626262626263,33.694886363636364,17,4,23.920042016806722,23,4.130434782608695,28.034767080745343,16,3.875,34.031484375,5,5.4,23.961142857142857,7,6.142857142857143,28.239115646258504,4,5.75,34.3828125
21085,81,2,22.94187037037037,64,2.515625,27.150484289148352,103,1.5631067961165048,33.21416181229773,20,4.1,23.241575,19,5.105263157894737,27.381368131868133,16,3.8125,33.607729166666665,7,5.428571428571429,23.433904761904763,8,7.375,27.626895146520148,4,5.75,33.65925
21087,78,2.076923076923077,22.843288766788767,61,2.639344262295082,27.037754398606857,104,1.5480769230769231,33.20944391025641,20,4.25,23.08532619047619,24,4.666666666666667,27.22741742979243,11,4.454545454545454,33.531106060606064,8,5.75,23.195607142857142,8,7.375,27.47537728937729,5,5.8,33.693599999999996
21089,78,2.1025641025641026,22.250662087912087,62,2.6451612903225805,26.681747311827955,88,1.8409090909090908,32.61082711038961,21,4.476190476190476,22.554125850340135,27,4.222222222222222,26.904012345679014,18,4.444444444444445,33.03626587301587,9,6,22.69703439153439,10,5.5,27.1755,7,5.714285714285714,33.17123129251701
21091,73,2.219178082191781,23.350263698630137,63,2.5873015873015874,27.32056613756614,93,1.7311827956989247,32.995475806451616,24,4.125,23.550385416666668,25,4.56,27.504426666666667,19,3.789473684210526,33.20180263157895,7,5.571428571428571,23.646916666666666,7,7.571428571428571,27.926523809523808,4,5.75,33.6223125
21093,83,1.9397590361445782,22.598479919678716,63,2.5714285714285716,26.929238996453282,100,1.61,33.097184166666665,22,3.8636363636363638,22.85835606060606,23,4.6521739130434785,27.137045946806815,14,4.214285714285714,33.43917261904762,5,5.6,23.118933333333334,9,6.888888888888889,27.36661741961742,5,6,33.551183333333334
21095,56,2.3035714285714284,20.540904336734695,57,2.2982456140350878,25.04424394319131,89,1.449438202247191,31.346840823970037,17,4.411764705882353,20.728567226890757,18,4.277777777777778,25.27149470899471,10,3.4,31.517883333333334,5,6.8,20.909961904761904,9,5.444444444444445,25.4544708994709,1,5,31.448
21097,82,2.0121951219512195,22.196353077816493,64,2.53125,26.50520163690476,104,1.5576923076923077,32.63102083333333,19,4.2631578947368425,22.525576441102757,26,4.230769230769231,26.763188644688643,14,3.7857142857142856,32.939011904761905,4,7.25,22.79440476190476,8,6,27.025154761904762,4,5.25,33.13675
21099,81,2,22.830621105232215,64,2.515625,27.0404410485348,100,1.61,33.22408238095238,19,4.157894736842105,23.10159523809524,20,4.95,27.316661355311354,12,4.666666666666667,33.54276984126984,7,5.714285714285714,23.281591836734695,8,7.25,27.52373672161172,6,6,33.56692857142857
21101,81,2.0123456790123457,23.62729012345679,63,2.5555555555555554,27.521662509448223,95,1.694736842105263,33.361371929824564,19,4.157894736842105,23.991342105263158,25,4.44,27.729389523809523,16,3.9375,33.55564583333333,5,6,24.1296,10,6.3,27.955557142857142,4,5.75,33.748625
21103,83,1.963855421686747,22.385875502008034,61,2.6885245901639343,26.661227166276348,96,1.6875,32.53047222222222,18,4.5,22.711537037037036,28,4.25,26.82695918367347,16,4.375,32.829708333333336,6,6.666666666666667,22.813222222222223,9,5.888888888888889,27.03146560846561,7,5.571428571428571,33.00480952380953
21105,88,1.8295454545454546,24.00955853174603,74,2.175675675675676,27.87808622908623,101,1.5940594059405941,33.58894801980198,17,4.352941176470588,24.302420634920633,23,4.173913043478261,28.110146997929608,13,4.076923076923077,33.92144230769231,4,7.25,24.320912698412698,8,6,28.27875595238095,4,5.75,34.2965625
21107,78,2.0641025641025643,23.489911782661782,64,2.515625,27.581433779761905,95,1.694736842105263,33.592492105263155,19,4.473684210526316,23.833322055137845,22,4.590909090909091,27.779170995670995,15,3.8666666666666667,33.99178333333333,5,7.4,23.917123809523808,10,6.2,27.946509523809524,3,6,34.07641666666667
21109,79,2.037974683544304,21.80685623869801,74,2.2162162162162162,26.040045045045044,95,1.694736842105263,32.406005263157894,17,4.588235294117647,22.07597899159664,23,4.173913043478261,26.353840579710145,17,3.9411764705882355,32.61091176470588,7,6.428571428571429,22.150115646258502,10,5.3,26.602166666666665,4,6,32.95429166666667
21111,81,1.9876543209876543,22.692929292929293,60,2.7,27.191197685185184,95,1.694736842105263,33.175172807017546,19,4.368421052631579,22.991435406698564,29,4.172413793103448,27.33213314176245,19,4,33.43981140350877,5,7,23.18012121212121,8,6.25,27.650232638888887,6,6,33.597458333333336
21113,82,1.975609756097561,22.192583042973286,66,2.4393939393939394,26.50071584896585,107,1.5046728971962617,32.55816310636404,22,4,22.486900432900434,23,4.434782608695652,26.77161939268461,14,3.7142857142857144,32.86417517006803,5,6.2,22.715361904761906,8,6,26.971218253968253,3,5.666666666666667,33.16142857142857
21115,76,2.1184210526315788,21.96774060150376,68,2.3823529411764706,26.38748879551821,105,1.542857142857143,32.566824036281176,22,4.2272727272727275,22.20196753246753,22,4.454545454545454,26.687238095238094,14,3.857142857142857,32.75725170068027,10,5.6,22.333661904761904,12,5.5,26.788686507936507,3,6.333333333333333,33.06495238095238
21117,85,1.9294117647058824,22.187561764705883,68,2.3676470588235294,26.43709232026144,103,1.5631067961165048,32.38798705501618,22,4,22.424215909090908,26,4.153846153846154,26.713933760683762,17,3.5294117647058822,32.73221568627451,5,6.2,22.792716666666667,10,5.6,26.878144444444445,2,5,33.188
21119,65,1.9846153846153847,21.375755311355313,57,2.280701754385965,25.61304970760234,91,1.4285714285714286,31.817309523809524,14,4.357142857142857,21.710649659863947,19,4.2105263157894735,25.858359649122807,13,3.3846153846153846,32.09001282051282,6,6,21.79290476190476,9,5.333333333333333,26.014777777777777,2,5,32.358000000000004
21121,70,2.3142857142857145,21.815715419501135,66,2.4393939393939394,26.168410894660894,102,1.5784313725490196,32.45371405228758,21,4.476190476190476,22.07071806500378,26,4.115384615384615,26.347312271062272,15,3.6666666666666665,32.65725555555555,9,6.333333333333333,22.142971781305114,10,5.6,26.609428571428573,3,5.333333333333333,32.876555555555555
21123,83,1.9879518072289157,22.536183878370625,64,2.515625,26.912204126602564,100,1.61,33.216026666666664,20,4.05,22.807163095238096,21,4.809523809523809,27.121955433455433,13,4.230769230769231,33.44674358974359,7,5.571428571428571,22.88677551020408,8,7.125,27.36586217948718,5,5.8,33.5312
21125,71,2.267605633802817,21.8669592555332,70,2.3142857142857145,26.0952731292517,103,1.5728155339805825,32.39161650485437,20,4.6,22.111205357142858,21,4.428571428571429,26.345434240362813,15,3.933333333333333,32.70876666666667,7,7,22.17856292517007,10,5.6,26.55149523809524,5,5.6,32.78413333333334
21127,75,2.1733333333333333,22.074729841269843,66,2.4393939393939394,26.48210101010101,97,1.6701030927835052,32.54420127638684,22,4.5,22.310215367965366,25,4.28,26.748546666666666,16,4.3125,32.81953273809524,11,5.909090909090909,22.38399134199134,11,5.454545454545454,26.93972727272727,6,5.5,33.064031746031745
21129,79,2.037974683544304,22.117380650994576,66,2.4393939393939394,26.434300505050505,100,1.61,32.711011666666664,17,4.647058823529412,22.387533613445378,24,4.208333333333333,26.677659722222224,17,3.6470588235294117,32.92830392156863,9,5.888888888888889,22.361915343915346,9,5.444444444444445,26.983851851851853,4,5.5,33.304249999999996
21131,59,2.23728813559322,21.43187570621469,56,2.3214285714285716,25.740214285714284,85,1.5294117647058822,31.979705882352942,17,4.411764705882353,21.65150980392157,19,4.2105263157894735,25.96221052631579,14,3.4285714285714284,32.135,7,6.428571428571429,21.74890476190476,10,5.3,26.1132,2,5.5,32.483333333333334
21133,61,2.1475409836065573,20.973811995836588,56,2.3392857142857144,25.330559523809523,88,1.4659090909090908,31.494823863636363,17,4.294117647058823,21.199266573295986,18,4.277777777777778,25.53090740740741,10,3.3,31.72995,5,6.8,21.351673015873015,9,5.222222222222222,25.758666666666667,1,5,31.982
21135,76,2.1184210526315788,22.109757518796993,65,2.476923076923077,26.386748717948716,100,1.61,32.239473333333336,22,4.409090909090909,22.338253246753247,25,4.24,26.641946666666666,17,3.9411764705882355,32.73013725490196,9,5.888888888888889,22.496656084656085,10,5.3,26.924033333333334,4,5.75,32.91266666666667
21137,78,2.0641025641025643,22.1183663003663,69,2.347826086956522,26.340865539452498,104,1.5576923076923077,32.55619391025641,21,4.095238095238095,22.395122448979592,22,4.318181818181818,26.640441919191918,16,3.625,32.865885416666664,8,5.5,22.422821428571428,9,5.888888888888889,26.85506172839506,2,6,33.54
21139,75,2.16,23.960851457431456,61,2.6557377049180326,27.930541320701156,98,1.6428571428571428,33.67098688046647,21,4.333333333333333,24.184945681302825,23,4.739130434782608,28.173609589685675,15,4,33.98944761904762,5,7.6,24.389605194805196,9,6.888888888888889,28.290150432900433,3,5.666666666666667,34.30390476190476
21141,80,2.0125,23.186259077380953,69,2.3768115942028984,27.27503519668737,93,1.7311827956989247,33.581525089605734,18,4.666666666666667,23.477540343915344,21,4.523809523809524,27.532496598639455,14,4.285714285714286,33.84084523809524,8,6.125,23.506653273809523,6,7.333333333333333,27.90790476190476,4,6.75,33.90920833333333
21143,76,2.1184210526315788,24.103462406015037,64,2.53125,27.910834263392857,103,1.5825242718446602,33.51167706888581,22,4.2727272727272725,24.396506493506493,21,4.857142857142857,28.21516156462585,14,4,33.83483843537415,6,7.166666666666667,24.5256626984127,9,6.888888888888889,28.32426587301587,3,5.666666666666667,34.19285714285714
21145,81,2,23.81789041205708,69,2.391304347826087,27.919246146767886,98,1.6428571428571428,33.74186321671526,18,4.5,24.09106240981241,25,4.2,28.114919365079366,16,3.75,34.064849702380954,4,8.25,24.194155844155844,7,6.285714285714286,28.362569160997733,4,5.5,34.505857142857145
21147,77,2.103896103896104,21.889379406307977,64,2.515625,26.203242559523808,110,1.4636363636363636,32.4726341991342,20,4.4,22.145860714285714,27,4.185185185185185,26.37953791887125,12,3.5833333333333335,32.57789682539683,7,6.428571428571429,22.281149659863946,8,6.25,26.652607142857143,1,7,33.30142857142857
21149,76,2.1447368421052633,23.424315789473685,67,2.4328358208955225,27.422954513148543,93,1.7419354838709677,33.4189229390681,24,4.125,23.604916666666668,24,4.416666666666667,27.635123015873017,17,3.823529411764706,33.733813725490194,6,6.5,23.741055555555555,9,6.333333333333333,27.907920634920636,4,5.5,34.0085
21151,78,2.08974358974359,22.13125518925519,67,2.417910447761194,26.420104122245913,108,1.4907407407407407,32.585333553791884,22,4.2272727272727275,22.36217748917749,25,4.2,26.693079047619047,14,3.7142857142857144,33.021501700680275,7,6.285714285714286,22.458272108843538,8,5.75,27.013892857142856,3,5.666666666666667,33.25228571428571
21153,81,2.0123456790123457,21.787862433862433,70,2.3,26.146092857142857,105,1.542857142857143,32.326799659863944,23,4.086956521739131,22.033776397515528,21,4.238095238095238,26.48102380952381,14,3.857142857142857,32.71706887755102,8,5.75,22.268565476190478,9,5.333333333333333,26.674888888888887,3,6.666666666666667,32.76882142857143
21155,79,2.037974683544304,22.593337552742614,65,2.476923076923077,26.87256134122288,99,1.6262626262626263,32.990722222222225,19,4.2105263157894735,22.873087719298244,22,4.590909090909091,27.07779487179487,12,4.25,33.274708333333336,8,5.625,22.931708333333333,7,7.142857142857143,27.331164835164834,4,6.5,33.529333333333334
21157,83,1.9397590361445782,24.030325396825397,66,2.4696969696969697,27.97085930735931,101,1.603960396039604,33.69278901461575,16,4.4375,24.34137549603175,24,4.416666666666667,28.247988095238096,14,3.9285714285714284,33.93904931972789,5,6.4,24.499234920634922,9,6.111111111111111,28.410190476190476,3,5.666666666666667,34.48695238095238
21159,76,2.1315789473684212,21.81672744360902,69,2.347826086956522,26.292295721187024,103,1.5825242718446602,32.46901294498382,23,4.173913043478261,22.046577639751554,23,4.478260869565218,26.57449585921325,16,3.625,32.74583333333334,7,6,22.303755102040817,12,5.583333333333333,26.642575396825396,3,5.333333333333333,33.10444444444445
21161,77,2.090909090909091,22.152012059369202,62,2.596774193548387,26.436795314900152,106,1.5377358490566038,32.30208805031447,21,4.285714285714286,22.40880612244898,24,4.458333333333333,26.66609623015873,13,3.923076923076923,32.85471794871795,6,6.166666666666667,22.632626984126983,9,5.777777777777778,26.9089417989418,3,5,33.13933333333333
21163,76,2.1184210526315788,22.856083333333334,59,2.7288135593220337,27.069765133171913,96,1.6979166666666667,32.98482899305556,23,4.173913043478261,23.056623188405798,21,4.904761904761905,27.24291156462585,17,4.117647058823529,33.27874019607843,5,6.4,23.35696666666667,8,7.375,27.54160119047619,6,5.833333333333333,33.40295833333333
21165,81,2.0246913580246915,21.84221751910641,64,2.515625,26.196669270833333,97,1.6597938144329898,32.2735441826215,20,4.35,22.11523095238095,24,4.333333333333333,26.41528472222222,15,4.133333333333334,32.62658571428572,9,5.777777777777778,22.15551322751323,9,5.666666666666667,26.700481481481482,5,5.8,32.548257142857146
21167,79,2.0759493670886076,22.35307956600362,67,2.4477611940298507,26.627631130063964,104,1.5480769230769231,32.68733104395604,19,4.2631578947368425,22.638593984962405,22,4.636363636363637,26.87164935064935,16,3.625,33.10827678571429,8,5.625,22.70395238095238,9,6,27.07310582010582,3,5.666666666666667,33.31580952380953
21169,79,2.037974683544304,22.658965641952985,58,2.7758620689655173,26.830411298471642,100,1.61,33.13546,19,4.315789473684211,22.9356992481203,23,4.913043478260869,27.08321110049371,14,3.9285714285714284,33.342214285714284,7,5.714285714285714,23.07356462585034,10,6.9,27.22063553113553,3,6,33.682833333333335
21171,83,1.9518072289156627,22.756482214572575,65,2.476923076923077,26.92484091293322,102,1.5784313725490196,33.11865522875817,19,4.2631578947368425,23.06726441102757,19,5.105263157894737,27.224455754771544,15,3.7333333333333334,33.43818888888889,7,5.857142857142857,23.199598639455782,9,7.111111111111111,27.348665852665853,3,5.333333333333333,33.92344444444444
21173,81,1.9876543209876543,22.007604644326868,62,2.596774193548387,26.407590629800307,102,1.5784313725490196,32.47948622782446,21,4.190476190476191,22.244332199546484,25,4.44,26.62342476190476,13,4.230769230769231,32.879045787545785,8,5.875,22.38710119047619,11,5.7272727272727275,26.820510822510823,6,5.5,32.96196031746032
21175,81,1.9876543209876543,21.97381554967666,67,2.417910447761194,26.295432835820897,105,1.5523809523809524,32.374863945578234,20,4.3,22.256952976190476,25,4.04,26.51656,16,3.5625,32.78191964285714,8,5.875,22.33592410714286,8,5.375,26.883416666666665,2,6.5,32.76285714285714
21177,79,2.0632911392405062,23.303922694394213,63,2.5714285714285716,27.491346270131984,98,1.653061224489796,33.626662414965985,21,4.285714285714286,23.60809013605442,20,4.95,27.71249075091575,14,3.7857142857142856,34.02877976190476,7,5.857142857142857,23.682365646258503,8,7.375,27.922789377289376,2,7,34.24979166666667
21179,89,1.8089887640449438,22.58440583199572,61,2.6721311475409837,26.990166666666667,100,1.63,33.090200714285714,17,4.0588235294117645,22.959536414565825,22,4.818181818181818,27.170462121212122,16,4,33.23937946428571,5,5.8,23.101923809523807,8,7,27.345125,5,5.8,33.56518095238095
21181,80,2.0125,22.073017261904763,61,2.639344262295082,26.45265573770492,102,1.5784313725490196,32.5873954248366,21,4.142857142857143,22.355303854875284,25,4.4,26.68648,14,3.857142857142857,32.93495238095238,6,6.5,22.576619047619047,9,5.777777777777778,26.938555555555556,3,5.666666666666667,33.160333333333334
21183,76,2.1184210526315788,23.280413847117796,63,2.5555555555555554,27.406971713471712,102,1.5784313725490196,33.35965522875817,25,3.92,23.512258095238096,20,4.95,27.633460897435896,15,3.7333333333333334,33.81565555555556,5,5.6,23.794457142857144,8,7.375,27.857298076923076,3,5.666666666666667,34.02133333333334
21185,78,2.0641025641025643,22.608527195027197,61,2.6721311475409837,26.848054189435338,94,1.7127659574468086,32.68699645390071,20,4.4,22.91125606060606,27,4.407407407407407,27.027640946502057,19,4.052631578947368,33.01566666666667,6,6.833333333333333,23.118909090909092,10,6,27.16846388888889,6,5.833333333333333,33.119194444444446
21187,81,1.9876543209876543,22.291284979423867,61,2.639344262295082,26.58110205368402,99,1.6262626262626263,32.5331632996633,19,4.315789473684211,22.579688596491227,25,4.52,26.78268901098901,20,3.65,32.785408333333336,5,7,22.756149999999998,8,6.875,26.92746565934066,4,5.25,33.206
21189,80,2.0125,22.017084226190477,66,2.4393939393939394,26.34292676767677,97,1.6597938144329898,32.654445017182134,18,4.5,22.25898544973545,25,4.16,26.558726666666665,16,3.75,32.869447916666665,8,6,22.318446428571427,10,5.3,26.8659,4,5.5,33.23383333333334
21191,80,2.025,22.298604166666667,64,2.515625,26.582154947916667,98,1.653061224489796,32.585739795918364,19,4.368421052631579,22.599122807017544,28,4.142857142857143,26.807961309523808,17,3.7058823529411766,32.8875,5,7,22.773333333333333,9,6,27.036898148148147,2,6,33.016666666666666
21193,62,2.0806451612903225,21.590018433179722,55,2.4,25.82417575757576,86,1.5116279069767442,32.00906007751938,15,4.4,21.884409523809524,21,4.142857142857143,25.976650793650794,12,3.5,32.32826388888889,7,5.857142857142857,21.961591836734694,9,5.333333333333333,26.231814814814815,2,5.5,32.57833333333333
21195,58,2.2413793103448274,21.345553776683087,53,2.4339622641509435,25.781845911949684,86,1.5,31.999116279069767,17,4.411764705882353,21.56835994397759,18,4.444444444444445,26.032935185185185,12,3.5833333333333335,32.309083333333334,7,6.142857142857143,21.631850340136054,9,5.444444444444445,26.116518518518518,2,5,32.352000000000004
21197,81,2.0246913580246915,22.05751234567901,61,2.7049180327868854,26.447076112412176,104,1.5480769230769231,32.58734844322344,19,4.421052631578948,22.306236842105264,27,4.37037037037037,26.65876455026455,14,3.9285714285714284,32.92030272108843,8,6,22.358249999999998,10,5.9,26.891414285714287,4,5.5,33.120642857142855
21199,81,1.9876543209876543,22.412546737213404,67,2.4328358208955225,26.562862473347547,105,1.561904761904762,32.59937029478458,19,4.315789473684211,22.722172932330828,24,4.333333333333333,26.81549107142857,15,3.6666666666666665,32.981592063492066,5,6.8,22.906257142857143,9,6,27.054550264550265,3,6,33.58379365079365
21201,84,1.9404761904761905,22.09597836356765,61,2.639344262295082,26.47732630757221,109,1.4770642201834863,32.477559633027525,20,4.15,22.44510912698413,25,4.36,26.721476190476192,11,4,33.051272727272725,4,7,22.733670634920635,9,5.777777777777778,26.94484126984127,3,5.666666666666667,33.239666666666665
21203,79,2.037974683544304,22.022685352622062,71,2.295774647887324,26.211799128101944,104,1.5480769230769231,32.4645798992674,20,4.15,22.297107142857143,25,4.08,26.509909523809522,18,3.6666666666666665,32.782017195767196,7,5.857142857142857,22.389591836734695,9,5.555555555555555,26.80410052910053,3,6,33.382936507936506
21205,78,2.0641025641025643,21.999419413919412,61,2.6721311475409837,26.33995862607338,98,1.653061224489796,32.30036224489796,20,4.4,22.274985714285716,25,4.36,26.546299047619048,17,3.9411764705882355,32.66267647058824,8,6.125,22.33298511904762,10,5.5,26.803247619047617,5,5.6,32.8306
21207,79,2.0632911392405062,22.840845388788427,66,2.4393939393939394,26.83395202020202,104,1.5480769230769231,32.78408253205128,17,4.764705882352941,23.186281512605042,21,4.714285714285714,27.11575396825397,13,3.6153846153846154,33.07804487179487,8,6.25,23.184285714285714,9,6.333333333333333,27.31574074074074,1,8,33.91875
21209,81,1.9876543209876543,22.20945620223398,62,2.596774193548387,26.509372887864824,104,1.5480769230769231,32.58677884615385,20,4.25,22.52304761904762,25,4.4,26.743044761904763,11,3.6363636363636362,33.094545454545454,6,6.666666666666667,22.621547619047618,9,6,26.91447619047619,2,5,33.4
21211,85,1.9176470588235295,22.42712486631016,62,2.629032258064516,26.785705709165388,98,1.6428571428571428,32.683865646258504,19,4.2105263157894735,22.753453349282296,25,4.52,26.966550158730158,17,3.8823529411764706,33.14287254901961,4,7.5,23.098070075757576,10,5.9,27.117792063492065,4,6,33.34345833333333
21213,86,1.9186046511627908,23.136144241417497,66,2.4545454545454546,27.208270923520924,95,1.694736842105263,33.50832894736842,19,4.2105263157894735,23.411231829573936,20,4.85,27.47704404761905,12,4.416666666666667,33.8271875,8,5.75,23.465738095238095,9,6.555555555555555,27.635005291005292,3,7.333333333333333,33.86680555555556
21215,85,1.8941176470588235,22.593867647058822,59,2.76271186440678,26.97495738912688,98,1.6428571428571428,32.921784863945575,18,4.166666666666667,22.90965277777778,25,4.68,27.121499438339438,17,3.9411764705882355,33.26234803921569,4,6.75,23.2915625,8,7,27.302602411477412,5,5.8,33.50548333333333
21217,76,2.1447368421052633,22.676559523809523,66,2.484848484848485,26.845858974358976,105,1.5523809523809524,32.96890642479214,20,4.4,22.93492619047619,23,4.695652173913044,27.078334448160536,11,4.454545454545454,33.32865223665224,10,5.5,22.968519047619047,8,7.25,27.308128205128206,5,6.2,33.44303492063492
21219,78,2.0641025641025643,23.16136278998779,68,2.3823529411764706,27.309259278711483,97,1.6597938144329898,33.61369931271478,19,4.526315789473684,23.418489348370926,19,4.7368421052631575,27.54024373433584,13,3.8461538461538463,33.825294871794874,7,6.142857142857143,23.38423299319728,8,6.75,27.768808035714287,2,6.5,34.259
21221,80,2.0125,23.987327976190475,65,2.5076923076923077,27.829428388278387,102,1.5784313725490196,33.45598039215686,17,4.647058823529412,24.252131652661063,21,4.9523809523809526,28.09846882086168,12,4.166666666666667,33.92458333333333,7,6.857142857142857,24.376367346938775,10,6.7,28.18745119047619,3,6,34.431666666666665
21223,82,1.975609756097561,22.578382791327915,63,2.5714285714285716,26.692186696900983,104,1.5576923076923077,32.39819436813187,18,4.611111111111111,22.917632716049383,26,4.346153846153846,26.886067765567766,16,4.0625,32.781075892857146,6,6.833333333333333,23.039703703703704,10,5.8,27.048609523809525,6,5.5,32.92384126984127
21225,81,2.0123456790123457,23.69127395649618,63,2.5555555555555554,27.616301965230537,100,1.62,33.41155666666667,17,4.470588235294118,24.05430532212885,24,4.625,27.830917658730158,14,4.071428571428571,33.59719047619048,5,7,24.150971428571427,11,6.181818181818182,27.958138528138527,4,5.75,33.801625
21227,85,1.8941176470588235,23.13171680672269,67,2.4029850746268657,27.302708599857855,103,1.5631067961165048,33.54121359223301,19,4.052631578947368,23.45268045112782,22,4.636363636363637,27.580521645021644,11,4.454545454545454,33.957727272727276,6,5.833333333333333,23.620571428571427,9,6.666666666666667,27.751460317460317,4,6.75,33.983333333333334
21229,80,2.025,22.48519880952381,63,2.5714285714285716,26.81348148148148,101,1.5940594059405941,32.84941403426057,18,4.333333333333333,22.807550264550265,22,4.681818181818182,27.018151515151516,14,4.071428571428571,33.231486961451246,8,5.625,22.87157142857143,7,7.142857142857143,27.24157142857143,4,6.5,33.40374603174603
21231,82,1.975609756097561,22.47163792102207,71,2.2816901408450705,26.57559758551308,106,1.5188679245283019,32.600215408805035,20,4.4,22.762965476190477,19,4.894736842105263,26.909864661654137,12,3.8333333333333335,32.89981944444445,7,6.428571428571429,22.899068027210884,9,6.444444444444445,27.083973544973546,2,6,33.426
21233,76,2.1447368421052633,23.65876911027569,64,2.515625,27.61756138392857,97,1.6701030927835052,33.52399570446735,22,4.090909090909091,23.931656926406927,24,4.5,27.80120535714286,17,4,33.78838725490196,5,6.6,24.062457142857145,11,6.090909090909091,27.967705627705627,4,5.75,34.025437499999995
21235,69,2.347826086956522,21.926760524499656,63,2.5555555555555554,26.286005542957923,109,1.4862385321100917,32.547134556574925,21,4.714285714285714,22.18697505668934,27,4.222222222222222,26.48401293356849,12,3.75,32.719388888888886,9,6.444444444444445,22.2366455026455,10,5.9,26.702668253968255,3,5.333333333333333,33.03977777777778
21237,83,1.9397590361445782,21.88383075157774,67,2.417910447761194,26.204338663823737,96,1.7083333333333333,32.414313740079365,17,4.470588235294118,22.224879551820727,24,4.25,26.422945436507938,17,3.8823529411764706,32.63083053221288,8,5.75,22.24932738095238,8,5.5,26.79352380952381,4,6.25,32.74290476190476
21239,78,2.0641025641025643,22.26853121878122,66,2.4545454545454546,26.540704064454065,100,1.61,32.595684166666665,20,4.3,22.531021753246755,23,4.478260869565218,26.819846445824705,13,3.923076923076923,32.8998782051282,5,7,22.731587012987013,9,5.888888888888889,26.986922398589066,4,5.75,33.2079375
22001,55,2.3454545454545452,25.521467316017315,50,2.58,28.54247748917749,87,1.4827586206896552,34.582641762452106,19,4.473684210526316,25.682405388471178,14,5.428571428571429,28.63384817563389,12,3.4166666666666665,34.85831944444445,7,6.571428571428571,25.6927193877551,8,7,28.59881764069264,2,5,35.147000000000006
22003,67,2.4328358208955225,25.128631130063965,68,2.3823529411764706,28.516645626432393,111,1.4594594594594594,34.831135135135135,18,5.444444444444445,25.35101587301587,24,4.541666666666667,28.67299594155844,10,4.2,35.1276,10,7.2,25.427745238095238,9,6.666666666666667,28.758174362674364,3,6.333333333333333,35.127
22005,61,2.1147540983606556,25.387589791356184,63,2.0476190476190474,28.681922398589066,93,1.3978494623655915,34.987046594982075,16,4.75,25.574561079545454,14,4.357142857142857,28.82829365079365,6,3.8333333333333335,35.275888888888886,5,7.2,25.513428787878787,5,5.8,28.89622222222222,1,5,35.232
22007,63,2.0634920634920637,25.540539682539684,59,2.1864406779661016,28.59228604446401,89,1.449438202247191,34.76877902621723,18,4.055555555555555,25.71938888888889,13,4.769230769230769,28.68075974025974,6,4,34.81272222222222,4,6,25.689333333333334,5,6.8,28.862475324675327,2,5,34.584
22009,62,2.6129032258064515,25.14183064516129,64,2.53125,28.626014446924604,104,1.5480769230769231,35.003358974358974,21,5.238095238095238,25.309690476190475,24,4.333333333333333,28.825413525132277,13,3.6923076923076925,35.236102564102566,10,7.2,25.367933333333333,9,6.111111111111111,28.84517680776014,2,6,35.328
22011,51,2.5294117647058822,25.12444362745098,56,2.3035714285714284,28.59254618893012,94,1.372340425531915,35.031258865248226,15,5.333333333333333,25.219775,17,4.470588235294118,28.74750509294627,6,4.166666666666667,35.37305555555555,6,8.5,25.38832638888889,5,7,28.803350649350648,2,5.5,34.9825
22013,69,2.3333333333333335,24.807776146558755,65,2.523076923076923,28.565482706396168,99,1.6262626262626263,34.8925727050727,22,4.636363636363637,24.92325245966155,19,5.368421052631579,28.769809258723733,11,4.909090909090909,35.231790709290706,7,7.714285714285714,25.06617439703154,7,8.571428571428571,28.873887035583465,3,8.666666666666666,35.58462148962149
22015,72,2.3055555555555554,24.98050907888408,69,2.36231884057971,28.74871035405818,106,1.5188679245283019,35.0804035639413,20,4.85,25.133082683982686,19,4.894736842105263,28.969790233158655,14,3.9285714285714284,35.3209126984127,10,6.3,25.234332034632036,7,7.285714285714286,29.04371634714492,3,7,35.36037037037037
22017,68,2.3823529411764706,24.967512254901962,66,2.4393939393939394,28.758288031833487,104,1.5673076923076923,35.12900053418804,20,5,25.086791666666667,20,4.85,28.954100505050505,13,4.153846153846154,35.3427735042735,11,6.363636363636363,25.16227272727273,7,7.428571428571429,29.021477633477634,4,6.25,35.52463888888889
22019,57,2.280701754385965,25.68682992569142,58,2.2758620689655173,28.76854022988506,96,1.3541666666666667,34.87102256944444,13,5.6923076923076925,25.82879275110854,14,5,28.858595238095237,10,3.5,35.22831666666667,5,9.4,25.852861152882205,6,7,28.8945,1,5,35.254
22021,73,2.232876712328767,24.932573978532883,64,2.515625,28.619717977335164,95,1.7052631578947368,35.0561466241361,18,5.5,25.0768278018278,22,4.7272727272727275,28.80486138861139,15,4.533333333333333,35.311261952861955,7,9,25.115414347557206,9,6.888888888888889,29.00345746845747,4,7.75,35.39223232323232
22023,53,2.452830188679245,26.323970799640612,52,2.480769230769231,28.79119230769231,90,1.4333333333333333,34.09937962962963,14,5.642857142857143,26.38467517006803,16,4.875,28.906375,9,3.4444444444444446,34.51935185185185,6,8.5,26.420353174603175,8,6.125,28.919416666666667,0,NA,NA
22025,68,2.3823529411764706,25.254981927914454,61,2.6557377049180326,28.747516068175905,97,1.6597938144329898,34.97119055801014,18,5.666666666666667,25.425209505454603,25,4.32,28.912139206349206,12,5,35.27295701058201,9,8.11111111111111,25.428567159057355,8,6.25,29.107726686507938,7,5.857142857142857,35.30090249433107
22027,81,2.0123456790123457,24.58913748597082,67,2.4477611940298507,28.534729060740254,96,1.6770833333333333,35.0180689484127,16,4.8125,24.821258522727273,20,4.95,28.735092353479853,11,5.090909090909091,35.253601731601734,8,6.5,24.92928787878788,9,6.888888888888889,28.82205708180708,6,6.666666666666667,35.36535317460317
22029,62,2.6774193548387095,25.337857049312696,63,2.5714285714285716,28.7412151675485,90,1.788888888888889,34.843211375661376,20,5.55,25.494356852869352,25,4.4,28.92766222222222,14,4.642857142857143,35.13278741496599,9,8.444444444444445,25.512089302672635,10,5.9,29.010155555555556,6,5.833333333333333,35.02636507936508
22031,69,2.3333333333333335,25.075468599033815,66,2.4545454545454546,28.681785654160652,103,1.5631067961165048,34.89147396293027,22,4.545454545454546,25.177151515151515,21,4.857142857142857,28.868707294028724,11,4.545454545454546,35.275619834710746,9,6.111111111111111,25.30988888888889,9,6.777777777777778,28.841613315696648,3,7.666666666666667,35.29282828282828
22033,57,2.263157894736842,25.183393398024975,55,2.3454545454545452,28.717277777777777,91,1.4285714285714286,35.12345238095238,16,4.875,25.36458898046398,19,4.2631578947368425,28.81343567251462,9,3.5555555555555554,35.38712962962963,5,8,25.40501807081807,6,5.833333333333333,28.729351851851852,0,NA,NA
22035,66,2.4393939393939394,25.255255777471685,67,2.4328358208955225,28.811419234993863,101,1.5940594059405941,34.86500471475719,18,5.833333333333333,25.496215628507294,19,5.421052631578948,29.04895203918888,11,4.545454545454546,35.22277056277056,9,8.11111111111111,25.57030162738496,9,7.666666666666667,29.167602453102454,6,5.5,35.25563492063492
22037,55,2.3454545454545452,24.938283871683872,53,2.452830188679245,28.512369496855346,83,1.5662650602409638,34.96491365461847,18,4.722222222222222,25.11058960792294,20,4.3,28.674029166666667,10,3.8,35.180283333333335,6,7.666666666666667,25.199268823768826,7,5.714285714285714,28.662345238095238,2,6,35.206
22039,56,2.375,25.258289965986396,59,2.2033898305084745,28.609160429965513,94,1.4042553191489362,34.98094478216819,17,4.882352941176471,25.428484593837535,14,4.785714285714286,28.775033240568956,10,3.6,35.27888095238095,7,7.285714285714286,25.45858163265306,4,8.5,28.784074675324675,1,7,35.30714285714286
22041,71,2.267605633802817,25.03481438841008,62,2.596774193548387,28.649334485407067,103,1.5631067961165048,34.96702669902913,18,5.388888888888889,25.300934532061984,25,4.64,28.823549523809525,13,4.153846153846154,35.18990384615385,6,9.833333333333334,25.286970262852616,10,6.9,29.015707142857142,3,6.333333333333333,35.07069444444444
22043,63,2.5555555555555554,25.00870855863713,69,2.420289855072464,28.629833333333334,92,1.75,35.04013768115942,24,4.791666666666667,25.149318299755798,24,4.333333333333333,28.8093125,15,4.466666666666667,35.27817777777778,8,7.75,25.266913232600732,8,6,28.874708333333334,6,6.166666666666667,35.46975
22045,63,2.0793650793650795,25.743609221466365,56,2.3214285714285716,28.622057790423863,90,1.4333333333333333,34.510703703703705,19,4.105263157894737,25.824598997493734,15,5,28.73001575091575,8,3.625,34.82604166666667,5,6.4,25.855976190476188,7,6.714285714285714,28.76658137100994,1,5,34.25
22047,59,2.2033898305084745,25.409812690134725,58,2.2758620689655173,28.688195128626163,93,1.3978494623655915,34.98868817204301,19,4.368421052631579,25.612313090418354,17,4.529411764705882,28.776783380018674,8,3.625,35.276,4,8,25.567028846153846,6,6.166666666666667,28.76921957671958,1,5,35.148
22049,68,2.411764705882353,24.82303666921314,64,2.546875,28.594877139136905,99,1.6262626262626263,35.00905146705147,22,4.863636363636363,24.93393152302243,22,4.954545454545454,28.757597132034633,9,5.555555555555555,35.3762328042328,9,7.222222222222222,25.04748075998076,7,8.428571428571429,28.94161479591837,5,7,35.44038571428571
22051,64,2.046875,26.026390625,62,2.0806451612903225,28.839521505376343,89,1.4606741573033708,34.789704119850185,17,4,26.167882352941177,16,4.25,28.976270833333334,7,4,34.922666666666665,4,6.25,26.273916666666665,6,5.833333333333333,29.132416666666668,3,5,34.974000000000004
22053,58,2.2241379310344827,25.671265804597702,57,2.263157894736842,28.666661236424396,88,1.4772727272727273,34.70226325757576,19,4.2105263157894735,25.81965350877193,17,4.411764705882353,28.75145238095238,9,3.5555555555555554,34.99712962962963,6,6.333333333333333,25.882791666666666,7,6,28.83626530612245,1,5,35.26
22055,68,1.9264705882352942,25.416564775910363,52,2.5,28.524994118061425,90,1.4333333333333333,34.7072,19,4.105263157894737,25.58533709273183,17,4.882352941176471,28.63321730230554,9,3.7777777777777777,35.05088888888889,6,6.166666666666667,25.64356746031746,8,6.5,28.644649267399267,2,5.5,35.10316666666667
22057,65,2.0153846153846153,25.648766666666667,63,2.111111111111111,28.599559712774,95,1.3578947368421053,34.60337719298246,21,3.6666666666666665,25.824515873015873,15,4.466666666666667,28.724484126984127,4,3.5,34.585208333333334,3,5.333333333333333,25.927444444444443,7,5.571428571428571,28.843775510204082,0,NA,NA
22059,70,2.3142857142857145,25.06998115656519,63,2.5555555555555554,28.706225371630133,92,1.7608695652173914,35.066019582470666,18,5.555555555555555,25.207704497753518,25,4.12,28.865487936507936,13,5.153846153846154,35.37683089133089,7,9.142857142857142,25.249811565651903,7,6.142857142857143,29.10614739229025,5,7.8,35.492260317460314
22061,77,2.1948051948051948,24.65066329341654,60,2.716666666666667,28.511625335775335,96,1.6770833333333333,34.98175694444444,20,4.7,24.84580367965368,21,5.095238095238095,28.676548578405722,11,5.545454545454546,35.248060606060605,6,8,25.006567821067822,7,8.571428571428571,28.848455259026686,5,8.2,35.37606666666667
22063,57,2.280701754385965,25.155819867267237,59,2.1864406779661016,28.654058514931396,85,1.5176470588235293,35.024447058823526,15,5.133333333333334,25.38344882894883,17,4.117647058823529,28.820261904761903,10,3.5,35.2993,4,9.25,25.33980810855811,4,5.75,28.789238095238094,1,5,35.338
22065,67,2.417910447761194,25.124362252589865,66,2.4696969696969697,28.735353174603176,99,1.6262626262626263,34.89775084175084,18,5.666666666666667,25.367626162417828,22,4.7727272727272725,28.960377705627707,15,4.2,35.09748888888889,10,7.3,25.35214375901876,9,6.777777777777778,29.169349206349207,6,5.333333333333333,35.17038888888889
22067,55,2.3454545454545452,25.002930460448642,51,2.627450980392157,28.773316059757235,85,1.5176470588235293,35.22733823529412,15,5.266666666666667,25.15274502164502,21,4.523809523809524,28.871148526077096,9,4.111111111111111,35.53041666666667,5,8.8,25.33840173160173,7,7.142857142857143,29.090707482993196,2,7,35.83645833333333
22069,60,2.7,25.118831776556778,74,2.22972972972973,28.701905083655085,99,1.6363636363636365,35.092254208754206,21,5.095238095238095,25.204757456828887,24,4.291666666666667,28.918374007936507,14,4.285714285714286,35.43129761904762,8,8.125,25.34144665750916,7,6.571428571428571,29.043710884353743,4,5.75,35.696
22071,60,2.15,26.095048148148148,61,2.1147540983606556,28.87942681498829,86,1.5,34.78894573643411,17,4.117647058823529,26.227522875816994,17,4.117647058823529,29.02647268907563,9,3.7777777777777777,34.96048148148148,5,6.2,26.29291111111111,5,6,29.255007142857142,2,5,34.923
22073,72,2.263888888888889,24.876353916145582,59,2.7288135593220337,28.70835791374351,101,1.603960396039604,35.08768624362436,14,6.428571428571429,25.09053442589157,24,4.875,28.845338204619456,14,4.5,35.3833079004329,7,9.714285714285714,25.096068851783137,12,6.416666666666667,28.96942640923891,5,7,35.446762121212124
22075,59,2.2542372881355934,26.226742937853107,61,2.1311475409836067,28.801847775175645,91,1.4395604395604396,34.28935347985348,18,4.222222222222222,26.356546296296298,16,4.375,28.975794642857142,9,3.3333333333333335,34.39235185185185,4,7,26.505916666666668,6,6,29.12184126984127,1,5,34.832
22077,50,2.6,25.289183333333334,55,2.3636363636363638,28.71458961038961,86,1.5,35.069671926910296,19,4.894736842105263,25.43364035087719,19,4.157894736842105,28.85933834586466,9,3.888888888888889,35.41130952380952,8,7,25.429166666666667,6,5.833333333333333,28.84790476190476,1,7,35.464285714285715
22079,63,2.6031746031746033,25.064660241874527,62,2.6129032258064515,28.717036290322582,102,1.5784313725490196,35.110007352941174,23,5,25.220156314699793,23,4.608695652173913,28.825489130434782,11,4.818181818181818,35.541886363636365,9,7.444444444444445,25.319936507936507,9,6.555555555555555,28.876064814814814,6,6,35.59206944444444
22081,64,2.5625,25.11741377632784,67,2.4029850746268657,28.723869551054253,103,1.5825242718446602,35.04582108183079,22,4.863636363636363,25.24497644022644,19,5.157894736842105,28.96075052213868,11,4.454545454545454,35.43087012987013,7,8.285714285714286,25.32766405023548,8,7.25,29.042199156746033,3,6.666666666666667,35.654857142857146
22083,66,2.4545454545454546,25.02019390878482,60,2.7,28.62419703907204,104,1.5673076923076923,34.8144146062271,18,6.055555555555555,25.207377665544332,23,4.956521739130435,28.789861841057494,13,4.153846153846154,35.14954761904762,10,8.3,25.20061313131313,11,6.909090909090909,28.965695970695972,3,6,35.42165079365079
22085,73,2.2054794520547945,25.387573820395737,67,2.417910447761194,28.76520628997868,110,1.4727272727272727,34.663443939393936,23,4.304347826086956,25.524256038647344,22,4.636363636363637,28.94426461038961,10,3.5,34.90188333333333,8,6,25.562444444444445,8,6.625,28.96724851190476,1,5,35.788
22087,61,2.1475409836065573,26.168009107468123,63,2.0476190476190474,28.853324452003022,87,1.4827586206896552,34.675657088122605,18,4.222222222222222,26.29603086419753,17,4.0588235294117645,29.022025910364146,8,4.125,34.84589583333334,5,6.8,26.397544444444442,3,6.666666666666667,29.39620238095238,3,5.666666666666667,34.809333333333335
22089,63,2.111111111111111,25.842046296296296,59,2.1864406779661016,28.70910774818402,95,1.3578947368421053,34.73314912280702,19,3.9473684210526314,25.997048245614035,15,4.466666666666667,28.83082380952381,5,3.4,34.95283333333333,6,5.666666666666667,26.02801388888889,6,6,28.971920634920636,0,NA,NA
22091,55,2.381818181818182,24.78518747086247,53,2.4339622641509435,28.4838679245283,84,1.5357142857142858,34.967875,15,5.533333333333333,24.951687393162395,20,4.15,28.6305,11,3.6363636363636362,35.16922727272727,6,8.666666666666666,24.98588514957265,7,5.285714285714286,28.72452380952381,2,5.5,34.962
22093,61,2.1147540983606556,25.529032786885246,60,2.183333333333333,28.635346717171718,90,1.4333333333333333,34.89757407407407,17,4.235294117647059,25.702411764705882,14,4.928571428571429,28.750771645021644,8,3.5,34.85270833333333,5,6,25.584533333333333,8,6.125,28.79291287878788,0,NA,NA
22095,65,2,25.83985641025641,60,2.2,28.70838412698413,94,1.372340425531915,34.72678546099291,18,4,26.01837037037037,18,4.055555555555555,28.82544708994709,7,3.5714285714285716,34.97969047619048,5,5.8,26.05613333333333,7,5.428571428571429,28.94257823129252,1,5,35.172000000000004
22097,57,2.2982456140350878,25.29662552213868,57,2.263157894736842,28.548745196324145,93,1.3978494623655915,34.81163082437276,17,4.882352941176471,25.513097338935573,17,4.352941176470588,28.700204481792717,9,3.5555555555555554,35.31962962962963,8,6.625,25.479915178571428,7,5.857142857142857,28.690020408163267,1,7,35.21
22099,65,1.9846153846153847,25.412191025641025,54,2.462962962962963,28.569083265499934,93,1.3870967741935485,34.708378136200714,18,4.111111111111111,25.604300925925926,17,4.882352941176471,28.650323313940962,10,3.4,35.07341666666667,6,6,25.61595833333333,7,6.714285714285714,28.653047095761384,0,NA,NA
22101,79,2.037974683544304,25.867063291139242,67,2.4029850746268657,28.59127172958736,113,1.424778761061947,34.28283691529709,20,4.35,26.0209,20,4.85,28.714760294117646,6,4.833333333333333,34.45259523809524,7,5.857142857142857,25.992333333333335,9,6.888888888888889,28.834004357298475,3,6,34.38463492063492
22103,76,2.1447368421052633,25.656147435897434,68,2.3823529411764706,28.587928104575163,100,1.62,34.191246666666665,21,4.619047619047619,25.878676434676436,21,4.380952380952381,28.746386243386244,13,3.8461538461538463,34.485358974358974,8,6.875,25.87819230769231,9,5.555555555555555,28.830827160493826,4,5,34.447
22105,58,2.2413793103448274,25.134337754199823,58,2.2413793103448274,28.621227832512314,83,1.5662650602409638,34.86246643717728,16,4.75,25.34384935897436,16,4.125,28.788513392857144,9,3.7777777777777777,35.12385714285714,6,6.833333333333333,25.333042735042735,5,5.4,28.908742857142858,2,6,35.32485714285714
22107,64,2.546875,25.135416649756493,62,2.661290322580645,28.776680875576037,96,1.6875,34.90762996031746,15,6.666666666666667,25.327444372294373,26,4.5,28.95073901098901,17,4.117647058823529,35.114263305322126,8,9.5,25.363333198051947,8,6.625,29.06750595238095,6,5.333333333333333,35.03319047619048
22109,61,2.1311475409836067,25.579237704918032,62,2.096774193548387,28.600045314900154,97,1.3298969072164948,34.758092783505155,17,4.411764705882353,25.779911764705883,13,4.923076923076923,28.739831501831503,4,3.75,34.81875,7,5.857142857142857,25.843833333333333,8,5.75,28.81972619047619,0,NA,NA
22111,76,2.1447368421052633,24.812588241436927,66,2.5,28.673701058201058,96,1.6875,35.01615017361111,23,4.391304347826087,24.99376984126984,22,4.636363636363637,28.911330447330446,14,4.857142857142857,35.25717261904762,7,6.857142857142857,25.180362811791383,8,6.875,29.051575396825395,4,8.5,35.611354166666665
22113,68,1.911764705882353,25.5963837535014,52,2.480769230769231,28.52982864891519,89,1.4606741573033708,34.51000936329588,17,4,25.771711484593837,17,4.823529411764706,28.645064102564103,6,4.5,34.84430555555556,5,5.8,25.727819047619047,7,6.857142857142857,28.678131868131867,3,5.666666666666667,34.849444444444444
22115,68,2.411764705882353,24.86102205882353,66,2.4393939393939394,28.474452922077923,105,1.5523809523809524,34.81134580498866,22,4.954545454545454,25.001568181818183,23,4.6521739130434785,28.60777795031056,8,5,35.15453869047619,8,7.875,25.117333333333335,7,7.571428571428571,28.628413265306122,4,6.75,35.199910714285714
22117,58,2.2413793103448274,24.79674384236453,61,2.1475409836065573,28.4176787665886,84,1.5714285714285714,35.05231150793651,19,4.2631578947368425,24.939533834586467,19,3.8947368421052633,28.598600250626568,13,3.6153846153846154,35.30455128205128,6,6.166666666666667,24.941301587301588,5,5.6,28.784514285714287,2,6,35.185833333333335
22119,76,2.1315789473684212,24.810083504215083,65,2.476923076923077,28.703810617160617,99,1.6262626262626263,35.01594135802469,18,4.944444444444445,25.016463684463684,19,4.894736842105263,28.901720532391586,13,4.461538461538462,35.227938034188035,10,6.4,25.083301298701297,7,7.285714285714286,29.00443192125335,4,7.25,35.32579861111111
22121,55,2.3636363636363638,25.290656526806526,54,2.462962962962963,28.712724279835392,93,1.3870967741935485,35.10120071684588,18,4.722222222222222,25.46256160968661,19,4.473684210526316,28.783532163742688,8,3.625,35.403958333333335,5,8,25.53488846153846,8,5.75,28.69838888888889,0,NA,NA
22123,61,2.6721311475409837,25.044994665625815,67,2.4477611940298507,28.640875287026407,104,1.5480769230769231,34.80504029304029,18,6.277777777777778,25.2335930335097,21,5.0476190476190474,28.854221153846154,13,3.923076923076923,35.154937728937725,10,8.5,25.280050793650794,8,8.125,29.012226362179486,3,6,35.501396825396824
22125,54,2.4074074074074074,25.210759140550806,54,2.425925925925926,28.727141093474426,80,1.65,35.00188571428571,17,5.0588235294117645,25.387999622926092,20,4.2,28.88128095238095,12,3.75,35.22882142857143,5,9.4,25.422198717948717,6,6,28.903992063492062,2,6,35.32042857142857
22127,68,2.3823529411764706,24.97296766591252,67,2.4328358208955225,28.6511855010661,92,1.75,35.06065126811594,22,4.7727272727272725,25.101900058275056,22,4.545454545454546,28.84201948051948,16,4.5625,35.195932291666665,8,7.5,25.161475160256412,7,6.714285714285714,29.04777551020408,6,6.666666666666667,35.418736111111116
23001,73,1.7671232876712328,19.851374429223743,68,1.8970588235294117,24.343346288515406,80,1.625,29.884291666666666,13,3.6153846153846154,20.15348717948718,15,3.7333333333333334,24.764503174603174,13,3.4615384615384617,30.277564102564103,2,5,20.040999999999997,4,5.5,24.67042857142857,2,5,29.945
23003,67,1.9253731343283582,18.03895024875622,62,2.0806451612903225,22.40191129032258,78,1.6666666666666667,27.761055555555554,15,4,18.39197777777778,19,3.789473684210526,22.759394736842104,13,3.8461538461538463,28.229410256410254,4,5.5,18.657,4,5.25,23.009,3,5.666666666666667,28.41188888888889
23005,68,1.8970588235294117,20.1477818627451,68,1.911764705882353,23.904042016806724,84,1.5357142857142858,28.871912698412697,19,3.526315789473684,20.34811403508772,15,3.8,24.368323809523808,12,3.4166666666666665,29.101305555555555,1,6,20.425,4,5.5,24.338714285714286,1,5,28.933999999999997
23007,86,1.8837209302325582,18.349792635658915,74,2.189189189189189,22.997039253539253,93,1.7526881720430108,28.543193548387098,19,3.8421052631578947,18.66590350877193,21,3.857142857142857,23.314090702947844,17,3.764705882352941,28.753941176470587,2,7.5,18.989,5,5.4,23.634514285714285,3,5.333333333333333,28.746777777777776
23009,58,2.2413793103448274,18.322849137931033,71,1.8169014084507042,21.830717639168345,84,1.5476190476190477,26.557759920634922,16,4.6875,18.681265624999998,12,4.166666666666667,22.428829365079366,11,3.727272727272727,26.941075757575756,8,5.875,18.622635416666668,4,5.5,22.416071428571428,2,5,26.743000000000002
23011,74,1.7837837837837838,19.799632882882882,71,1.8169014084507042,24.204066398390342,82,1.5853658536585367,29.7385162601626,14,3.7142857142857144,20.129488095238095,15,3.7333333333333334,24.627914285714287,13,3.3846153846153846,30.168333333333333,3,5.333333333333333,19.949555555555555,4,5.5,24.56342857142857,2,5,29.88
23013,71,1.8169014084507042,18.98842723004695,74,1.7567567567567568,22.41536261261261,98,1.316326530612245,27.326666666666668,15,3.8666666666666667,19.471222222222224,13,3.769230769230769,23.083987179487178,10,3.1,27.857333333333333,2,6.5,19.299999999999997,3,5,23.008666666666667,0,NA,NA
23015,68,1.8970588235294117,19.788149509803922,72,1.7916666666666667,23.69794675925926,86,1.5,28.8075,17,3.7058823529411766,20.17348039215686,15,3.466666666666667,24.259811111111112,12,3.0833333333333335,29.285,2,6,20.11416666666667,2,5,24.073999999999998,0,NA,NA
23017,87,1.8505747126436782,18.732911877394635,74,2.175675675675676,23.42121557271557,96,1.6770833333333333,28.890649305555556,21,3.4761904761904763,19.017063492063492,22,3.909090909090909,23.720906926406926,18,3.611111111111111,29.357351851851853,2,5.5,19.208333333333336,6,5.333333333333333,23.98638095238095,4,5,29.151
23019,73,1.7671232876712328,19.188618721461186,70,1.8428571428571427,23.734588095238095,82,1.5731707317073171,29.330382113821138,14,3.7142857142857144,19.34958333333333,17,3.2941176470588234,24.11977450980392,15,3.1333333333333333,29.560088888888888,2,6,19.34,1,5,23.852,1,5,29.398
23021,83,1.9397590361445782,18.59612449799197,79,2.050632911392405,23.115641952983726,99,1.6262626262626263,28.445176767676767,19,4.052631578947368,18.953333333333333,21,3.9047619047619047,23.48908163265306,17,3.588235294117647,28.823676470588236,4,6.25,19.067916666666665,4,5.5,23.43892857142857,2,5,28.810000000000002
23023,64,2.015625,19.907005208333334,68,1.911764705882353,23.609877100840336,90,1.4333333333333333,28.517574074074073,21,3.6666666666666665,20.125873015873015,15,3.8666666666666667,24.092442857142856,10,3.2,29.050166666666666,3,6,19.99888888888889,5,5.4,23.981828571428572,0,NA,NA
23025,70,1.8428571428571427,19.190572619047618,65,1.9846153846153847,23.80875164835165,80,1.6125,29.221895833333335,13,4.153846153846154,19.45769871794872,17,3.8823529411764706,24.069638655462185,14,3.5,29.434047619047618,3,6.333333333333333,19.533638888888888,4,5.5,24.094714285714286,1,6,28.973333333333333
23027,69,1.8695652173913044,19.045258799171844,73,1.7671232876712328,23.156858447488585,83,1.5662650602409638,28.26064859437751,15,3.8,19.372190476190475,14,3.5714285714285716,23.70254761904762,12,3.4166666666666665,28.649069444444443,2,6.5,19.31809523809524,3,5,23.508000000000003,1,5,27.898
23029,60,2.15,18.36269761904762,70,1.8571428571428572,22.156745918367346,84,1.5476190476190477,27.19801984126984,17,4.470588235294118,18.820697478991598,14,4.214285714285714,22.542658163265305,13,3.4615384615384617,27.416435897435896,7,6,18.927408163265305,4,6.25,22.800553571428573,2,5,27.666
23031,68,1.9264705882352942,20.582561274509803,70,1.8714285714285714,24.44618469387755,81,1.5925925925925926,29.470174897119342,19,3.5789473684210527,20.81969298245614,16,3.6875,24.878933035714287,12,3.4166666666666665,29.98326388888889,1,6,21.206666666666667,4,5.5,24.906357142857143,1,6,30.191666666666666
24001,65,1.9846153846153847,20.344706593406592,56,2.3392857142857144,24.496203656462583,84,1.5357142857142858,30.547559523809525,16,4.125,20.521933035714287,18,4.388888888888889,24.859022486772485,14,3.642857142857143,30.796785714285715,6,5.666666666666667,20.897238095238095,8,5.75,24.95644642857143,2,5.5,31.586666666666666
24003,64,2.015625,23.564114583333332,54,2.425925925925926,27.215743827160495,74,1.7567567567567568,32.651094594594596,16,4.3125,23.879270833333333,21,4.0476190476190474,27.44596031746032,15,3.7333333333333334,32.82973333333334,4,6.5,24.033958333333334,8,5.375,27.688666666666666,4,5.25,33.266083333333334
24005,71,1.8309859154929577,22.840253521126762,54,2.388888888888889,26.771882716049383,73,1.7671232876712328,32.307630136986305,15,4,23.128866666666667,21,3.9523809523809526,27.010555555555555,15,3.6666666666666665,32.507133333333336,4,5.75,23.41575,6,5.333333333333333,27.390833333333333,4,5,32.7455
24009,52,2.5,24.35530402930403,50,2.58,27.729086666666667,77,1.6883116883116882,32.98433982683983,22,4.2272727272727275,24.591400432900432,21,4.285714285714286,27.93520634920635,13,3.6923076923076925,33.33416666666667,8,5.625,24.73947619047619,9,5.555555555555555,28.11862962962963,3,5.333333333333333,33.30222222222222
24011,66,1.9545454545454546,24.11458658008658,56,2.3035714285714284,27.448570153061226,87,1.4827586206896552,32.24556896551724,18,4,24.542928571428572,20,4.05,27.644996428571428,10,3.9,32.39245,5,5.6,24.749542857142856,6,6,27.997626984126985,3,5.333333333333333,32.50622222222222
24013,73,1.7671232876712328,22.049365296803654,54,2.4444444444444446,26.09656040564374,84,1.5833333333333333,31.809361111111112,14,4.285714285714286,22.351690476190477,18,4.444444444444445,26.33162566137566,13,3.6923076923076925,32.115102564102564,4,6.5,22.60695833333333,9,5.555555555555555,26.48204761904762,3,5,32.61266666666666
24015,74,1.7567567567567568,23.37932207207207,61,2.1311475409836067,26.789926229508197,77,1.6883116883116882,31.666597402597404,15,3.8,23.75732222222222,17,4.235294117647059,27.155029411764705,15,3.7333333333333334,31.837533333333333,3,5.666666666666667,24.213555555555555,6,5.666666666666667,27.516055555555553,4,5.25,32.01241666666667
24017,59,2.2203389830508473,23.800312752219533,49,2.693877551020408,27.559037414965985,77,1.6753246753246753,32.93951948051948,19,4.473684210526316,24.10360275689223,21,4.428571428571429,27.773468253968254,13,4.076923076923077,33.31061538461538,7,6,24.195374149659866,8,5.625,27.946291666666667,5,5.2,33.203266666666664
24019,57,2.263157894736842,24.629715956558062,56,2.3035714285714284,27.631168792517006,76,1.6973684210526316,32.11851096491228,18,4.388888888888889,24.993544973544974,20,4.25,27.83477261904762,13,3.769230769230769,32.402064102564104,8,5.5,25.12047619047619,7,6.142857142857143,28.11113605442177,3,5.333333333333333,32.492
24021,72,1.8055555555555556,22.09405638227513,52,2.519230769230769,26.402730769230768,80,1.625,32.295127083333334,12,4.5,22.464338293650794,21,4.142857142857143,26.616761904761905,13,3.6923076923076925,32.559628205128206,4,6.25,22.740098214285716,10,5.2,26.794533333333334,3,5.333333333333333,33.18088888888889
24023,68,1.9264705882352942,19.010891281512606,61,2.1147540983606556,23.0419043715847,84,1.5357142857142858,28.926052154195013,14,4.357142857142857,19.267900510204083,17,4.235294117647059,23.491539215686274,12,4.083333333333333,29.355698412698413,6,5.833333333333333,19.453434523809523,7,5.428571428571429,23.52004761904762,4,5.75,29.74792857142857
24025,72,1.8333333333333333,23.24584722222222,56,2.3214285714285716,26.79074532312925,75,1.72,31.82542,16,3.9375,23.5781875,19,4.157894736842105,27.055617794486217,14,3.7142857142857144,32.212964285714285,3,5.666666666666667,23.737,6,5.833333333333333,27.42459523809524,3,5.333333333333333,32.31966666666667
24027,72,1.7916666666666667,22.830355324074073,56,2.3392857142857144,26.754440476190478,83,1.5783132530120483,32.435150602409635,16,3.8125,23.140036458333334,20,4.1,27.020433333333333,11,3.727272727272727,32.62022727272727,3,6.333333333333333,23.586027777777776,7,5.428571428571429,27.251952380952382,3,5,33
24029,64,2.03125,24.133084077380953,57,2.280701754385965,27.178716374269005,75,1.72,31.779586666666667,21,3.7142857142857144,24.404637188208618,19,4.2105263157894735,27.401412280701756,15,3.6666666666666665,32.086933333333334,3,6.333333333333333,24.884126984126983,7,5.714285714285714,27.741095238095237,3,5,32.068
24031,72,1.7916666666666667,22.657063657407406,54,2.388888888888889,26.80951851851852,81,1.6049382716049383,32.633074074074074,15,3.933333333333333,23.010572222222223,19,4.2105263157894735,27.048105263157893,13,3.5384615384615383,32.95876923076923,3,6.333333333333333,23.46313888888889,7,5.571428571428571,27.20509523809524,3,5,33.321333333333335
24033,69,1.8840579710144927,23.28857729468599,54,2.388888888888889,27.291854938271605,84,1.5476190476190477,33.04367658730159,17,3.823529411764706,23.5933431372549,21,4,27.524293650793652,11,3.8181818181818183,33.39989393939394,4,5.25,23.908166666666666,6,5.5,27.842944444444445,3,5,33.546
24035,59,2.1864406779661016,24.386997175141243,54,2.388888888888889,27.314468694885363,76,1.7236842105263157,31.73479605263158,22,3.8636363636363638,24.601719696969695,20,4.2,27.515565476190478,15,3.8666666666666667,31.991966666666666,3,6,25.219555555555555,7,5.857142857142857,27.801496598639456,5,5.4,31.960066666666666
24037,53,2.490566037735849,24.503436208445642,50,2.6,27.80517857142857,79,1.6329113924050633,32.98281223628692,20,4.55,24.770855952380952,19,4.526315789473684,28.057312030075188,13,3.6923076923076925,33.366320512820515,10,5.7,24.801961904761903,9,5.666666666666667,28.182010582010584,3,5.333333333333333,33.16822222222222
24039,58,2.2413793103448274,24.831181034482757,52,2.480769230769231,27.823658424908427,80,1.6125,32.173095833333335,17,4.411764705882353,25.196676470588237,21,4.238095238095238,28.014773242630387,10,4,32.568266666666666,6,6,25.483777777777778,7,6.142857142857143,28.338129251700682,3,5.666666666666667,32.678666666666665
24041,54,2.4074074074074074,24.630933421516755,54,2.388888888888889,27.55935582010582,75,1.72,32.3022,21,4.238095238095238,24.89287641723356,20,4.2,27.701260714285713,12,4.166666666666667,32.59,9,5.444444444444445,25.008100529100528,6,6.166666666666667,28.069896825396825,5,5.8,32.49733333333333
24043,68,1.8970588235294117,21.789900910364146,53,2.4339622641509435,25.99491284815813,77,1.6753246753246753,31.809878787878787,14,4.285714285714286,22.092018707482993,19,4.315789473684211,26.24870426065163,14,3.857142857142857,32.11076190476191,4,6.25,22.57185714285714,9,5.333333333333333,26.4891164021164,4,5.25,32.603500000000004
24045,64,2.03125,24.25162890625,55,2.381818181818182,27.640657142857144,78,1.6538461538461537,32.42444017094017,18,3.9444444444444446,24.684958333333334,20,4.15,27.82680714285714,11,4.090909090909091,32.71966666666667,5,5.8,25.011016666666666,6,6.166666666666667,28.2624126984127,4,5.25,33.002
24047,61,2.1147540983606556,24.428321038251365,54,2.4074074074074074,27.506447971781306,75,1.72,32.26956222222222,20,4.05,24.749129166666666,17,4.470588235294118,27.718422969187674,14,3.857142857142857,32.60015476190476,5,6.2,25.182016666666666,7,6,28.04021768707483,4,5.25,32.297
24510,70,1.8428571428571427,22.990404761904763,56,2.3392857142857144,26.925764880952382,75,1.7333333333333334,32.556826666666666,15,4.066666666666666,23.220555555555556,21,3.9523809523809526,27.199896825396827,16,3.6875,32.706375,5,5.6,23.444,7,5.142857142857143,27.546714285714287,4,5.25,32.94133333333333
25001,61,2.1147540983606556,21.950814207650275,59,2.1864406779661016,24.304077481840196,90,1.4444444444444444,28.56487037037037,21,3.8095238095238093,22.184984126984126,19,3.789473684210526,24.706082706766917,12,3.25,28.852777777777778,4,5.25,22.11325,2,6,24.855285714285714,0,NA,NA
25003,77,1.7012987012987013,19.504754329004328,68,1.8970588235294117,23.668035714285715,84,1.5357142857142858,28.859214285714284,15,4,19.872072222222222,15,3.8666666666666667,24.15009523809524,12,3.5,29.058666666666667,3,6.333333333333333,19.710083333333333,2,6.5,24.496547619047618,1,5,30.233999999999998
25005,71,1.8169014084507042,21.898396713615025,62,2.0806451612903225,25.386081797235022,82,1.5731707317073171,30.364810975609757,15,4.066666666666666,22.100744444444445,20,3.75,25.673103571428573,12,3.5833333333333335,30.940791666666666,5,5.6,22.1524,5,5.4,25.908914285714285,1,5,31.242
25007,58,2.2413793103448274,22.117971264367817,59,2.1864406779661016,24.000457627118646,90,1.4333333333333333,27.512694444444445,18,4.166666666666667,22.268462962962964,19,3.6842105263157894,24.295368421052633,8,3.875,27.3378125,5,6,22.452133333333332,3,6,24.601222222222223,1,6,27.535
25009,78,1.6538461538461537,21.257982905982907,69,1.8695652173913044,24.94794616977226,85,1.5176470588235293,30.110127450980393,14,3.7142857142857144,21.58447619047619,16,3.6875,25.282392857142856,12,3.25,30.603402777777777,3,5.666666666666667,21.296444444444447,3,6,25.317761904761905,0,NA,NA
25011,72,1.7916666666666667,20.03432671957672,68,1.911764705882353,24.347759453781514,84,1.5357142857142858,29.862069444444444,15,3.8666666666666667,20.45643492063492,16,3.9375,24.802665178571427,12,3.5,30.071152777777776,3,6,20.12161904761905,4,6,24.80670238095238,2,5,30.849
25013,70,1.8428571428571427,21.105098639455782,65,1.9846153846153847,25.313588644688643,80,1.6125,30.798354166666666,13,4.076923076923077,21.637069597069598,19,3.6315789473684212,25.685171679197996,14,3.642857142857143,31.03952380952381,2,7.5,21.274285714285714,4,5.5,25.93935714285714,1,5,32.2
25015,70,1.8428571428571427,20.6441787414966,67,1.9253731343283582,24.898308457711444,85,1.5176470588235293,30.387819607843138,13,4.230769230769231,21.125193223443222,19,3.6315789473684212,25.255087719298245,12,3.4166666666666665,30.751638888888888,3,6.666666666666667,21.00222619047619,4,5.5,25.509999999999998,1,5,31.798
25017,78,1.6538461538461537,21.314925213675213,69,1.8695652173913044,25.3490845410628,93,1.3978494623655915,30.886666666666667,13,3.769230769230769,21.53955128205128,15,4,25.795455555555556,10,3.3,31.5635,2,6,21.335,5,5.8,25.6792,0,NA,NA
25021,77,1.6883116883116882,21.484761904761903,74,1.7702702702702702,25.252798584298585,86,1.5232558139534884,30.64468023255814,13,3.8461538461538463,21.808205128205127,16,3.6875,25.663568452380954,11,3.3636363636363638,31.1875,3,6,21.690555555555555,4,5.5,25.748857142857144,0,NA,NA
25023,74,1.7567567567567568,21.67954054054054,72,1.8055555555555556,25.096838955026456,86,1.5116279069767442,30.213943798449613,16,3.875,21.87975,15,3.6666666666666665,25.452826984126983,11,3.1818181818181817,30.61401515151515,4,5.5,21.9715,3,5.666666666666667,25.602190476190476,0,NA,NA
25025,76,1.6973684210526316,21.5687149122807,72,1.7916666666666667,25.389625992063493,90,1.4333333333333333,30.907592592592593,14,3.7142857142857144,21.828380952380954,17,3.588235294117647,25.77223949579832,10,3.3,31.480833333333333,3,5.666666666666667,21.76522222222222,3,5.666666666666667,25.87352380952381,0,NA,NA
25027,74,1.7432432432432432,20.850993243243245,70,1.8428571428571427,24.75298537414966,85,1.5176470588235293,30.17362745098039,13,4,21.231423076923075,15,3.8,25.341598412698414,14,3.4285714285714284,30.56738095238095,3,6.333333333333333,20.868666666666666,3,6,25.406603174603173,1,6,31.305
26001,72,1.7916666666666667,20.480048611111112,62,2.096774193548387,24.034844086021504,77,1.6883116883116882,28.53517810760668,14,3.9285714285714284,21.10382142857143,17,4.117647058823529,24.575313725490197,12,3.9166666666666665,29.09947619047619,3,5.666666666666667,21.49588888888889,6,5.333333333333333,24.817833333333333,4,5.5,29.498428571428573
26003,76,1.6973684210526316,19.419123120300753,60,2.15,23.087910714285712,90,1.4555555555555555,28.33537037037037,13,3.8461538461538463,19.996796703296702,21,3.857142857142857,23.45831632653061,11,3.4545454545454546,28.72712121212121,3,5.666666666666667,20.660285714285717,6,5.666666666666667,23.664246031746032,1,6,29.03666666666667
26005,74,1.7432432432432432,21.797613256113255,56,2.3214285714285716,25.356140306122448,81,1.6049382716049383,30.101690476190477,11,4.090909090909091,22.398943722943724,19,4,25.732834586466165,7,4.714285714285714,30.348132653061224,3,5.666666666666667,22.883904761904763,6,5.833333333333333,26.189809523809522,3,6.333333333333333,30.603142857142856
26007,72,1.8194444444444444,20.169983796296297,60,2.15,23.940674603174603,87,1.4827586206896552,28.918258620689656,16,3.8125,20.763677083333334,17,4.176470588235294,24.50326330532213,11,4,29.62259090909091,3,5.333333333333333,21.091555555555555,7,5.428571428571429,24.74721088435374,4,5.5,29.509833333333333
26009,66,1.9545454545454546,20.342424603174603,61,2.1147540983606556,23.78596994535519,89,1.449438202247191,28.497024344569287,14,4,20.70964455782313,18,4.055555555555555,24.10439814814815,7,3.857142857142857,29.16788095238095,3,6.333333333333333,20.48695238095238,7,5.285714285714286,24.46095238095238,2,5.5,28.860500000000002
26011,72,1.7916666666666667,21.176502314814815,60,2.15,24.79226388888889,83,1.5783132530120483,29.43836345381526,15,3.8,21.85521111111111,15,4.2,25.357055555555554,12,3.6666666666666665,29.88826388888889,3,5.333333333333333,22.228555555555555,6,5.333333333333333,25.355,3,5,30.216666666666665
26013,92,1.75,19.512648550724638,84,1.9285714285714286,23.686626984126985,103,1.5825242718446602,29.11107281553398,16,4.0625,20.224291666666666,18,4.277777777777778,24.251203703703705,13,3.923076923076923,29.605423076923078,5,5.4,20.440066666666667,6,6.166666666666667,24.715,4,5.75,30.16658333333333
26015,86,1.8953488372093024,21.051231450719822,76,2.1447368421052633,24.92333364661654,107,1.5046728971962617,30.17301246105919,18,3.888888888888889,21.432272486772487,25,3.8,25.325134285714284,13,4,30.622871794871795,5,5.4,21.970514285714284,6,5.666666666666667,25.859031746031746,4,5.25,30.546416666666666
26017,70,1.8571428571428572,21.43517619047619,64,2.046875,25.104596354166667,78,1.6538461538461537,30.17099145299145,15,3.8666666666666667,21.921488888888888,16,3.9375,25.598697916666666,12,4.083333333333333,30.609361111111113,4,5.25,22.258499999999998,6,5,26.031666666666666,5,5.6,30.810466666666667
26019,65,2.0153846153846153,20.782769597069596,57,2.280701754385965,23.858602339181285,70,1.8428571428571427,28.05782380952381,18,3.8333333333333335,21.10750132275132,19,4.052631578947368,24.182912280701753,11,4.909090909090909,28.303878787878787,3,6,21.448063492063493,6,5.5,24.757833333333334,6,6,28.535722222222223
26021,70,1.8428571428571427,22.42711343537415,59,2.2033898305084745,25.836187853107344,79,1.6329113924050633,30.74499196302994,13,4.384615384615385,22.82099542124542,17,4.294117647058823,26.26824019607843,12,3.8333333333333335,30.856613756613758,4,6.75,23.063651785714285,6,6.166666666666667,26.559180555555557,2,8,31.023015873015872
26023,88,1.8522727272727273,21.050339826839828,73,2.232876712328767,24.856327299412914,99,1.6363636363636365,30.055715488215487,15,4.133333333333334,21.47499365079365,21,4.380952380952381,25.287947278911567,16,3.8125,30.277864583333333,4,5.75,21.818309523809525,7,6.285714285714286,25.558246598639457,4,5.75,30.50875
26025,85,1.9176470588235295,20.927393277310923,74,2.175675675675676,24.923381113256113,103,1.5631067961165048,30.331197411003235,16,4.1875,21.262714285714285,21,4.285714285714286,25.31691439909297,13,4.230769230769231,30.70525641025641,4,5.75,21.766690476190476,7,6.142857142857143,25.713957482993198,5,5.6,30.673666666666666
26027,94,1.7340425531914894,21.38702570921986,72,2.236111111111111,25.3282607473545,95,1.7052631578947368,30.628621971595656,13,4.153846153846154,21.891185897435896,22,4.181818181818182,25.713853354978355,14,4.357142857142857,30.77922052154195,3,6.333333333333333,22.182916666666667,8,5.875,25.928305059523808,4,7,30.96081349206349
26029,63,2.0476190476190474,20.446275132275133,56,2.3035714285714284,23.59522087585034,84,1.5476190476190477,27.945593253968255,18,3.888888888888889,20.769185185185187,15,4.8,23.997157936507936,10,4,28.431483333333333,4,6,20.548000000000002,8,6.125,24.18060863095238,3,5.666666666666667,28.343555555555554
26031,72,1.8055555555555556,20.031511574074074,64,2.03125,23.93886644345238,85,1.5176470588235293,29.253286274509804,16,3.6875,20.323989583333333,18,4.055555555555555,24.4006917989418,8,3.5,29.694916666666668,3,5.333333333333333,20.574333333333332,6,5.833333333333333,24.415825396825397,1,5,29.756
26033,75,1.7466666666666666,19.246044444444443,60,2.1666666666666665,23.116303703703704,84,1.5357142857142858,28.198948412698414,16,3.5,19.711458333333333,16,4.5625,23.749263888888887,10,3.5,28.672666666666665,1,5,20.32,7,6,23.58522222222222,1,6,28.516666666666666
26035,91,1.7802197802197801,19.8801336996337,81,1.9876543209876543,24.00370429159318,102,1.588235294117647,29.40289705882353,19,3.736842105263158,20.324324561403508,20,3.95,24.51225238095238,15,4,29.70703333333333,4,5.25,20.731166666666667,5,5.8,24.816342857142857,5,5.6,29.88693333333333
26037,92,1.7608695652173914,20.855684782608694,79,2.050632911392405,24.82231434599156,105,1.5333333333333334,30.153677777777776,18,3.5555555555555554,21.359333333333332,20,3.9,25.226141666666667,13,3.8461538461538463,30.512782051282052,3,5.333333333333333,22.070444444444444,6,5.5,25.746722222222225,3,5.666666666666667,30.75122222222222
26039,91,1.7692307692307692,19.247309523809523,77,2.103896103896104,23.467201298701298,102,1.5784313725490196,28.864694444444446,16,3.875,19.645322916666668,20,4.15,23.896225,16,3.5625,29.363052083333333,4,5.25,20.012333333333334,6,6,24.097277777777776,3,5.333333333333333,29.42711111111111
26041,71,1.8169014084507042,20.531429912810196,64,2.03125,24.012875,82,1.5731707317073171,28.573650406504065,14,4.142857142857143,21.381537414965987,18,4.166666666666667,24.5505,12,3.8333333333333335,29.104944444444445,5,5.4,21.75097142857143,7,5.428571428571429,25.064619047619047,2,5.5,29.434666666666665
26043,103,1.5631067961165048,19.189472029588533,79,2.0632911392405062,23.57957996785212,100,1.61,29.29131111111111,15,3.933333333333333,19.822041269841268,19,4.473684210526316,24.021411445279867,14,4.214285714285714,29.47436507936508,4,5.5,20.31807142857143,8,6.375,24.486789682539683,5,6,30.25588888888889
26045,86,1.8837209302325582,20.903209302325582,77,2.090909090909091,24.884251082251083,107,1.5046728971962617,30.235710280373834,19,3.6842105263157894,21.310052631578948,21,3.8095238095238093,25.27915873015873,13,3.8461538461538463,30.596615384615387,3,5.333333333333333,22.05088888888889,6,5.333333333333333,25.867611111111113,4,5.25,30.7315
26047,65,1.9846153846153847,20.391896703296702,60,2.15,23.60009642857143,85,1.5294117647058822,27.93919019607843,18,3.888888888888889,20.793793650793653,18,4.222222222222222,24.02282142857143,10,3.8,28.445616666666666,4,6,20.86957142857143,6,5.833333333333333,24.32165873015873,3,5,28.470666666666666
26049,89,1.8089887640449438,20.856039325842698,81,1.9876543209876543,24.800879776602,102,1.5784313725490196,30.103633986928106,18,3.7777777777777777,21.22375,17,4.176470588235294,25.266250700280114,13,4,30.51774358974359,4,5.25,21.472916666666666,6,5.5,25.72757142857143,4,5.75,30.80725
26051,92,1.7608695652173914,20.099496376811594,79,2.050632911392405,24.385006329113924,101,1.5940594059405941,29.912163366336635,18,3.7777777777777777,20.663537037037038,20,4,24.887275,16,3.625,30.35771875,4,5.25,20.9805,6,5.5,25.34661111111111,4,5.25,30.644416666666668
26053,94,1.7234042553191489,19.2987304964539,77,2.090909090909091,23.407281385281387,100,1.62,28.848961428571428,16,3.9375,19.809104166666668,19,4.368421052631579,23.925035087719298,15,3.8666666666666667,29.337409523809523,6,5.333333333333333,20.169,8,5.75,24.370916666666666,4,6,30.399035714285713
26055,75,1.72,20.3644,63,2.0793650793650795,24.09229894179894,79,1.6329113924050633,29.29553254972875,10,4.1,20.9495,16,4.125,24.576239583333333,11,4.454545454545454,29.412461038961037,2,5.5,20.62916666666667,6,5.333333333333333,24.671777777777777,5,5.8,29.279914285714288
26057,92,1.75,20.61898188405797,77,2.090909090909091,24.61017501546073,105,1.5333333333333334,29.926237868480726,17,3.588235294117647,21.013019607843137,19,4,25.0388671679198,14,3.7857142857142856,30.298569727891156,4,5,21.549500000000002,5,5.6,25.59669523809524,3,6,30.48026984126984
26059,86,1.8953488372093024,20.906154761904762,77,2.103896103896104,24.704691713048856,100,1.61,30.013046666666668,15,4.533333333333333,21.289620634920635,21,4.190476190476191,25.20386961451247,15,3.933333333333333,30.160644444444443,7,5.857142857142857,21.424068027210886,6,6.166666666666667,25.58729365079365,5,5.6,30.4046
26061,69,1.8695652173913044,19.73798550724638,70,1.8428571428571427,23.596338095238096,85,1.5176470588235293,29.083127450980392,15,4.066666666666666,20.231733333333334,14,3.9285714285714284,24.15454761904762,10,3.5,29.857083333333332,5,5.2,20.701866666666668,4,5.5,24.753416666666666,1,5,31.05
26063,69,1.9130434782608696,21.47462922705314,63,2.0476190476190474,24.74727777777778,82,1.5731707317073171,29.261841463414633,17,3.8823529411764706,21.853789215686273,15,4,25.247566666666668,8,4.5,29.817,4,6,22.177770833333334,4,5.5,25.638583333333333,5,5.2,29.970533333333332
26065,88,1.8522727272727273,20.911314393939396,81,2,24.88928306878307,106,1.5188679245283019,30.22703144654088,18,3.7777777777777777,21.314203703703704,19,3.9473684210526314,25.319575187969924,14,3.7142857142857144,30.61252380952381,3,5.333333333333333,22.060777777777776,6,5.5,25.81268253968254,4,5.25,30.781333333333336
26067,94,1.7127659574468086,20.911235815602836,78,2.0641025641025643,24.828766483516482,103,1.5631067961165048,30.069861534905225,14,3.7857142857142856,21.457583333333332,21,3.9047619047619047,25.224942176870748,15,3.8,30.27471587301587,3,5.333333333333333,22.173444444444446,5,5.6,25.92292380952381,3,5.666666666666667,30.455523809523807
26069,70,1.8428571428571427,21.01610714285714,63,2.0476190476190474,24.397002645502646,79,1.6329113924050633,28.581,14,4.071428571428571,21.603035714285713,15,4.2,24.969744444444444,10,4.1,29.1929,3,5.666666666666667,22.116666666666667,6,5.333333333333333,25.22533333333333,4,5.25,29.53225
26071,100,1.61,18.754269285714287,78,2.0641025641025643,23.015199226699227,100,1.61,28.615179166666667,12,4.333333333333333,19.515160714285713,18,4.555555555555555,23.409474426807762,12,4.333333333333333,29.12607638888889,4,6,19.614857142857144,6,7,23.90981216931217,5,6,29.844416666666667
26073,96,1.6770833333333333,20.491203125,79,2.050632911392405,24.46129415310428,102,1.5784313725490196,29.78105065359477,15,3.6,21.062366666666666,19,4.157894736842105,24.90064411027569,16,3.75,30.079197916666665,3,5,21.499333333333333,6,5.833333333333333,25.332595238095237,4,5.5,30.19408333333333
26075,85,1.8941176470588235,21.028178711484593,73,2.219178082191781,24.837883561643835,103,1.5728155339805825,30.093512944983818,16,4.25,21.364386904761904,23,4.043478260869565,25.217195652173913,11,4.090909090909091,30.43107575757576,5,5.6,21.635704761904762,6,5.833333333333333,25.648833333333332,4,5.75,30.548166666666667
26077,88,1.8295454545454546,21.026255411255413,76,2.1315789473684212,25.099788690476192,99,1.6363636363636365,30.595303511303513,15,4.2,21.448698412698413,22,4.136363636363637,25.504497294372293,14,4.5,30.826789115646257,5,5.6,21.954761904761906,7,6,25.814134353741498,5,6.4,30.79867619047619
26079,77,1.6753246753246753,19.74264069264069,65,1.9846153846153847,23.786979487179487,80,1.625,29.196054166666666,12,3.6666666666666665,20.034444444444443,16,3.9375,24.295854166666665,11,4,29.56039393939394,1,6,19.915,5,5.2,24.414066666666667,4,5.5,29.259416666666667
26081,91,1.7692307692307692,21.138844322344323,76,2.1315789473684212,25.023923558897245,101,1.603960396039604,30.211982791136258,15,3.933333333333333,21.591655555555555,23,4,25.38209523809524,15,3.8,30.46101746031746,3,6,22.22383333333333,6,5.666666666666667,25.96275396825397,3,5.666666666666667,30.70647619047619
26083,66,1.9545454545454546,19.52017388167388,62,2.0806451612903225,22.90441935483871,81,1.5925925925925926,28.0716975308642,16,3.9375,20.03196726190476,18,3.9444444444444446,23.428555555555555,11,3.6363636363636362,28.838863636363637,6,5.333333333333333,20.277190476190476,6,5.333333333333333,23.70261111111111,1,6,28.64666666666667
26085,87,1.8505747126436782,20.21208429118774,78,2.0641025641025643,24.26375335775336,97,1.6597938144329898,29.735993127147765,15,3.933333333333333,20.676755555555555,21,4,24.729179138321996,15,4.066666666666666,29.88908888888889,3,5.666666666666667,21.029333333333334,6,5.666666666666667,24.909904761904762,5,5.6,29.977266666666665
26087,72,1.7916666666666667,21.030590277777776,64,2.015625,24.8839296875,84,1.5476190476190477,29.980954365079366,16,3.75,21.37890625,13,4.230769230769231,25.35973076923077,10,3.8,30.319516666666665,3,5.333333333333333,21.755555555555556,6,5,25.699,3,5.333333333333333,30.505333333333333
26089,65,1.9846153846153847,20.8398010989011,56,2.3035714285714284,23.895874149659864,77,1.6753246753246753,28.271839826839827,16,4.1875,21.149191964285713,18,4.166666666666667,24.187719576719577,10,4.4,28.632166666666667,5,6,21.347914285714285,6,5.666666666666667,24.71676984126984,4,5.75,28.710833333333333
26091,92,1.7608695652173914,21.205220238095237,77,2.116883116883117,24.977232065553494,97,1.6597938144329898,30.217849656357387,13,4.3076923076923075,21.69540476190476,23,4.086956521739131,25.39486387163561,14,4.142857142857143,30.37974404761905,5,5.6,21.551885714285714,7,5.857142857142857,25.83324319727891,4,6.25,30.621604166666668
26093,88,1.8295454545454546,20.97990909090909,77,2.090909090909091,24.831093073593074,96,1.6979166666666667,30.008270833333334,16,3.9375,21.3866875,20,3.95,25.137958333333334,16,3.8125,30.237125,5,5.4,21.456733333333332,7,5.285714285714286,25.630238095238095,5,5.4,30.29413333333333
26095,95,1.7052631578947368,18.800254385964912,78,2.08974358974359,23.005729344729346,95,1.7052631578947368,28.567674561403507,21,3.3333333333333335,19.315674603174603,20,4.4,23.612844444444445,16,3.9375,28.810255208333334,1,5,19.74,7,6.142857142857143,23.696698412698414,3,6.333333333333333,28.923583333333333
26097,62,2.096774193548387,20.444154377880185,50,2.58,23.464793571428572,77,1.6883116883116882,27.27553463203463,20,3.85,20.904878571428572,19,4.684210526315789,23.866825187969923,13,3.923076923076923,27.747012820512822,3,6,20.900301587301588,8,6.125,24.027980654761905,4,5.25,27.768416666666667
26099,71,1.8450704225352113,22.00131790744467,69,1.8840579710144927,25.585753623188406,81,1.5925925925925926,30.325723104056436,14,4.214285714285714,22.33811224489796,13,3.8461538461538463,26.160153846153847,10,4.1,30.64185714285714,4,5.75,22.570059523809526,4,5.25,26.700083333333335,3,6.333333333333333,31.156190476190474
26101,68,1.9264705882352942,20.9766831232493,59,2.1864406779661016,24.301133575464085,73,1.7671232876712328,28.86325016307893,16,3.9375,21.306528273809523,17,4.0588235294117645,24.66834593837535,11,4.454545454545454,29.032478354978355,4,5.75,21.36340476190476,4,5.75,25.07859523809524,4,6.25,29.259107142857143
26103,77,1.6753246753246753,19.270872294372296,66,1.9545454545454546,23.315628427128427,81,1.6049382716049383,28.55832304526749,15,3.7333333333333334,19.779811111111112,18,3.7222222222222223,23.721748677248677,12,3.8333333333333335,29.045347222222222,3,5.333333333333333,20.39988888888889,4,5.5,24.245785714285716,3,5,29.993333333333332
26105,66,1.9545454545454546,21.28170274170274,56,2.3035714285714284,24.45882993197279,76,1.7105263157894737,28.77601879699248,16,3.9375,21.65858630952381,19,4.105263157894737,24.815761904761906,11,4.7272727272727275,28.923857142857145,3,6.333333333333333,21.88301587301587,6,5.666666666666667,24.936579365079364,6,5.833333333333333,29.05846031746032
26107,95,1.7157894736842105,20.253719298245613,77,2.103896103896104,24.224575139146566,94,1.7127659574468086,29.5679687183384,15,3.8,20.754555555555555,19,4.2631578947368425,24.698015037593986,14,4.428571428571429,29.75743282312925,3,5.333333333333333,21.26,7,5.857142857142857,25.042945578231294,6,6,29.768315476190477
26109,75,1.72,20.954812063492064,65,2,24.601284615384614,86,1.5116279069767442,29.296608527131784,14,4,21.745421768707484,16,4.0625,25.09834375,13,3.6153846153846154,29.80371794871795,4,5.5,22.003142857142855,7,5.142857142857143,25.551809523809524,2,5,30.125
26111,75,1.72,20.90823333333333,62,2.0806451612903225,24.9342123655914,86,1.5465116279069768,30.24380426356589,11,4.090909090909091,21.447954545454547,16,3.9375,25.367572916666667,12,3.6666666666666665,30.768097222222224,4,5.25,21.61625,6,5,25.795333333333332,3,5.333333333333333,30.988222222222223
26113,92,1.75,19.526085144927535,79,2.037974683544304,23.63864255575648,103,1.6019417475728155,29.07557189089228,17,3.823529411764706,19.924401960784312,19,4.052631578947368,24.221197994987467,13,4.153846153846154,29.541454212454212,4,5.25,20.211,6,5.833333333333333,24.321571428571428,5,5.6,29.67844761904762
26115,68,1.8970588235294117,22.292616596638656,63,2.0634920634920637,25.686031746031745,82,1.5853658536585367,30.380613821138212,13,4.3076923076923075,22.61714835164835,19,3.6842105263157894,26.155526315789473,7,4.857142857142857,30.87147619047619,5,5.6,22.503419047619047,4,6,26.759375,4,6,30.963
26117,97,1.6597938144329898,20.67995704467354,77,2.090909090909091,24.60943846629561,103,1.5631067961165048,29.80905755894591,13,3.5384615384615383,21.430448717948718,19,4,25.07272431077694,12,4.083333333333333,30.189410714285714,3,5,22.1,5,5.6,25.67201904761905,4,5.75,30.035107142857143
26119,80,1.6125,19.3837,65,1.9846153846153847,23.834651282051283,78,1.6666666666666667,29.489051282051282,12,3.5,19.8655,15,4,24.229488888888888,13,3.6923076923076925,29.85623076923077,1,5,20.536,3,6,24.629666666666665,3,5.333333333333333,29.881444444444444
26121,73,1.7671232876712328,22.113034246575342,56,2.3035714285714284,25.317318027210884,82,1.5853658536585367,29.749786585365854,12,3.9166666666666665,22.838875,17,4.352941176470588,25.67940056022409,10,3.9,30.06575,3,5,23.331333333333333,7,5.714285714285714,26.162591836734695,3,5,29.87
26123,94,1.7234042553191489,20.73223404255319,73,2.219178082191781,24.655712328767123,100,1.61,29.919978333333333,17,3.7058823529411766,21.171764705882353,22,3.9545454545454546,25.068045454545455,13,4.076923076923077,30.178679487179487,2,5,22.075000000000003,5,5.6,25.813066666666668,4,5.75,30.307583333333334
26125,76,1.6973684210526316,21.354271929824563,67,1.9253731343283582,25.215495024875622,80,1.6125,30.379633333333334,12,4,21.792472222222223,14,3.857142857142857,25.680583333333335,9,3.888888888888889,30.64785185185185,3,5.666666666666667,21.891000000000002,4,5.25,26.400583333333334,3,5.333333333333333,31.092444444444443
26127,69,1.8695652173913044,21.432787439613527,56,2.3214285714285716,24.611339285714287,73,1.7671232876712328,28.945543378995435,15,3.8666666666666667,21.893822222222223,19,4.2105263157894735,24.93394736842105,12,4.25,29.336222222222222,2,5.5,22.4645,8,5.5,25.4275,5,5.6,29.51493333333333
26129,79,1.6329113924050633,19.862301687763715,64,2.03125,24.153421875,82,1.5731707317073171,29.511841463414633,12,3.8333333333333335,20.51598611111111,14,4.142857142857143,24.713142857142856,14,3.5714285714285716,29.888285714285715,3,5.333333333333333,20.861444444444444,5,5.2,24.788466666666665,4,5,30.279
26131,88,1.8295454545454546,19.357762716450218,80,2.0125,23.396108333333334,97,1.6597938144329898,28.71163058419244,19,4,19.87700626566416,21,3.9047619047619047,24.023746031746033,15,3.6666666666666665,29.16921111111111,6,5.5,20.462325396825396,6,5.5,24.46922222222222,3,5.666666666666667,30.125222222222224
26133,94,1.7659574468085106,19.819923758865247,77,2.090909090909091,23.88967316017316,104,1.5769230769230769,29.22336217948718,16,3.6875,20.319864583333334,21,4,24.31118253968254,11,4.454545454545454,29.634969696969698,3,5.333333333333333,20.805111111111113,5,6,24.641133333333332,5,5.6,29.646933333333333
26135,83,1.5542168674698795,19.310395582329317,65,2,23.724746153846155,80,1.6125,29.249141666666667,10,3.7,19.879783333333332,16,3.875,24.03740625,13,3.6153846153846154,29.63125641025641,2,5,20.506,4,5.25,24.44108333333333,3,5,29.919333333333334
26137,80,1.6125,19.302895833333334,65,1.9846153846153847,23.463441025641025,86,1.5,28.85012984496124,12,3.4166666666666665,19.693472222222223,16,3.9375,23.953979166666667,10,3.4,29.325116666666666,1,5,20.07,4,5.5,24.1655,1,5,28.922
26139,73,1.7671232876712328,22.11144292237443,55,2.3636363636363638,25.350831168831167,79,1.6329113924050633,29.833653405666062,12,4.166666666666667,22.670444444444446,18,4.333333333333333,25.721150793650793,11,4.090909090909091,29.95669264069264,2,6.5,23.57225,6,5.833333333333333,26.207619047619048,4,5.5,30.31007142857143
26141,73,1.7671232876712328,19.81489269406393,60,2.15,23.622406746031746,86,1.5116279069767442,28.603899224806202,14,3.642857142857143,20.393011904761906,18,4.055555555555555,23.99746693121693,10,4.2,29.180533333333333,3,5.333333333333333,20.638222222222222,6,5.833333333333333,24.30531746031746,3,6.333333333333333,29.25122222222222
26143,93,1.7419354838709677,19.362953405017922,79,2.037974683544304,23.641936708860758,105,1.5333333333333334,29.062687301587303,18,3.7222222222222223,19.806925925925924,20,4.05,24.1529,17,3.6470588235294117,29.464245098039214,4,5.25,20.262416666666667,5,6.2,24.489266666666666,4,5.25,29.652833333333334
26145,77,1.6883116883116882,20.99294805194805,64,2.046875,24.992091145833335,84,1.5357142857142858,30.43661507936508,14,3.5714285714285716,21.415142857142857,15,4.133333333333334,25.422922222222223,12,3.8333333333333335,30.758388888888888,2,5,22.181,6,5,25.874666666666666,3,5.333333333333333,31.07188888888889
26147,69,1.8695652173913044,21.999531573498963,63,2.0476190476190474,25.42866402116402,79,1.6329113924050633,30.02151808318264,14,4.357142857142857,22.29733418367347,14,4.214285714285714,25.92327380952381,10,4.4,30.36499285714286,4,6.25,22.55379464285714,5,5.8,25.917666666666666,5,5.6,30.713819047619047
26149,94,1.7127659574468086,21.18226241134752,75,2.1466666666666665,25.08336476190476,96,1.7083333333333333,30.371906001984126,12,4.166666666666667,21.651055555555555,23,4,25.520754658385094,17,3.823529411764706,30.56576330532213,3,5.666666666666667,22.038666666666668,6,6,25.88261507936508,3,6.333333333333333,30.900714285714287
26151,72,1.7916666666666667,21.332355324074076,63,2.0476190476190474,24.816095993953137,84,1.5357142857142858,29.50715873015873,15,3.933333333333333,21.679972222222222,15,4,25.23426984126984,9,4,29.90125925925926,3,6.333333333333333,22.042638888888888,3,6,25.699126984126984,3,5,30.199333333333335
26153,67,1.9253731343283582,20.18640724946695,56,2.3035714285714284,23.580325892857143,81,1.5925925925925926,28.12764197530864,18,3.888888888888889,20.770238095238096,18,4.5,24.066291666666668,13,3.6923076923076925,28.64069230769231,5,5.6,21.23352380952381,8,5.875,24.479989583333335,2,5.5,28.876166666666666
26155,93,1.7419354838709677,20.750593189964157,80,2.025,24.74956011904762,109,1.4770642201834863,30.08170489296636,18,3.5555555555555554,21.21834259259259,18,4.111111111111111,25.185822751322753,11,3.909090909090909,30.58689393939394,3,5.333333333333333,21.859222222222222,7,5.428571428571429,25.553782312925172,3,6,30.765
26157,73,1.7671232876712328,20.99267808219178,66,1.9545454545454546,24.81569191919192,85,1.5294117647058822,30.03684705882353,15,3.7333333333333334,21.414366666666666,14,4,25.36504761904762,10,3.9,30.5137,2,5,22.134,4,5,25.7235,4,5,30.7705
26159,73,1.7671232876712328,21.871622961513374,55,2.3636363636363638,25.646554112554114,81,1.617283950617284,30.554990201842052,12,4.166666666666667,22.371539682539684,19,4.2105263157894735,25.927393483709274,11,4,30.689018759018758,4,5.5,22.818785714285713,6,6.166666666666667,26.333690476190476,2,8,30.997936507936508
26161,74,1.7567567567567568,21.28863963963964,69,1.8985507246376812,25.16334299516908,81,1.6049382716049383,30.52311728395062,11,4.090909090909091,21.73221212121212,19,3.5789473684210527,25.536877192982455,9,4,30.60472222222222,4,5.5,21.67941666666667,4,5.25,26.359750000000002,3,5.333333333333333,31.11611111111111
26163,74,1.7567567567567568,21.89673873873874,69,1.8840579710144927,25.620454106280192,84,1.5476190476190477,30.54437074829932,12,4,22.342805555555554,14,3.7857142857142856,26.173666666666666,7,4.428571428571429,31.034591836734695,3,5.666666666666667,22.435666666666666,4,5.25,26.806583333333332,3,6,31.50015873015873
26165,92,1.7717391304347827,19.54624145962733,80,2.025,23.617536904761906,100,1.61,29.022759999999998,16,4,19.878700892857143,19,4.052631578947368,24.202786967418547,13,4.076923076923077,29.459307692307693,4,5.5,20.13292857142857,6,5.666666666666667,24.285214285714286,5,5.4,29.5972
27001,88,1.8295454545454546,20.215386363636362,76,2.1315789473684212,24.055835944026732,92,1.75,28.89402950310559,17,4.235294117647059,20.903176470588235,24,4,24.568063822751323,16,4,29.332544642857144,6,5.666666666666667,21.266083333333334,5,6.2,25.31520634920635,4,6,29.496428571428574
27003,86,1.8837209302325582,21.348211794019935,76,2.1184210526315788,25.388626670843777,103,1.5825242718446602,30.638506703652336,19,4.105263157894737,21.896379699248122,19,4.368421052631579,25.97555931495405,13,4.3076923076923075,30.98701465201465,8,5.25,22.319214285714285,9,5.777777777777778,26.339236331569666,6,5.5,31.41936507936508
27005,88,1.8295454545454546,20.066186553030303,82,1.9634146341463414,24.065518292682928,109,1.4770642201834863,29.011577981651378,17,4.176470588235294,20.50496568627451,23,3.869565217391304,24.40771739130435,9,4.222222222222222,29.858,7,5.714285714285714,20.869678571428572,6,5.666666666666667,25.141111111111112,4,5.5,29.750083333333336
27007,88,1.8295454545454546,19.644051677489177,78,2.0641025641025643,23.628985042735042,100,1.61,28.531825,20,3.95,20.10582738095238,21,4.142857142857143,24.088849206349206,15,3.933333333333333,29.080833333333334,5,6.2,20.716809523809523,8,5.5,24.444583333333334,4,5.5,29.571666666666665
27009,95,1.7157894736842105,20.76628596491228,76,2.1184210526315788,24.907748538011695,105,1.5523809523809524,30.22608888888889,17,3.823529411764706,21.306303921568627,25,3.88,25.342755555555556,13,3.6153846153846154,30.82302564102564,5,5,22.0016,5,6.2,26.10511111111111,2,5,31.298
27011,91,1.7692307692307692,21.031239926739925,80,2.0375,25.324439285714284,111,1.4594594594594594,30.64873873873874,20,3.8,21.563391666666668,17,4.352941176470588,25.737361344537817,9,4.111111111111111,30.802777777777777,5,5.4,22.1714,6,6,26.21002380952381,2,6,31.245
27013,93,1.7311827956989247,21.569831541218637,71,2.267605633802817,25.679860831656608,106,1.5188679245283019,30.787278301886793,17,4.176470588235294,22.15319607843137,20,4.4,26.008255952380953,11,3.909090909090909,31.242409090909092,7,5.285714285714286,22.573714285714285,9,5.777777777777778,26.436402116402117,4,5.25,31.618916666666667
27015,87,1.8505747126436782,21.55596551724138,83,1.9397590361445782,25.622034136546183,103,1.5631067961165048,30.867550161812296,18,4.166666666666667,22.0455,17,4.117647058823529,26.16699019607843,13,3.923076923076923,31.326358974358975,8,5.25,22.376541666666668,7,5.428571428571429,26.735666666666667,4,5.75,31.719
27017,100,1.61,19.568175,74,2.189189189189189,23.81713642213642,96,1.7083333333333333,29.155831845238094,13,4.153846153846154,20.318653846153847,23,4.217391304347826,24.218612836438922,16,3.9375,29.58655357142857,5,5,20.997999999999998,10,5.5,24.59764285714286,5,5.4,29.99297142857143
27019,82,1.9634146341463414,21.607138211382114,75,2.1466666666666665,25.513467936507936,99,1.6565656565656566,30.649217171717172,20,4.1,21.970016666666666,20,4.2,26.057504761904763,14,4.142857142857143,30.895892857142858,8,5.125,22.575875,9,5.555555555555555,26.485936507936508,5,5.6,31.484
27021,89,1.8089887640449438,20.009956928838953,76,2.1184210526315788,23.962232142857143,96,1.6979166666666667,28.726444444444443,21,4,20.580055555555557,24,3.9166666666666665,24.462693452380954,16,4,29.153979166666666,6,5.5,21.302833333333332,5,6.4,25.162761904761904,4,5.75,29.60216666666667
27023,87,1.8505747126436782,21.27104980842912,79,2.037974683544304,25.49721518987342,105,1.542857142857143,30.73465238095238,17,4.352941176470588,21.75949019607843,17,4.470588235294118,25.971176470588237,10,4.4,30.99635,7,5.714285714285714,21.996142857142857,6,6.166666666666667,26.46777777777778,4,6,31.342125
27025,86,1.872093023255814,21.13161018826135,75,2.1466666666666665,25.094794285714286,102,1.607843137254902,30.246926937441643,16,4.375,21.721467261904763,20,4.3,25.64572857142857,12,4.583333333333333,30.673878968253966,8,5.5,21.836892857142857,8,6,25.96244642857143,5,6.2,30.780142857142856
27027,98,1.6428571428571428,20.58087925170068,88,1.8522727272727273,24.81064529220779,110,1.4636363636363636,30.331007575757575,13,4.538461538461538,21.094320512820513,18,4.055555555555555,25.27593253968254,10,4.2,30.868583333333333,5,6,21.0904,5,6.2,25.74352380952381,3,6,31.066666666666666
27029,96,1.6875,19.403338541666667,86,1.872093023255814,23.531658084163897,101,1.613861386138614,28.660557755775578,18,3.6666666666666665,19.99725,21,3.857142857142857,24.033933106575965,14,4.142857142857143,29.07152380952381,4,5.25,20.740333333333332,6,5.833333333333333,24.67751587301587,4,5.5,29.630333333333333
27031,71,1.8169014084507042,18.570704225352113,60,2.15,21.939947222222223,73,1.7671232876712328,26.315842465753423,19,3.5789473684210527,18.87236842105263,17,4.176470588235294,22.384225490196076,13,4.230769230769231,26.757807692307694,3,5,19.87333333333333,8,5.125,22.598875,7,5,26.856285714285715
27033,86,1.872093023255814,21.347397286821707,79,2.037974683544304,25.38015250150693,102,1.588235294117647,30.63230882352941,20,4,21.775808333333334,19,4.2105263157894735,25.841160401002504,13,4,30.92119230769231,6,5.5,22.257833333333334,7,5.714285714285714,26.281244897959184,4,5.5,31.166583333333335
27035,92,1.7608695652173914,20.416003623188406,75,2.16,24.339033333333333,98,1.653061224489796,29.278371720116617,21,3.8095238095238093,21.05368253968254,24,4,24.79885416666667,14,3.9285714285714284,29.691102040816325,4,5.25,22.060166666666667,5,6.4,25.445,3,6,29.656809523809525
27037,90,1.788888888888889,21.46021111111111,77,2.090909090909091,25.481618738404453,99,1.6464646464646464,30.779729437229438,18,4.055555555555555,22.01411111111111,18,4.333333333333333,26.11720238095238,12,4.416666666666667,31.05985119047619,7,5.142857142857143,22.647,8,5.625,26.56985119047619,6,5.5,31.250396825396827
27039,97,1.6804123711340206,20.9705412371134,80,2.0125,25.01205238095238,104,1.5480769230769231,30.05325434981685,18,3.8333333333333335,21.645972222222223,18,4.222222222222222,25.519677248677247,9,4.333333333333333,30.567050264550264,6,5.166666666666667,22.095555555555556,7,5.571428571428571,26.032027210884355,3,6,30.256984126984126
27041,93,1.7311827956989247,20.536216845878137,77,2.090909090909091,24.521945269016697,106,1.528301886792453,29.562740341419588,18,3.888888888888889,20.98962037037037,23,3.9130434782608696,24.944990683229815,12,3.6666666666666665,30.147123015873017,5,5.4,21.313466666666667,5,6.2,25.53712380952381,1,7,30.137142857142855
27043,92,1.75,21.53418297101449,76,2.1184210526315788,25.529913847117793,105,1.5333333333333334,30.58887755102041,18,3.888888888888889,22.101935185185184,19,4.315789473684211,25.92176065162907,9,4.333333333333333,31.025793650793652,6,5.166666666666667,22.567611111111113,7,5.857142857142857,26.444897959183674,4,5.75,31.246785714285714
27045,94,1.7340425531914894,21.137388551165145,80,2.0125,25.15541011904762,99,1.6565656565656566,30.320127585377584,19,3.8947368421052633,21.60471177944862,20,4.15,25.520140476190477,13,4.461538461538462,30.539048534798535,5,5.6,21.93790476190476,7,6,25.89587755102041,5,6.4,30.495026190476192
27047,89,1.8202247191011236,21.325074906367043,79,2.037974683544304,25.235415310427967,102,1.588235294117647,30.185972222222222,18,4.055555555555555,21.85425925925926,20,4.2,25.658140476190475,11,4.181818181818182,30.666742424242425,6,5.5,22.22888888888889,7,5.714285714285714,26.170639455782315,3,6.333333333333333,30.63111111111111
27049,92,1.7608695652173914,21.274159420289855,74,2.175675675675676,25.3020481016731,96,1.6770833333333333,30.490875992063494,17,4,22.021039215686276,18,4.555555555555555,25.818142195767194,12,4.5,30.676591269841268,6,5.166666666666667,22.45488888888889,8,6,26.204153273809524,6,5.833333333333333,30.872071428571427
27051,92,1.75,20.757956521739132,82,1.9634146341463414,24.828676829268293,107,1.5046728971962617,29.90656542056075,17,4,21.21070588235294,20,3.9,25.286825,12,3.75,30.472291666666667,5,5.6,21.5954,5,5.8,25.9528,2,6,30.6175
27053,83,1.9397590361445782,21.533781411359726,78,2.0641025641025643,25.504743284493284,99,1.6262626262626263,30.813378547378548,18,4.333333333333333,22.004103174603173,18,4.333333333333333,26.195276455026455,13,4.3076923076923075,31.1922673992674,8,5.375,22.49610714285714,9,5.555555555555555,26.51620105820106,6,5.5,31.55963492063492
27055,85,1.8941176470588235,21.39155742296919,74,2.175675675675676,25.422468093093094,106,1.5188679245283019,30.60678459119497,19,4.052631578947368,21.789072681704262,17,5,25.73221405228758,15,3.7333333333333334,31.165277777777778,5,6.2,22.01780952380952,8,6.875,25.990746527777777,2,6.5,30.854166666666668
27057,103,1.5728155339805825,19.665818770226537,82,1.9634146341463414,23.732540650406506,100,1.61,28.79422476190476,17,3.5294117647058822,20.25378431372549,22,3.8636363636363638,24.244924242424243,15,4.066666666666666,29.256498412698413,2,5.5,21.24133333333333,6,5.666666666666667,24.831666666666667,6,5.5,29.438468253968253
27059,90,1.8,20.92048121693122,76,2.1184210526315788,25.023842418546366,103,1.5728155339805825,30.329602404068424,17,4.117647058823529,21.501371148459384,22,4,25.514637445887445,12,4.25,30.7740873015873,7,5.285714285714286,21.658448979591835,6,6,25.991031746031744,5,5.8,30.80914285714286
27061,95,1.7157894736842105,19.345873182957394,76,2.1315789473684212,23.459188753132832,95,1.694736842105263,28.45790350877193,17,4.0588235294117645,19.98017366946779,23,4.043478260869565,23.91340631469979,15,4,29.03538888888889,5,5.6,20.78092380952381,6,5.833333333333333,24.529029761904763,4,5.5,28.978749999999998
27063,86,1.872093023255814,21.382612403100776,79,2.037974683544304,25.34427938517179,104,1.5673076923076923,30.539732371794873,20,4.05,21.814233333333334,20,4.2,25.80765357142857,13,4,30.755166666666668,6,5.666666666666667,22.10216666666667,7,5.857142857142857,26.191034013605442,4,5.75,31.0395
27065,96,1.6770833333333333,20.570569444444445,75,2.16,24.697997037037037,97,1.6597938144329898,30.088754540991655,15,4.133333333333334,21.317644444444444,23,4.086956521739131,25.185207729468598,15,4.066666666666666,30.29094603174603,5,5.8,21.652766666666665,7,6.142857142857143,25.589492063492063,5,5.8,30.50017142857143
27067,86,1.872093023255814,21.07905426356589,80,2.0125,25.15192767857143,107,1.5233644859813085,30.235632843791723,19,4.2105263157894735,21.50361403508772,21,4,25.52162925170068,9,4,30.849746031746033,7,5.571428571428571,21.875761904761905,5,5.4,26.632342857142856,2,6,31.473857142857142
27069,104,1.5480769230769231,19.349046474358975,77,2.090909090909091,23.784027210884354,99,1.6262626262626263,29.11472558922559,11,4.181818181818182,19.924166666666668,21,4.0476190476190474,24.134766439909296,16,3.9375,29.437052083333334,4,5.75,20.04625,6,5.833333333333333,24.55057142857143,4,5.5,29.974666666666668
27071,90,1.788888888888889,18.951291534391533,75,2.1466666666666665,23.135040317460316,98,1.6428571428571428,28.43284523809524,15,4.266666666666667,19.48408253968254,19,4.526315789473684,23.770948621553885,16,3.625,29.111177083333335,6,6,19.600761904761903,7,6.428571428571429,24.014598639455784,3,5.333333333333333,29.735444444444443
27073,90,1.788888888888889,21.22574074074074,78,2.0641025641025643,25.52885775335775,107,1.5046728971962617,30.800643302180685,17,4.235294117647059,21.812745098039215,18,4.5,25.851439153439152,9,4,31.12987037037037,6,5.666666666666667,22.036666666666665,7,6.142857142857143,26.29774829931973,2,5.5,31.590666666666667
27075,78,1.6666666666666667,19.30363247863248,63,2.0634920634920637,23.1170873015873,76,1.6973684210526316,28.191212719298246,13,3.6153846153846154,19.874102564102564,18,3.9444444444444446,23.388972222222222,14,3.7857142857142856,28.554440476190475,3,5,20.596666666666668,7,5.142857142857143,23.592238095238095,4,5,28.5145
27077,90,1.8,19.120719576719576,79,2.037974683544304,23.235001054852322,98,1.6428571428571428,28.447948979591835,18,3.8333333333333335,19.594153439153438,16,4.5625,23.941255208333335,17,3.7058823529411766,29.03464705882353,4,6,19.96785714285714,7,6.285714285714286,24.180488095238093,3,5.666666666666667,29.470222222222223
27079,91,1.7802197802197801,21.442097069597068,72,2.236111111111111,25.46860515873016,103,1.5728155339805825,30.539131067961165,16,4.25,22.101927083333333,20,4.3,25.867228571428573,14,3.7142857142857144,30.870392857142857,7,5.285714285714286,22.511666666666667,9,5.555555555555555,26.337359788359787,3,5.333333333333333,31.647111111111112
27081,80,2.025,20.92821875,75,2.1466666666666665,25.035431746031747,101,1.613861386138614,30.112958981612447,19,4.368421052631579,21.248552631578946,20,4.5,25.308619047619047,11,4.454545454545454,30.525805194805194,7,5.857142857142857,21.546666666666667,7,6.571428571428571,25.761530612244897,4,6,30.843464285714287
27083,84,1.9404761904761905,21.340944444444446,79,2.037974683544304,25.51064707655214,100,1.61,30.68106166666667,19,4.2105263157894735,21.73259649122807,18,4.5,25.8883955026455,12,4.166666666666667,31.032597222222222,7,5.571428571428571,22.158952380952382,6,6.666666666666667,26.381714285714285,4,6.25,31.480708333333332
27085,85,1.8941176470588235,21.277864705882354,77,2.103896103896104,25.31580921459493,102,1.607843137254902,30.40578431372549,20,4.05,21.610675,23,3.782608695652174,25.6574917184265,13,3.8461538461538463,30.61346153846154,8,5.25,22.163875,6,5.333333333333333,26.542190476190477,3,5.333333333333333,31.85611111111111
27087,94,1.7234042553191489,19.79452039007092,88,1.8295454545454546,23.899698322510822,103,1.5728155339805825,29.109789644012945,17,4,20.237642156862744,20,3.9,24.41292261904762,14,4,29.472380952380952,4,6,20.6401875,5,6,25.03352380952381,4,5.5,29.901666666666667
27089,99,1.6363636363636365,19.548739057239057,81,1.9876543209876543,23.877430041152262,101,1.603960396039604,29.20980198019802,17,3.7058823529411766,19.93471568627451,16,4.5,24.500739583333335,15,3.933333333333333,29.557666666666666,4,5.25,20.564,6,6,24.702666666666666,4,5.5,30.1925
27091,89,1.8089887640449438,21.58209550561798,77,2.103896103896104,25.55149752628324,106,1.528301886792453,30.73875,20,3.95,21.943575,18,4.5,25.999739417989417,11,4.181818181818182,30.999772727272727,6,5.5,22.349833333333333,7,6,26.423020408163264,4,5.75,31.26375
27093,90,1.8,21.12138148148148,78,2.0641025641025643,25.153990842490842,104,1.5480769230769231,30.200358974358974,20,3.95,21.554216666666665,24,3.75,25.485261904761906,10,4,30.644733333333335,6,5.166666666666667,22.081277777777778,6,5.333333333333333,26.357714285714287,2,7,31.510333333333335
27095,94,1.7234042553191489,20.7558006585613,75,2.1866666666666665,24.720456825396827,100,1.62,29.953341904761906,16,4,21.45032886904762,23,4.130434782608695,25.22822877846791,15,3.933333333333333,30.177946031746032,5,5.6,21.927885714285715,7,6.142857142857143,25.56525170068027,5,5.4,30.47617142857143
27097,93,1.7419354838709677,20.493164874551972,75,2.16,24.620377142857144,107,1.5046728971962617,29.94276924788607,21,3.6666666666666665,20.955920634920634,25,3.88,24.99033142857143,11,4,30.541028138528137,4,5.25,21.94775,5,5.8,25.789657142857145,2,7,30.103571428571428
27099,91,1.7692307692307692,21.101300366300368,80,2.0375,25.06388630952381,103,1.5631067961165048,30.049793111419326,20,3.85,21.55666666666667,20,4.25,25.43354523809524,11,4.090909090909091,30.38806277056277,6,5.333333333333333,21.97861111111111,7,6,25.88870068027211,2,6.5,30.251428571428573
27101,86,1.872093023255814,21.088397286821706,79,2.050632911392405,25.150084589109905,103,1.5728155339805825,30.355272653721684,18,4.5,21.49012037037037,18,4.666666666666667,25.585649029982363,14,4.142857142857143,30.449505952380953,8,5.625,21.681625,8,6.25,25.787501984126983,4,6.25,30.896395833333333
27103,89,1.8089887640449438,21.581003745318352,72,2.236111111111111,25.672645171957672,106,1.528301886792453,30.797970125786165,16,4.3125,22.204645833333334,21,4.238095238095238,26.003831065759638,12,3.9166666666666665,31.21123611111111,7,5.285714285714286,22.61252380952381,9,5.555555555555555,26.531624338624336,4,5.25,31.673916666666667
27105,88,1.8295454545454546,21.198212121212123,79,2.037974683544304,25.231095539481615,106,1.5188679245283019,30.439088050314467,19,4.157894736842105,21.63198245614035,18,4.611111111111111,25.6673082010582,12,4.083333333333333,30.601111111111113,7,5.571428571428571,22.01514285714286,9,5.888888888888889,25.883412698412698,5,5.4,30.61466666666667
27107,97,1.6701030927835052,20.218297250859106,91,1.7692307692307692,24.421638932496077,110,1.4636363636363636,29.790522727272727,14,4.214285714285714,20.822130952380952,19,3.8947368421052633,24.942849624060152,12,3.9166666666666665,30.268541666666668,4,6,21.121208333333335,5,6,25.489495238095238,3,5.666666666666667,30.741666666666667
27109,96,1.6875,21.089019097222224,82,1.9634146341463414,25.149149245063878,103,1.5728155339805825,30.409423485899215,15,4.066666666666666,21.840055555555555,20,4,25.662261904761905,10,4.4,30.641061904761905,6,5.166666666666667,22.17388888888889,7,5.571428571428571,26.155272108843537,4,6,30.759738095238095
27111,91,1.7692307692307692,20.435395604395605,84,1.9285714285714286,24.386567460317462,104,1.5480769230769231,29.341253205128204,17,3.823529411764706,21.011529411764705,19,3.9473684210526314,24.897719298245615,10,4.2,30.018533333333334,5,5.2,21.10653333333333,6,5.666666666666667,25.454166666666666,4,5.5,30.058416666666666
27113,103,1.5922330097087378,19.438747572815533,83,1.9397590361445782,23.737216006884683,107,1.514018691588785,29.03859657320872,15,3.933333333333333,20.061066666666665,16,4.375,24.386495535714285,13,3.8461538461538463,29.431910256410255,5,5.4,20.432199999999998,6,6,24.630515873015874,3,5.333333333333333,30.018555555555555
27115,96,1.6875,20.367734375,77,2.116883116883117,24.500172026386313,101,1.603960396039604,29.777904644035832,14,4.142857142857143,21.087678571428572,21,4.285714285714286,25.053964096749812,14,4.142857142857143,30.210597789115646,6,5.166666666666667,21.40861111111111,7,6.428571428571429,25.425106575963717,4,6.25,30.290008928571428
27117,89,1.8089887640449438,20.955166666666667,75,2.1466666666666665,25.062165925925925,101,1.5940594059405941,30.25412211221122,16,4.625,21.407489583333334,19,4.578947368421052,25.42933918128655,13,4.153846153846154,30.378564102564102,8,5.75,21.574666666666666,7,6.428571428571429,25.791777777777778,4,6.25,30.722416666666668
27119,100,1.62,19.77951880952381,88,1.8409090909090908,24.10399337121212,101,1.5940594059405941,29.413838283828383,14,4.214285714285714,20.530848639455783,20,4,24.58182083333333,13,4.076923076923077,29.912897435897435,5,5.8,20.78887619047619,5,6.2,25.14545,4,5.5,30.439416666666666
27121,95,1.7052631578947368,20.691291228070174,76,2.1184210526315788,24.796113721804513,107,1.5233644859813085,29.89546951490877,17,3.8823529411764706,21.186627450980392,22,4,25.16202922077922,11,3.8181818181818183,30.479112554112554,4,5.75,21.724,4,6.25,25.98636904761905,1,7,30.428571428571427
27123,84,1.9166666666666667,21.467092120181405,76,2.1184210526315788,25.418524436090227,102,1.5980392156862746,30.644460550887022,17,4.411764705882353,22.007984593837534,18,4.388888888888889,26.09015873015873,12,4.5,31.023331349206348,8,5.375,22.45957142857143,9,5.555555555555555,26.412354497354496,7,5.428571428571429,31.300353741496597
27125,95,1.694736842105263,19.713161152882204,87,1.8735632183908046,23.96300328407225,104,1.5480769230769231,29.24025801282051,14,4.642857142857143,20.388593537414966,20,4,24.444814285714287,14,3.7142857142857144,29.617630952380953,7,6,20.4288537414966,5,6,25.049590476190478,3,5.333333333333333,30.288666666666668
27127,83,1.9397590361445782,21.464939759036145,80,2.0125,25.608493154761906,106,1.5188679245283019,30.82229245283019,18,4.222222222222222,21.89666666666667,19,4.2631578947368425,26.0152343358396,12,4,31.30775,8,5.375,22.28729166666667,6,6.333333333333333,26.705603174603176,3,6.333333333333333,31.669888888888888
27129,86,1.872093023255814,21.29732945736434,80,2.0125,25.40681220238095,108,1.5,30.569861919459143,18,4.166666666666667,21.71335185185185,18,4.166666666666667,25.889443121693123,10,4.3,31.08600873015873,8,5.25,22.170666666666666,6,5.5,26.64402380952381,3,7,31.458084656084655
27131,90,1.788888888888889,21.372198148148147,73,2.2054794520547945,25.378063274624918,105,1.5523809523809524,30.411475396825395,20,3.9,21.952891666666666,19,4.368421052631579,25.79387468671679,13,4,30.667301282051284,7,5.142857142857143,22.491714285714288,8,5.625,26.34045238095238,3,6.333333333333333,30.90052777777778
27133,90,1.788888888888889,21.25372037037037,79,2.050632911392405,25.336423548322283,104,1.5769230769230769,30.613940705128204,16,4.4375,21.813739583333334,18,4.555555555555555,25.773192239858908,13,4.3076923076923075,30.590371794871796,9,5.444444444444445,21.863592592592592,8,6.125,25.98343253968254,5,6.2,30.738466666666667
27135,95,1.7052631578947368,19.1008,76,2.1315789473684212,23.426646303258146,100,1.62,28.72042666666667,19,3.526315789473684,19.358999999999998,22,3.9545454545454546,23.77409632034632,15,3.8666666666666667,29.25917777777778,3,5.333333333333333,20.243666666666666,7,5.857142857142857,24.33823129251701,4,5.25,29.269416666666668
27137,72,1.7916666666666667,19.714699074074073,62,2.096774193548387,23.67469623655914,76,1.7105263157894737,28.637206140350877,13,4.076923076923077,20.300641025641028,16,4.1875,24.089447916666668,14,3.9285714285714284,28.956619047619046,4,5,21.1575,7,5.142857142857143,24.43409523809524,4,5.25,29.519416666666665
27139,85,1.9058823529411764,21.60462156862745,74,2.175675675675676,25.570239382239382,96,1.6770833333333333,30.797445188492063,21,3.9523809523809526,21.960373015873017,19,4.315789473684211,26.136458646616543,15,4.066666666666666,30.992315873015873,7,5.142857142857143,22.732666666666667,9,5.555555555555555,26.49715343915344,5,5.6,31.41244761904762
27141,93,1.7311827956989247,21.098824372759857,75,2.16,25.150615026455025,105,1.5333333333333334,30.398819047619046,17,3.9411764705882355,21.70121568627451,21,4.095238095238095,25.64957747543462,15,3.7333333333333334,30.655066666666666,6,5,22.132333333333335,6,6,26.39268783068783,4,5.5,31.136499999999998
27143,86,1.872093023255814,21.428081395348837,74,2.189189189189189,25.498546975546976,107,1.5233644859813085,30.57934735202492,18,4.166666666666667,21.884722222222223,23,4.043478260869565,25.747498964803313,14,3.7142857142857144,31.08072619047619,8,5.25,22.309583333333332,9,5.444444444444445,26.29879365079365,3,5.333333333333333,31.957
27145,91,1.7692307692307692,20.860188644688645,77,2.116883116883117,24.936937538651826,103,1.5728155339805825,30.199588996763755,20,3.7,21.272108333333332,24,3.9583333333333335,25.396424603174605,12,4,30.69397222222222,5,5,22.1496,5,6.2,26.158838095238096,2,7.5,31.108
27147,91,1.7802197802197801,21.162694139194137,80,2.025,25.144966964285715,102,1.5980392156862746,30.09735877684407,18,3.888888888888889,21.851953703703703,19,4.105263157894737,25.600387218045114,13,3.8461538461538463,30.42658424908425,6,5.166666666666667,22.322388888888888,7,5.428571428571429,26.247836734693877,2,6.5,30.438214285714288
27149,93,1.7419354838709677,20.86361827956989,81,2.0123456790123457,25.08069135802469,110,1.4636363636363636,30.25753787878788,18,4,21.41036111111111,19,4.105263157894737,25.49215789473684,11,3.909090909090909,30.631742424242425,5,5.6,21.87046666666667,5,5.8,26.150533333333332,2,6,30.802500000000002
27151,93,1.7311827956989247,21.04034946236559,82,1.9634146341463414,25.2797868757259,107,1.5046728971962617,30.538116822429906,15,4.533333333333333,21.7235,18,4.277777777777778,25.735695767195768,8,4.25,30.9385625,7,5.714285714285714,21.795952380952382,5,6,26.432504761904763,3,5.666666666666667,31.22588888888889
27153,95,1.694736842105263,20.37090701754386,81,2.0246913580246915,24.41475014697237,106,1.5188679245283019,29.61662286612758,20,3.6,20.733558333333335,23,3.9130434782608696,24.863685300207038,12,3.9166666666666665,30.125585317460317,3,5.666666666666667,21.598444444444443,5,6,25.515619047619047,2,6.5,30.07392857142857
27155,92,1.7608695652173914,20.94651811594203,79,2.050632911392405,25.261476793248946,106,1.528301886792453,30.534174528301886,17,3.9411764705882355,21.59527450980392,20,4,25.619333333333334,13,3.8461538461538463,30.779038461538462,6,5.333333333333333,21.843,6,5.666666666666667,26.046944444444446,3,6,31.087222222222223
27157,91,1.7692307692307692,21.231979853479853,76,2.1184210526315788,25.268363565162907,99,1.6262626262626263,30.489622414622414,18,4.055555555555555,21.894453703703704,18,4.5,25.830868386243388,10,4.7,30.721761904761905,7,5.142857142857143,22.172761904761906,8,6,26.159870535714287,6,5.833333333333333,30.934603174603176
27159,96,1.6875,19.989480902777778,84,1.9166666666666667,24.124916666666667,104,1.5480769230769231,29.27984981684982,18,3.7777777777777777,20.410842592592594,23,3.739130434782609,24.60013043478261,12,4.083333333333333,29.77786507936508,4,5.25,20.899416666666667,5,5.6,25.296266666666668,4,5.75,29.98317857142857
27161,92,1.7608695652173914,21.36728804347826,76,2.1315789473684212,25.356214598997493,99,1.6262626262626263,30.3322417027417,18,4,22.037805555555554,20,4.1,25.742115476190477,13,4,30.457456043956043,6,5.333333333333333,22.46077777777778,7,5.428571428571429,26.455448979591836,4,6,30.99777380952381
27163,89,1.8426966292134832,21.347998929909043,73,2.2054794520547945,25.343641552511414,102,1.5784313725490196,30.53306582633053,16,4.5,21.94511904761905,18,4.666666666666667,25.931435185185187,10,4.9,31.111271428571428,9,5.333333333333333,22.202248677248676,9,6.111111111111111,26.193333333333335,6,5.833333333333333,30.989896825396826
27165,89,1.8202247191011236,21.579676029962545,78,2.0641025641025643,25.61371275946276,103,1.5631067961165048,30.852754045307442,20,4,21.946058333333333,18,4.388888888888889,26.09442195767196,11,4.2727272727272725,31.254424242424243,7,5.285714285714286,22.492190476190476,9,5.555555555555555,26.432084656084655,4,6,31.550916666666666
27167,96,1.6770833333333333,20.766427083333333,84,1.9285714285714286,25.00940277777778,108,1.4907407407407407,30.379706790123457,16,4.0625,21.3179375,19,3.9473684210526314,25.40709649122807,11,4,30.817575757575757,4,6,21.638833333333334,6,5.666666666666667,25.897333333333332,3,6,30.99388888888889
27169,83,1.9397590361445782,21.281716580608148,76,2.1315789473684212,25.290690476190477,94,1.7127659574468086,30.54697467071935,22,3.8181818181818183,21.77647619047619,16,5.0625,25.720467261904762,15,4.333333333333333,31.001707936507938,5,5.6,22.111495238095237,8,6.75,25.984684523809523,4,7.25,30.908488095238095
27171,87,1.8620689655172413,21.264565407772306,79,2.037974683544304,25.266321579264616,101,1.603960396039604,30.394039603960397,20,4,21.642359523809525,21,3.857142857142857,25.814019274376417,14,3.857142857142857,30.80557142857143,7,5.285714285714286,22.24269387755102,6,5.333333333333333,26.499761904761904,4,5.5,31.311999999999998
27173,84,1.9166666666666667,21.290376984126983,77,2.090909090909091,25.51366233766234,106,1.5188679245283019,30.725293575920933,16,4.5,21.800104166666667,19,4.526315789473684,25.849052631578946,10,4.2,30.982611904761903,7,5.714285714285714,21.99547619047619,6,6.833333333333333,26.377833333333335,3,6,31.498428571428573
28001,67,2.4477611940298507,24.983191380758544,64,2.53125,28.517622395833335,94,1.7127659574468086,34.66574518743668,19,5.421052631578948,25.1678327637275,27,4.185185185185185,28.68991975308642,14,4.428571428571429,35.03393197278912,7,9,25.199117501546073,10,5.7,28.78295,5,5.8,34.91634285714286
28003,86,1.872093023255814,23.836806201550388,69,2.4057971014492754,27.975669657234874,98,1.6428571428571428,34.13924744897959,17,4.294117647058823,24.08149019607843,19,4.947368421052632,28.24269507101086,15,4.4,34.41308333333333,5,6,24.3274,10,6.3,28.416620634920633,6,5.833333333333333,34.59493055555556
28005,54,2.388888888888889,24.465552689594357,56,2.3392857142857144,28.21776488095238,83,1.5662650602409638,34.74040562248996,18,4.722222222222222,24.638046957671957,21,4.142857142857143,28.385944444444444,9,4.111111111111111,35.09151851851852,5,8.8,24.720969047619047,5,6.2,28.4173,3,5.666666666666667,34.90788888888889
28007,86,1.8953488372093024,23.91863755430616,66,2.5,28.018191438191437,89,1.8202247191011236,34.45288817549492,17,4.588235294117647,24.133989980607627,21,5.095238095238095,28.19645880574452,17,4.176470588235294,34.736885154061625,4,8.75,24.383415750915752,10,7.2,28.267230158730158,7,5.857142857142857,34.92005442176871
28009,83,1.963855421686747,23.75555421686747,71,2.295774647887324,27.94844640062598,102,1.588235294117647,34.22124451447245,20,4.25,23.9293,17,5.176470588235294,28.25262908496732,15,4.2,34.5454626984127,6,6,24.072388888888888,9,6.777777777777778,28.409780864197533,4,6.25,34.717151785714286
28011,73,2.2054794520547945,25.056365033368458,67,2.462686567164179,28.7223631840796,100,1.61,34.67586474358974,16,5.6875,25.25341546474359,20,5.15,28.955166666666667,10,4.7,35.050147435897436,8,7.875,25.416101762820514,9,7.555555555555555,29.089074074074073,2,9.5,35.261153846153846
28013,84,1.9285714285714286,24.183018028928743,66,2.4393939393939394,28.318809884559883,91,1.7692307692307692,34.646430402930406,15,5.466666666666667,24.27890096200096,19,5.052631578947368,28.527971177944863,14,4.5,34.946083333333334,5,9.8,24.412202886002888,7,8.142857142857142,28.757945578231293,6,6.166666666666667,35.18947222222222
28015,87,1.9080459770114941,24.210180366887265,67,2.4029850746268657,28.276190950011845,87,1.8620689655172413,34.44969239189929,14,5.642857142857143,24.379335137085135,20,4.95,28.463239682539683,15,4.6,34.80588253968254,5,9.6,24.497971717171716,7,8.142857142857142,28.633065759637187,6,6.5,34.99637301587302
28017,85,1.9294117647058824,23.87908568627451,68,2.3676470588235294,28.19430357142857,89,1.8202247191011236,34.66639606741573,13,5.923076923076923,24.036714102564105,21,4.857142857142857,28.42798299319728,15,4.333333333333333,35.040616666666665,4,11.75,24.184945833333334,7,8.142857142857142,28.667163265306122,6,5.833333333333333,35.23584722222222
28019,84,1.9166666666666667,23.824422817460317,70,2.3142857142857145,27.950009750566892,84,1.9166666666666667,34.472297619047616,13,5.6923076923076925,23.945501282051282,18,5.333333333333333,28.12309347442681,20,3.9,34.7314,3,13,24.150783333333333,7,8.285714285714286,28.307954648526078,6,5.5,35.00633333333333
28021,65,2.5076923076923077,24.701670573870572,65,2.523076923076923,28.50050986193294,98,1.653061224489796,34.70450680272109,19,5.526315789473684,24.84939933166249,23,4.869565217391305,28.673397435897435,17,3.8823529411764706,35.08833333333333,6,10.333333333333334,25.005181216931216,9,6.777777777777778,28.731182336182336,4,5.25,35.052083333333336
28023,71,2.2816901408450705,24.19987659289068,60,2.7,28.231951984126983,98,1.653061224489796,34.70019897959184,19,5.105263157894737,24.381907268170426,23,4.739130434782608,28.389222567287785,15,3.8,34.9543,11,6.363636363636363,24.467309523809522,11,6.181818181818182,28.456632034632033,3,5.333333333333333,35.343444444444444
28025,87,1.8850574712643677,24.066369157088122,66,2.4696969696969697,28.3208468013468,95,1.694736842105263,34.77231403508772,15,5.266666666666667,24.283941111111112,22,4.954545454545454,28.52663131313131,15,3.933333333333333,35.21132222222222,4,11,24.438320833333332,9,7.555555555555555,28.673061728395062,4,5.5,35.367666666666665
28027,66,1.9696969696969697,24.960948683261183,49,2.63265306122449,28.772949465500485,80,1.6125,34.81029910714286,14,4.857142857142857,25.203400935374148,18,4.833333333333333,28.921917989417988,9,4.222222222222222,35.3743253968254,5,8,25.438189285714287,9,6.555555555555555,29.185873015873018,3,6.666666666666667,35.67297619047619
28029,73,2.232876712328767,24.128208414872798,66,2.515151515151515,28.066075757575756,101,1.603960396039604,34.469991041961336,21,4.476190476190476,24.330438775510203,23,4.6521739130434785,28.267434782608696,13,4.538461538461538,34.94031501831502,6,7.833333333333333,24.59084126984127,10,6.5,28.322433333333336,4,6.25,34.79998214285715
28031,83,1.9759036144578312,24.151751004016063,64,2.53125,28.125790550595237,100,1.61,34.687911904761904,18,5,24.37612962962963,22,4.681818181818182,28.312527056277055,14,4.214285714285714,35.04187074829932,9,6.777777777777778,24.438277777777778,10,6.1,28.38072619047619,3,6.666666666666667,35.022619047619045
28033,85,1.9058823529411764,24.312021148459383,67,2.417910447761194,28.360567697228145,96,1.6875,34.345637152777776,19,4.473684210526316,24.59614724310777,22,4.5,28.59786525974026,17,3.9411764705882355,34.56536274509804,7,6.142857142857143,24.72501870748299,8,6.875,28.964233630952382,3,7,34.81316666666667
28035,67,1.9402985074626866,24.54006645344705,53,2.4339622641509435,28.406199760407308,84,1.5357142857142858,35.09852579365079,14,4.571428571428571,24.77853231292517,19,4.157894736842105,28.546504594820384,11,3.8181818181818183,35.38192424242424,6,6.5,24.781992063492062,6,6,28.651708994708994,2,5.5,35.8335
28037,65,2.4923076923076923,24.441383682983684,62,2.6451612903225805,28.277358870967742,96,1.6979166666666667,34.59477430555555,18,5.722222222222222,24.673607744107745,28,4.071428571428571,28.42183035714286,15,3.933333333333333,34.99355555555555,9,8.222222222222221,24.70295622895623,7,5.857142857142857,28.47625,4,5.5,34.905833333333334
28039,66,1.9545454545454546,24.771468531468532,57,2.263157894736842,28.423511695906434,82,1.5731707317073171,34.92205487804878,13,4.923076923076923,24.968224852071007,16,4.4375,28.570010416666666,13,3.6153846153846154,35.220653846153844,5,7.4,25.117884615384614,6,5.833333333333333,28.76475,2,5,35.212999999999994
28041,65,2,24.64682735042735,57,2.263157894736842,28.423654970760232,83,1.5662650602409638,34.97137550200803,13,4.846153846153846,24.84952136752137,17,4.117647058823529,28.556666666666665,13,3.5384615384615383,35.27801282051282,7,6.285714285714286,24.857444444444443,6,5.333333333333333,28.794444444444444,2,6,35.417500000000004
28043,80,2.05,24.48435680916306,71,2.3380281690140845,28.464207243460763,98,1.6428571428571428,34.71043197278912,15,5.6,24.61656964886965,18,5.222222222222222,28.734373015873015,16,4.0625,35.04889583333333,6,9.166666666666666,24.758507455507456,7,8.285714285714286,28.91434013605442,5,5.8,35.3728
28045,76,2.1447368421052633,25.468298245614037,68,2.3823529411764706,28.49646323529412,97,1.6597938144329898,34.279810996563576,18,5.055555555555555,25.675592592592594,21,4.571428571428571,28.676404761904763,17,3.764705882352941,34.6356862745098,8,7,25.646854166666667,11,5.7272727272727275,28.74109090909091,3,5.333333333333333,34.79888888888889
28047,63,2.0793650793650795,25.77343650793651,56,2.3035714285714284,28.67043898809524,83,1.5662650602409638,34.35627710843374,15,4.8,25.9591,14,4.785714285714286,28.90782738095238,11,3.727272727272727,34.836,6,7,25.886777777777777,5,7,29.026083333333332,3,5,34.692
28049,82,1.9878048780487805,24.15592073170732,60,2.7,28.18329246031746,98,1.653061224489796,34.53024659863946,15,5.333333333333333,24.3527,23,4.695652173913044,28.349241200828157,16,4.125,34.93713541666666,6,8.333333333333334,24.602166666666665,10,6.3,28.455838095238096,4,5.75,34.92916666666667
28051,83,1.9397590361445782,24.296408969210173,68,2.3676470588235294,28.364824696545284,87,1.8505747126436782,34.584377668308704,16,5.0625,24.51512152777778,19,5.105263157894737,28.57305680868839,15,4.266666666666667,34.93572380952381,4,10.5,24.736944444444447,8,7.625,28.72038492063492,4,6.75,35.25354761904762
28053,66,2.4696969696969697,25.199304866850323,65,2.476923076923077,28.859757692307692,95,1.694736842105263,34.66157894736842,16,6.5,25.410882575757576,19,5.421052631578948,29.047065789473685,13,4.076923076923077,34.93769230769231,10,8.4,25.48232878787879,9,7.666666666666667,29.169453703703706,2,8,35.475833333333334
28055,57,2.8421052631578947,25.17533402951824,67,2.4328358208955225,28.78745041836273,95,1.694736842105263,34.81334678362573,17,6.882352941176471,25.314061157796452,19,5.157894736842105,29.014956738437,14,4.357142857142857,35.115924603174605,12,8.416666666666666,25.343808862433864,7,7.857142857142857,29.23107305194805,5,6,35.19775555555556
28057,79,2.050632911392405,23.951021948790522,68,2.411764705882353,28.125754551820727,101,1.603960396039604,34.31418151815181,15,5.4,24.079715596963425,19,5.157894736842105,28.379016290726817,16,4.0625,34.68295833333333,5,9.4,24.211313457556937,8,7.5,28.60151785714286,4,6.5,34.771
28059,77,2.116883116883117,25.672764235764237,69,2.3333333333333335,28.558909420289854,94,1.7127659574468086,34.123709219858156,17,5.0588235294117645,25.871932126696834,22,4.454545454545454,28.77930681818182,16,4,34.467729166666665,6,8.166666666666666,26.001029914529916,7,6.714285714285714,28.969964285714287,6,5.5,34.452555555555556
28061,74,2.189189189189189,24.04100157950158,67,2.417910447761194,28.077657782515992,96,1.6979166666666667,34.641173363095234,16,5.5625,24.258069805194804,24,4.5,28.288252976190478,13,4.384615384615385,34.9302032967033,9,7.333333333333333,24.32397594997595,9,6.111111111111111,28.434507936507938,5,5.6,34.728695238095234
28063,68,2.3970588235294117,24.632644353195825,65,2.5384615384615383,28.40025641025641,98,1.663265306122449,34.653255102040816,17,5.588235294117647,24.823224471606824,24,4.583333333333333,28.596944444444446,17,3.7058823529411766,35.102294117647055,6,10.166666666666666,24.964136002886004,9,6.333333333333333,28.632037037037037,3,5.666666666666667,35.044666666666664
28065,83,1.963855421686747,24.158828982597054,71,2.267605633802817,28.032825955734406,104,1.5480769230769231,34.59526053113553,20,4.5,24.386390277777778,21,4.476190476190476,28.253125850340137,12,4.666666666666667,34.890591269841266,7,6.428571428571429,24.44159126984127,9,5.888888888888889,28.366738095238095,5,6,34.83708571428571
28067,76,2.1447368421052633,24.257346334586465,64,2.5625,28.235739211309525,96,1.6875,34.81945746527778,17,5.176470588235294,24.47284243697479,24,4.458333333333333,28.437804563492065,14,4.571428571428571,35.16199404761905,9,7,24.545183862433863,10,5.9,28.501480952380952,5,6.4,35.05408333333333
28069,73,2.232876712328767,23.953349942295148,68,2.3676470588235294,28.086598039215687,90,1.788888888888889,34.58465013227513,20,4.75,24.06272728937729,25,4.36,28.280746666666666,15,4.733333333333333,34.920900793650794,8,7.125,24.23535989010989,9,5.888888888888889,28.523185185185184,7,6.142857142857143,35.071930272108844
28071,82,1.9634146341463414,24.420779810298104,68,2.3676470588235294,28.33955637254902,97,1.6597938144329898,34.31481443298969,19,4.315789473684211,24.66468128654971,18,5.166666666666667,28.641657407407408,12,4.916666666666667,34.596,6,6.166666666666667,24.80135185185185,8,7.375,28.834875,3,9.333333333333334,34.99038888888889
28073,65,2.0307692307692307,24.47519597069597,56,2.3214285714285716,28.2728537414966,81,1.617283950617284,34.92259465020576,15,4.666666666666667,24.688515873015874,19,4.105263157894737,28.424200501253132,12,4,35.159597222222224,7,6.428571428571429,24.665986394557823,5,5.8,28.638628571428573,3,5.666666666666667,35.37755555555555
28075,72,2.25,23.927865856365855,60,2.683333333333333,28.034006746031746,96,1.6770833333333333,34.55690476190476,18,5.111111111111111,24.061463425463426,23,4.695652173913044,28.235887163561078,13,4.615384615384615,34.8056043956044,8,7.375,24.23912604062604,12,5.833333333333333,28.30440873015873,5,6.2,35.0797380952381
28077,74,2.175675675675676,24.29204238029238,71,2.295774647887324,28.141458920187794,99,1.6262626262626263,34.60266341991342,20,4.7,24.488056807081808,22,4.318181818181818,28.377208333333332,13,4.230769230769231,34.91874450549451,6,7.666666666666667,24.52477269027269,10,5.6,28.481941666666668,3,6.666666666666667,35.06622619047619
28079,89,1.8314606741573034,23.985631086142323,60,2.716666666666667,28.05500648148148,93,1.7526881720430108,34.447294674859194,16,4.8125,24.223197916666667,23,4.913043478260869,28.1911038647343,16,4.3125,34.88583779761905,5,8.2,24.4944,9,7.444444444444445,28.32958024691358,6,6,35.052234126984125
28081,84,1.9404761904761905,23.87631390434962,71,2.295774647887324,28.188137938743573,94,1.7127659574468086,34.56262647754137,17,4.9411764705882355,24.021786350903998,16,5.625,28.509862103174605,18,4.111111111111111,34.75927160493827,4,10,24.234675324675322,9,7.444444444444445,28.612717813051148,6,5.666666666666667,35.15281481481482
28083,86,1.9069767441860466,24.80454557199906,69,2.3333333333333335,28.605225327812285,93,1.7311827956989247,34.49600870455709,14,5.571428571428571,25.061494227994228,20,5.05,28.80102738095238,15,4.066666666666666,34.798587301587304,5,9.6,25.191517171717173,8,7.75,28.931630952380953,5,5.8,35.094095238095235
28085,68,2.3970588235294117,24.125712535014006,62,2.6129032258064515,28.005275537634407,97,1.6804123711340206,34.384348183603336,21,4.9523809523809526,24.3087358276644,24,4.5,28.173211805555557,14,4.357142857142857,34.72512670068027,7,8.714285714285714,24.44251700680272,10,6.1,28.252625,4,6.25,34.716901785714285
28087,82,1.9878048780487805,24.134071138211382,61,2.6721311475409837,28.37406746031746,97,1.6597938144329898,34.76099140893471,14,5.428571428571429,24.394916666666667,21,5.333333333333333,28.587053099017385,13,4.384615384615385,35.136243589743586,4,11,24.54929166666667,10,7.8,28.674061507936507,7,5.428571428571429,35.22147619047619
28089,82,1.975609756097561,24.294943089430895,59,2.7288135593220337,28.282310330912026,99,1.6262626262626263,34.509644540644544,16,4.9375,24.501583333333333,21,5.0476190476190474,28.43030045351474,17,3.7058823529411766,34.98175350140056,6,7.833333333333333,24.80602777777778,10,6.8,28.54438095238095,2,6,35.02157142857143
28091,78,2.08974358974359,24.453530626780626,72,2.25,28.252882275132276,103,1.5631067961165048,34.74438465094776,22,4.318181818181818,24.647063131313132,21,4.428571428571429,28.43440589569161,12,4.416666666666667,35.117218253968254,7,6.571428571428571,24.706126984126985,10,5.8,28.51416904761905,4,6.5,35.05644642857143
28093,82,1.975609756097561,23.946599593495936,68,2.3970588235294117,28.084217787114845,101,1.613861386138614,34.290027227722774,19,4.368421052631579,24.16348245614035,21,4.571428571428571,28.33032426303855,14,4.142857142857143,34.58591071428572,6,6,24.332,8,6.875,28.685955357142856,4,6,34.906104166666665
28095,82,1.9878048780487805,24.00328025551684,61,2.6721311475409837,28.286801912568308,98,1.653061224489796,34.57966666666667,17,5.117647058823529,24.130234173669468,20,5.4,28.494745833333333,11,4.454545454545454,35.08430303030303,4,11,24.414328571428573,11,7.181818181818182,28.55741666666667,5,5.8,35.154466666666664
28097,81,1.9876543209876543,24.049510207899097,68,2.3970588235294117,28.0982412464986,96,1.6770833333333333,34.57221701388889,13,6.153846153846154,24.141178987678988,21,4.904761904761905,28.27835260770975,15,3.6666666666666665,34.92852222222222,6,9.166666666666666,24.178526695526696,7,8.142857142857142,28.46112925170068,3,5.333333333333333,35.406777777777776
28099,75,2.16,23.840572673992675,60,2.683333333333333,27.96541388888889,83,1.9397590361445782,34.464731927710844,17,5.117647058823529,23.96899709114415,23,4.913043478260869,28.138036231884058,19,4.315789473684211,34.82488157894737,8,7.375,24.10630631868132,10,6.8,28.222566666666665,7,5.714285714285714,35.08539285714286
28101,75,2.2,23.84696658008658,60,2.716666666666667,27.991284523809522,94,1.7234042553191489,34.46041046099291,18,5.277777777777778,24.032360750360752,26,4.423076923076923,28.164310439560438,13,4.615384615384615,34.87489102564103,9,7.333333333333333,24.180277056277056,10,6.1,28.31412380952381,6,6,34.95865277777778
28103,77,2.090909090909091,24.177203069657615,63,2.5555555555555554,28.32838139329806,91,1.7692307692307692,34.76834981684982,15,5.266666666666667,24.262975757575756,22,5.045454545454546,28.524001262626264,17,4.235294117647059,35.07528431372549,3,12.666666666666666,24.55321212121212,10,7.4,28.664136111111112,7,5.571428571428571,35.33747619047619
28105,90,1.8111111111111111,23.97756351851852,65,2.476923076923077,28.24145757020757,93,1.7526881720430108,34.70206118791603,11,6.181818181818182,24.13142878787879,21,5.142857142857143,28.408082955404385,15,4.466666666666667,35.07844603174603,5,9.8,24.25231,9,7.666666666666667,28.541730599647266,7,5.714285714285714,35.20012244897959
28107,82,1.9878048780487805,24.529321138211383,71,2.323943661971831,28.471729954892755,103,1.5922330097087378,34.450157766990294,14,5.357142857142857,24.71388095238095,19,5.105263157894737,28.743043515651873,12,4.5,34.86510416666667,7,7.571428571428571,24.851690476190477,9,7.222222222222222,28.926332607116922,5,6.4,35.17208333333333
28109,63,2.0634920634920637,24.974286295714865,54,2.4444444444444446,28.53364197530864,77,1.6753246753246753,35.03861904761905,16,4.625,25.199689789377288,18,4.444444444444445,28.690925925925924,14,3.7142857142857144,35.3327619047619,5,7.2,25.092007326007327,8,5.75,28.77166666666667,2,5.5,35.3485
28111,65,2,24.601633882783883,57,2.263157894736842,28.425799220272904,81,1.5925925925925926,35.00929012345679,13,4.846153846153846,24.769707875457875,16,4.25,28.561597222222222,11,3.909090909090909,35.28068181818182,5,7.4,24.961907142857143,5,6.2,28.69077777777778,2,6.5,35.46
28113,55,2.3454545454545452,24.389926898858718,56,2.3035714285714284,28.200300595238094,81,1.617283950617284,34.77199588477366,18,4.5,24.603665524290523,18,4.222222222222222,28.41399074074074,11,3.727272727272727,35.026969696969694,5,7.6,24.65369588744589,6,5.833333333333333,28.488916666666668,2,6,35.07333333333334
28115,82,1.9634146341463414,23.80857982261641,68,2.3970588235294117,28.111437908496733,96,1.6770833333333333,34.52658072916667,16,5.125,23.95897159090909,20,4.95,28.37838888888889,14,4.285714285714286,34.890839285714286,4,10.25,24.162136363636364,8,7.5,28.592847222222222,6,5.666666666666667,35.21640277777778
28117,89,1.8089887640449438,23.835833333333333,71,2.267605633802817,28.005647887323942,96,1.6875,34.25423263888889,18,4.277777777777778,24.02412037037037,17,5.0588235294117645,28.33564705882353,19,4.105263157894737,34.4529649122807,5,6.6,24.184166666666666,8,7.125,28.497416666666666,6,5.833333333333333,34.834944444444446
28119,83,1.9759036144578312,24.558238955823292,67,2.417910447761194,28.44438851958694,105,1.5333333333333334,34.47588968253968,16,5,24.801489583333332,21,4.809523809523809,28.63138241963452,11,4.181818181818182,35.08440151515151,7,7.428571428571429,25.053047619047618,8,7.375,28.96571218487395,3,7.333333333333333,35.37836111111111
28121,81,2,24.213672104644328,60,2.7,28.17600476190476,98,1.6428571428571428,34.46146209912536,17,4.823529411764706,24.385143557422968,23,4.739130434782608,28.350447204968944,15,4.333333333333333,34.875885714285715,6,7.833333333333333,24.68124007936508,11,6,28.448207792207793,4,6.25,34.823321428571425
28123,82,1.9634146341463414,24.00289012951818,62,2.596774193548387,28.044919738863285,93,1.7526881720430108,34.41833154121864,16,4.9375,24.231374413780664,23,4.565217391304348,28.23152277432712,16,4.1875,34.81936458333333,7,7.142857142857143,24.46040342197485,10,6,28.370919047619047,5,5.6,34.76846666666667
28125,66,2.4696969696969697,25.036632395382394,68,2.3676470588235294,28.711914327094473,94,1.7127659574468086,34.82797137791287,16,6.6875,25.206108630952382,19,5.2631578947368425,28.921588118022328,17,3.764705882352941,35.046135854341735,11,8.272727272727273,25.25085497835498,8,7.625,29.044917613636365,3,5.666666666666667,35.27838095238095
28127,83,1.9397590361445782,24.042097246127366,64,2.53125,28.022877976190475,98,1.653061224489796,34.55186783284743,16,5,24.279941964285715,24,4.708333333333333,28.221007936507938,10,5.3,35.00980476190476,7,7,24.31570068027211,10,6.2,28.271752380952382,7,6,34.91745918367347
28129,78,2.076923076923077,24.041355126355125,65,2.5384615384615383,28.05518644688645,97,1.6597938144329898,34.59201202749141,17,5.235294117647059,24.257982344452934,22,4.909090909090909,28.308732683982683,12,4.666666666666667,34.95001388888889,8,7.375,24.352170815295814,11,6.2727272727272725,28.330722943722943,5,6,34.8457
28131,67,1.9253731343283582,24.79993496801706,56,2.4107142857142856,28.428495039682538,82,1.5853658536585367,34.98705487804878,14,4.571428571428571,25.040045918367348,20,4.25,28.54128611111111,12,3.75,35.261125,5,7,24.98862857142857,6,5.833333333333333,28.772203703703703,3,5.333333333333333,35.20033333333333
28133,70,2.3,25.147854598972454,71,2.295774647887324,28.80261404373956,99,1.6262626262626263,34.605229603729605,15,6.2,25.38132146187146,18,5.277777777777778,29.02503317252827,13,4.230769230769231,34.88251775147929,7,9.428571428571429,25.482950751629325,7,8.285714285714286,29.202347205548886,2,9,35.29261538461539
28135,82,1.9878048780487805,24.620628266550522,65,2.4923076923076923,28.494366106442577,101,1.5940594059405941,34.510770373191164,15,5.333333333333333,24.87710119047619,21,5,28.669704615179405,9,5.333333333333333,34.94753418803419,6,8.166666666666666,25.195114087301587,8,8,28.934328781512605,4,8,35.061118589743586
28137,77,2.090909090909091,24.451327870542155,69,2.3333333333333335,28.39466223832528,103,1.5728155339805825,34.33908279395901,20,4.45,24.6051123015873,20,4.7,28.69308472222222,12,4.666666666666667,34.76671064814815,7,6.714285714285714,24.803773242630385,9,6.666666666666667,28.95926234567901,5,6.4,35.00793888888889
28139,83,1.963855421686747,23.63458768406961,71,2.267605633802817,27.901525430359936,100,1.61,34.248695,21,4.142857142857143,23.794084656084657,17,5,28.185782679738562,16,4,34.489031250000004,6,5.833333333333333,24.009018518518516,10,6.1,28.298997222222223,3,6,34.83733333333333
28141,75,2.1466666666666665,23.89648,66,2.4545454545454546,27.92458170995671,98,1.653061224489796,34.005460884353745,20,4.6,24.0523,20,4.85,28.206119642857143,17,4,34.39824509803922,6,7.333333333333333,24.17613888888889,11,6.181818181818182,28.35809632034632,5,6,34.541199999999996
28143,68,1.911764705882353,24.905927170868345,56,2.3035714285714284,28.66292304421769,85,1.5176470588235293,34.60442058823529,14,4.642857142857143,25.183431972789116,17,4.647058823529412,28.97139355742297,12,4,34.77339583333333,6,6.166666666666667,25.371896825396824,8,6.375,29.215565476190477,3,7,35.27025
28145,84,1.9285714285714286,23.80826785714286,69,2.3333333333333335,28.07362077294686,97,1.6597938144329898,34.46912457044674,20,4.15,23.982975,17,5.176470588235294,28.366754901960785,15,4.266666666666667,34.74433888888889,5,6,24.207733333333334,8,7.375,28.524458333333335,6,5.666666666666667,35.100569444444446
28147,60,2.1666666666666665,24.437673611111112,59,2.1864406779661016,28.193510895883776,86,1.5,34.75843161683278,20,4.1,24.606270833333333,18,4,28.352619047619047,9,4,35.09501322751323,4,6.75,24.658229166666665,5,5.8,28.523095238095237,2,6.5,35.04380952380953
28149,69,2.36231884057971,24.80174114331723,63,2.5555555555555554,28.651125128839414,99,1.6262626262626263,34.79480527497194,15,6.2,24.99934259259259,22,4.863636363636363,28.811858323494686,18,3.7777777777777777,35.08198456790124,9,8,25.007422839506173,10,6.6,28.938921645021644,2,7,35.05744444444444
28151,66,2.5,25.1920190377804,67,2.4328358208955225,28.848028073916133,100,1.66,34.82600128205128,17,6.352941176470588,25.424015087853324,19,5.473684210526316,29.03357268170426,14,4.357142857142857,35.10393772893773,10,8.4,25.486658982683984,11,7,29.116852813852812,4,7.25,35.42919871794872
28153,75,2.16,24.3737,63,2.6031746031746033,28.271805996472665,93,1.7311827956989247,34.80141577060932,22,4.363636363636363,24.535795454545454,26,4.269230769230769,28.449952991452992,20,3.55,35.02158333333333,10,5.7,24.6435,7,6.571428571428571,28.520063492063493,2,6,35.3275
28155,86,1.8837209302325582,23.886432558139536,69,2.347826086956522,28.061937543133194,91,1.7802197802197801,34.51497435897436,13,5.769230769230769,24.015246153846153,19,5.2631578947368425,28.256773182957392,17,3.8823529411764706,34.900745098039216,4,11,24.184966666666668,8,7.875,28.383482142857144,5,5.2,35.105199999999996
28157,54,2.4074074074074074,24.79087114197531,52,2.5384615384615383,28.476248168498167,76,1.6973684210526316,34.92738565162907,19,4.684210526315789,24.922475877192984,22,4.136363636363637,28.63499567099567,15,3.466666666666667,35.14342063492064,5,9,25.026575,6,6.166666666666667,28.679984126984127,1,7,35.01714285714286
28159,82,1.9634146341463414,23.771786819887428,67,2.417910447761194,27.87716180999763,85,1.9058823529411764,34.39746479925304,14,5.071428571428571,23.954751373626372,20,5.15,28.043242063492062,17,4.529411764705882,34.73614752567694,7,7,24.01735989010989,7,8.285714285714286,28.244739229024944,7,6.142857142857143,35.03802494331066
28161,77,2.116883116883117,24.485777191897494,66,2.4696969696969697,28.434347402597403,100,1.62,34.52248647435898,16,5.1875,24.634990236006683,19,5,28.63404887218045,13,4.769230769230769,34.85951134122288,5,9.2,24.84630208855472,7,8,28.928013605442178,4,8,35.151120192307694
28163,74,2.189189189189189,24.578704358770537,63,2.5873015873015874,28.52590046725761,98,1.6428571428571428,34.67789285714286,15,6.066666666666666,24.755274836601306,19,5.315789473684211,28.70903839143313,13,4,35.133346153846155,8,8.625,24.86332781862745,11,6.636363636363637,28.794323888232977,2,7,35.688
29001,77,2.103896103896104,22.97112121212121,72,2.236111111111111,26.868463624338624,107,1.5233644859813085,32.30478326657766,20,4.2,23.221316666666667,20,4.55,27.20121904761905,11,4.363636363636363,32.54107359307359,6,6.166666666666667,23.25786111111111,6,6.833333333333333,27.47795238095238,4,6.5,32.608785714285716
29003,80,2.0125,23.14961607142857,63,2.5555555555555554,27.086765873015874,106,1.528301886792453,32.36714465408805,17,4.823529411764706,23.19613445378151,22,4.818181818181818,27.261193181818182,15,3.533333333333333,32.60282222222222,5,7.6,23.258357142857143,9,7,27.288194444444443,3,5,32.48466666666667
29005,83,1.9397590361445782,22.95699096385542,67,2.4029850746268657,27.004339552238807,106,1.528301886792453,32.304410377358494,19,4.105263157894737,22.976065789473683,23,4.478260869565218,27.18655434782609,14,3.857142857142857,32.56803571428571,4,7,23.1819375,6,7.666666666666667,27.193458333333332,4,5.25,32.369166666666665
29007,83,1.9397590361445782,23.214557228915663,64,2.546875,27.238216889880952,104,1.5480769230769231,32.86698557692308,18,4.222222222222222,23.464624999999998,25,4.28,27.434435238095237,12,4.583333333333333,33.061375,4,6.75,23.672062500000003,9,5.888888888888889,27.69352380952381,3,7.333333333333333,33.46911111111111
29009,72,2.236111111111111,22.842676452020203,67,2.417910447761194,27.067626526458618,102,1.5784313725490196,33.186116013071896,21,4.571428571428571,22.993700216450215,21,4.714285714285714,27.181475108225108,12,3.9166666666666665,33.392402777777775,6,7.833333333333333,23.064200757575758,8,7,27.31939299242424,3,5.333333333333333,33.63211111111111
29011,81,1.9876543209876543,23.430900646678424,70,2.3285714285714287,27.50504829931973,105,1.542857142857143,33.61215260770975,20,4.35,23.57339761904762,22,4.636363636363637,27.66788095238095,14,3.7142857142857144,33.935787414965986,5,7,23.703257142857144,10,6.2,27.77967142857143,2,6,34.55842857142857
29013,70,1.8571428571428572,23.709690476190477,53,2.4716981132075473,27.717308625336926,88,1.4772727272727273,33.53910037878788,12,4.583333333333333,23.85402777777778,17,4.823529411764706,27.882785714285713,10,3.6,33.572583333333334,3,7.666666666666667,24.078333333333333,7,6.428571428571429,27.92236054421769,1,5,33.7
29015,61,2.1147540983606556,23.761153005464482,49,2.63265306122449,27.904822974644404,82,1.5853658536585367,33.77471341463415,14,4.857142857142857,23.962166666666665,14,6,28.15795183982684,10,3.6,34.12015,7,6,24.107190476190475,9,7.222222222222222,28.211165824915824,1,5,34.374
29017,85,1.8941176470588235,23.4272675070028,69,2.347826086956522,27.567647170462386,99,1.6262626262626263,33.68118013468013,16,4.5625,23.67610863095238,21,4.380952380952381,27.795364512471654,19,3.4210526315789473,33.87562280701754,7,6.142857142857143,23.710272108843537,5,7.4,27.932864285714285,2,5,34.068
29019,77,2.103896103896104,23.30966017316017,63,2.5555555555555554,27.557072734144164,103,1.5825242718446602,33.397906148867314,19,4.578947368421052,23.496780701754385,23,4.782608695652174,27.813938358742707,15,4.066666666666666,33.735955555555556,6,7,23.808833333333332,10,6.8,27.994308225108224,5,5.4,33.845866666666666
29021,80,2.0125,23.228863095238097,67,2.4029850746268657,27.16321090973703,109,1.4954128440366972,32.513697247706425,18,4.555555555555555,23.316891534391534,19,5.105263157894737,27.428164786967418,15,3.6666666666666665,32.7652,4,8,23.45392857142857,9,7,27.390570105820107,4,5,32.637
29023,84,1.9404761904761905,23.885776832955404,68,2.3676470588235294,27.912259453781513,104,1.5576923076923077,33.895099358974356,17,4.882352941176471,24.22236788048553,21,4.714285714285714,28.192316326530612,15,3.933333333333333,34.00568888888889,6,7.166666666666667,24.223653439153438,7,7.285714285714286,28.329210884353742,4,5.5,34.1155
29025,84,1.9404761904761905,23.17483446712018,70,2.3142857142857145,27.130060204081634,104,1.5480769230769231,32.581476877289376,17,4.823529411764706,23.391240896358543,19,5.105263157894737,27.439695488721803,14,3.9285714285714284,32.67097108843537,6,7.166666666666667,23.359349206349208,9,7,27.495560846560846,4,5.5,32.664857142857144
29027,82,1.9634146341463414,23.19933943089431,62,2.629032258064516,27.48404262672811,94,1.7127659574468086,33.40202127659575,18,4.222222222222222,23.42421296296296,24,4.75,27.67336011904762,18,4,33.65361111111111,7,5.714285714285714,23.716309523809525,10,6.7,27.89964761904762,5,5.6,34.047333333333334
29029,64,2.015625,23.68156138392857,56,2.3392857142857144,27.820060161564626,82,1.5731707317073171,33.90828455284553,11,5.363636363636363,23.941357142857143,12,6.333333333333333,28.07319742063492,10,3.8,34.40043333333333,7,6.428571428571429,24.034632653061223,8,7.625,28.122504464285715,2,5,34.223
29031,87,1.8505747126436782,23.685435960591132,72,2.25,27.75560251322751,98,1.653061224489796,33.707680272108846,15,4.466666666666667,23.951861904761905,20,4.6,27.957169047619047,20,3.4,34.06463333333333,6,6.333333333333333,24.011599206349207,6,7.333333333333333,28.152785714285713,2,5,33.602999999999994
29033,74,2.175675675675676,23.409502895752897,68,2.3676470588235294,27.39240870893812,99,1.6262626262626263,32.91097041847042,19,4.7894736842105265,23.660695488721803,22,4.681818181818182,27.64994510035419,14,4.071428571428571,32.93364795918367,6,7.166666666666667,23.827063492063495,9,6.666666666666667,27.835791726791726,4,6.25,32.82797619047619
29035,90,1.788888888888889,23.296524074074075,66,2.4393939393939394,27.62137012987013,98,1.6428571428571428,33.83281584062196,17,4.294117647058823,23.676892156862746,23,4.608695652173913,27.84523602484472,16,4,34.062559523809526,4,6.75,23.806166666666666,9,6.555555555555555,27.926992063492065,5,5.4,34.30885714285714
29037,77,2.090909090909091,23.342948361162648,59,2.7796610169491527,27.30612257563529,107,1.514018691588785,33.03666666666667,23,4.043478260869565,23.54160973084886,21,5.333333333333333,27.53720152202295,16,3.375,32.958333333333336,5,6.6,23.765238095238093,10,7.3,27.584123196248196,0,NA,NA
29039,83,1.9518072289156627,23.438930722891566,64,2.515625,27.694751860119048,96,1.6770833333333333,33.813025049603176,20,4.25,23.5683125,22,4.954545454545454,27.835414502164504,18,3.7222222222222223,34.02557804232804,7,6.142857142857143,23.66375,12,6.416666666666667,27.96305158730159,4,5.5,34.27364285714286
29041,71,2.267605633802817,23.421294600938968,70,2.3,27.41704752628324,96,1.6875,32.95177827380952,20,4.85,23.614095833333334,22,4.409090909090909,27.70446940181031,18,3.888888888888889,32.99753968253968,8,7.125,23.76784375,8,6.5,27.95614502164502,4,6.25,33.052261904761906
29043,63,2.0793650793650795,23.025044595616023,57,2.280701754385965,27.29857268170426,80,1.625,33.61821041666666,17,4.470588235294118,23.27781232492997,15,5.133333333333334,27.46957619047619,12,3.6666666666666665,33.75640277777778,7,6.285714285714286,23.43873469387755,7,7,27.596948979591836,2,5.5,34.32133333333333
29045,75,2.16,23.087266666666668,70,2.3,27.08100238095238,91,1.7802197802197801,32.460862042719185,22,4,23.36090909090909,20,4.55,27.457008333333334,15,4.533333333333333,32.77356305916306,7,5.571428571428571,23.4475,6,6.833333333333333,27.576833333333333,5,6.8,33.10135584415584
29047,74,2.189189189189189,23.42262709137709,61,2.639344262295082,27.35325052042675,105,1.5333333333333334,32.89436666666667,22,4.409090909090909,23.542018398268397,20,5.45,27.584164087301588,16,3.4375,32.96990625,9,5.888888888888889,23.581137566137567,10,7.3,27.62699484126984,1,5,33.226
29049,76,2.1447368421052633,23.21343671679198,68,2.3970588235294117,27.084273284313724,108,1.5,32.44440432098765,21,4.523809523809524,23.341961451247165,20,5.15,27.345779166666667,13,3.6153846153846154,32.669666666666664,6,7.333333333333333,23.32172619047619,9,7.222222222222222,27.382657407407407,2,5,32.727000000000004
29051,69,1.8985507246376812,23.538149758454107,47,2.74468085106383,27.845928318135766,81,1.6296296296296295,33.86157818930041,11,4.909090909090909,23.890666666666668,16,5.625,28.06960193452381,10,4.4,34.20578333333333,7,5.857142857142857,24.01604761904762,10,7.1,28.143779761904764,5,5.4,34.364733333333334
29053,75,2.1466666666666665,23.437643071895426,63,2.5555555555555554,27.55932065553494,96,1.6770833333333333,33.43394791666667,19,4.684210526315789,23.665959494324046,22,4.954545454545454,27.87191824085006,17,4,33.63170588235294,4,9,23.95559926470588,10,7,28.05047012987013,4,5.75,33.684333333333335
29055,78,1.6666666666666667,23.109461538461538,48,2.6875,27.394922280844156,74,1.7567567567567568,33.7025045045045,12,4.083333333333333,23.356916666666667,15,5.333333333333333,27.591417965367967,15,4,33.92335555555555,4,5,23.6245,7,7.714285714285714,27.81101468769326,4,5.5,33.958
29057,79,2.1012658227848102,23.263854430379748,69,2.3333333333333335,27.461468081435473,100,1.61,33.604438571428574,19,5,23.457078947368423,19,4.947368421052632,27.679015664160403,16,3.5625,33.89586607142857,9,7,23.497814814814816,10,6.5,27.760963095238097,2,6,34.489428571428576
29059,69,1.8840579710144927,23.14948188405797,57,2.280701754385965,27.31313575605681,79,1.6329113924050633,33.61668927064497,12,5.083333333333333,23.438270833333334,14,5.357142857142857,27.517409863945577,12,4.083333333333333,33.8790376984127,7,6.571428571428571,23.51370238095238,8,6.75,27.64671726190476,2,7.5,34.193392857142854
29061,80,2.0125,23.084197321428572,71,2.3098591549295775,27.039942823608317,105,1.5523809523809524,32.470251927437644,18,4.722222222222222,23.29504365079365,20,4.9,27.285047023809526,16,3.8125,32.571965773809524,8,6.625,23.24238988095238,7,7.428571428571429,27.46692006802721,4,5.5,32.56057142857143
29063,83,1.9879518072289157,23.06973752151463,65,2.4923076923076923,27.046887545787545,110,1.4636363636363636,32.38909696969697,18,4.777777777777778,23.25128968253968,22,4.863636363636363,27.223531385281387,14,3.5714285714285716,32.69147619047619,6,7.333333333333333,23.214285714285715,9,7,27.31020634920635,3,5,32.56466666666667
29065,90,1.8111111111111111,22.530832275132276,70,2.3285714285714287,26.78524696969697,95,1.7052631578947368,33.152663157894736,18,4.166666666666667,22.74221693121693,19,5.105263157894737,27.043015151515153,15,4.466666666666667,33.62586666666667,7,5.571428571428571,22.990938775510205,9,7.222222222222222,27.25960606060606,5,6.2,33.70426666666667
29067,76,2.1184210526315788,22.80861006683375,69,2.3333333333333335,27.111718599033818,96,1.6770833333333333,33.41431622023809,19,4.842105263157895,23.073387635756056,20,5.1,27.294179166666666,16,4.125,33.63527232142857,8,7,23.219191468253968,11,6.7272727272727275,27.50964393939394,5,5.8,33.93470476190476
29069,86,1.8837209302325582,24.127026301218162,69,2.347826086956522,27.981470324361627,104,1.5480769230769231,33.801558493589745,18,4.388888888888889,24.50523677248677,22,4.636363636363637,28.220066017316018,14,3.9285714285714284,33.89514880952381,5,6.6,24.642019047619048,11,6,28.29141991341991,3,6,34.29291666666667
29071,87,1.8505747126436782,23.301564039408866,63,2.6031746031746033,27.57444413522985,88,1.8522727272727273,33.65424179292929,18,3.888888888888889,23.3753373015873,21,4.809523809523809,27.814999072356215,18,4.222222222222222,33.94907098765432,4,6.25,23.673392857142858,9,6.888888888888889,28.02083116883117,5,6.2,34.281822222222225
29073,86,1.9069767441860466,23.13252519379845,60,2.7,27.424156818181817,91,1.7802197802197801,33.511479853479855,18,4.111111111111111,23.341509259259258,20,5.1,27.684720454545456,16,4.4375,33.85247916666667,6,5.666666666666667,23.67411111111111,7,8,27.984320346320345,7,5.571428571428571,34.008761904761904
29075,84,1.9166666666666667,22.955003117913833,68,2.3676470588235294,26.953515756302522,111,1.4594594594594594,32.35134234234234,16,4.875,23.152828869047617,19,4.947368421052632,27.191793233082706,15,3.466666666666667,32.5396,7,6.857142857142857,23.135989795918366,7,7.428571428571429,27.317367346938774,2,5,32.702
29077,60,2.183333333333333,22.99346746031746,59,2.23728813559322,27.28450443906376,81,1.5925925925925926,33.73036008230453,17,4.647058823529412,23.2257675070028,16,4.8125,27.44129761904762,12,3.5833333333333335,33.81868055555555,7,6.714285714285714,23.26555442176871,7,6.857142857142857,27.597727891156463,2,5.5,34.34833333333333
29079,83,1.9518072289156627,23.03258969210174,70,2.3,27.032573639455784,101,1.5940594059405941,32.46152003771806,18,4.277777777777778,23.358608024691357,19,4.684210526315789,27.298166040100252,15,4.266666666666667,32.54523492063492,7,5.857142857142857,23.356539682539683,7,6.857142857142857,27.540974489795918,5,6.4,32.44437142857143
29081,81,2.0123456790123457,22.82904938271605,72,2.236111111111111,26.81578065221815,103,1.5631067961165048,32.25260517799353,18,4.5,23.03377777777778,19,4.526315789473684,27.112958261037207,17,3.5294117647058822,32.33049019607843,7,6.428571428571429,23.114238095238097,5,7.6,27.205074725274724,3,5,32.56666666666666
29083,65,1.9846153846153847,23.932374725274727,49,2.63265306122449,27.903455296404275,88,1.4772727272727273,33.64423106060606,13,5,24.088412087912086,16,5.5,28.126831845238094,8,3.75,33.88341666666667,7,6.285714285714286,24.172408163265306,11,6.454545454545454,28.182588744588745,1,5,34.114
29085,77,2.103896103896104,23.440169140383425,64,2.546875,27.55159728422619,99,1.6262626262626263,33.6256632996633,14,5.571428571428571,23.64414455782313,20,5.3,27.78536130952381,17,3.7058823529411766,33.9076862745098,8,7.25,23.768502976190476,11,6.7272727272727275,27.96550541125541,3,5.666666666666667,34.044666666666664
29087,85,1.9294117647058824,23.028313725490197,65,2.4923076923076923,27.05318205128205,108,1.4907407407407407,32.3889274691358,16,4.875,23.106979166666665,24,4.5,27.22695138888889,13,3.923076923076923,32.50685897435898,4,8.75,23.202916666666667,8,7,27.196479166666666,4,5,32.2825
29089,69,2.347826086956522,23.445332125603866,63,2.5555555555555554,27.49193293479008,102,1.5784313725490196,33.1715697945845,23,4.478260869565218,23.647735507246377,25,4.48,27.717070995670994,15,4,33.4426746031746,5,8,23.918916666666664,9,6.666666666666667,27.992789802789805,3,6.333333333333333,33.16920634920635
29091,83,1.963855421686747,22.894029020845284,74,2.189189189189189,27.161729407979408,95,1.694736842105263,33.50295814536341,18,4.722222222222222,23.122467151675483,21,4.666666666666667,27.38823696145125,14,4.428571428571429,33.90114455782313,6,7.5,23.3668458994709,10,6.2,27.465880952380953,7,5.714285714285714,33.9876462585034
29093,88,1.8522727272727273,22.69138352272727,69,2.347826086956522,26.933939095928228,94,1.7234042553191489,33.12123606889564,15,4.466666666666667,22.912783333333334,19,4.842105263157895,27.23956829573935,14,4.571428571428571,33.36544217687075,5,6.6,23.019516666666668,7,7.571428571428571,27.31680442176871,5,6.6,33.308571428571426
29095,72,2.263888888888889,23.418530753968255,60,2.683333333333333,27.446893055555556,106,1.5188679245283019,33.111440251572326,23,4.304347826086956,23.5817049689441,20,5.5,27.686179166666665,14,3.5714285714285716,33.227333333333334,8,6.25,23.689172619047618,10,7.4,27.727525,1,5,33.406
29097,74,2.175675675675676,23.327590850590852,69,2.347826086956522,27.580491028295377,113,1.4424778761061947,33.707272861356934,19,4.7894736842105265,23.428774891774893,20,4.75,27.696444047619046,10,3.7,34.07118333333334,6,7.666666666666667,23.520426046176045,9,6.333333333333333,27.7731164021164,2,5.5,34.56966666666666
29099,82,1.975609756097561,23.514786585365854,66,2.4545454545454546,27.63407193690148,93,1.7311827956989247,33.679669482846904,19,4,23.523289473684212,18,5.111111111111111,27.88965265752766,17,4.0588235294117645,33.8731918767507,5,6.4,23.856333333333332,7,7.571428571428571,28.104106833642547,4,6.25,34.22252380952381
29101,75,2.1733333333333333,23.534899206349206,57,2.824561403508772,27.502980506822613,107,1.514018691588785,33.1621261682243,22,4.454545454545454,23.74829274891775,22,5.2727272727272725,27.73090404040404,16,3.5,33.32234375,6,7.166666666666667,24.006934523809523,10,7.5,27.83032222222222,0,NA,NA
29103,75,2.1466666666666665,23.059272380952383,73,2.2054794520547945,26.95878310502283,98,1.6428571428571428,32.28240864917395,20,4.3,23.31927142857143,20,4.3,27.316808333333334,15,4.2,32.50406984126984,7,5.857142857142857,23.351132653061224,8,5.5,27.495875,4,6.5,32.734428571428566
29105,84,1.9285714285714286,22.813521730914587,73,2.232876712328767,26.977590345727332,97,1.6804123711340206,33.33901386843397,15,5.133333333333334,23.007055026455028,19,4.947368421052632,27.237583959899748,15,4.2,33.526289682539684,7,7.571428571428571,23.171784580498866,9,6.777777777777778,27.46091798941799,5,6.2,33.89770238095238
29107,71,2.267605633802817,23.383732226693496,62,2.596774193548387,27.325977150537636,101,1.603960396039604,32.89287081565299,22,4.454545454545454,23.607954004329006,22,5.136363636363637,27.55366287878788,16,4,32.962809523809526,7,6.714285714285714,23.682855442176873,10,7.2,27.680975,4,6,32.81832142857143
29109,76,2.1184210526315788,22.812675595238094,66,2.4545454545454546,27.085166109143383,98,1.653061224489796,33.276233722060255,18,5.055555555555555,23.045463624338623,19,5,27.187682273866486,13,3.923076923076923,33.556992673992674,9,6.666666666666667,23.092871693121694,9,6.888888888888889,27.324551467051467,3,5.666666666666667,33.707523809523806
29111,87,1.8505747126436782,23.310766283524906,72,2.25,27.223556216931218,91,1.7692307692307692,32.56889132296275,18,4.055555555555555,23.642592592592592,23,4.130434782608695,27.52548033126294,15,4.666666666666667,32.75360735930736,5,5.4,23.703,6,5.666666666666667,27.76934126984127,5,6.8,33.01765541125541
29113,85,1.9058823529411764,23.636127450980393,68,2.3823529411764706,27.57667156862745,93,1.7419354838709677,33.217834101382486,17,3.9411764705882355,23.787696078431374,26,4.076923076923077,27.781294871794874,16,4.4375,33.48334821428571,6,5.333333333333333,24.119722222222222,6,6.333333333333333,28.012833333333333,6,6.166666666666667,33.558095238095234
29115,76,2.1184210526315788,23.215416666666666,71,2.267605633802817,27.16685647216633,101,1.613861386138614,32.6583958038661,20,4.55,23.454833333333333,21,4.619047619047619,27.446038548752835,16,4,32.67674851190476,8,6.25,23.477395833333333,7,7,27.757877551020407,5,6,32.685761904761904
29117,80,2.0125,23.25874037698413,68,2.3823529411764706,27.25470045518207,101,1.5940594059405941,32.70971687883074,19,4.368421052631579,23.509433166248957,20,4.95,27.527481547619047,13,4.3076923076923075,32.88087728937729,7,6.285714285714286,23.450961451247167,8,7,27.714745535714286,6,5.666666666666667,32.79565079365079
29119,71,2.295774647887324,23.198606533138225,70,2.3142857142857145,27.474732668521956,101,1.5940594059405941,33.50954974068836,16,5.4375,23.432878990800866,21,4.476190476190476,27.552918418882705,15,3.7333333333333334,33.71963492063492,7,8,23.44253293135436,7,7,27.670302875695732,2,7,33.691428571428574
29121,77,2.090909090909091,23.186958874458874,73,2.232876712328767,27.08374086757991,104,1.5480769230769231,32.55755036630037,21,4.238095238095238,23.39218253968254,22,4.318181818181818,27.38582196969697,15,4,32.665015873015875,5,6.4,23.53333333333333,8,5.75,27.69434375,4,6.25,32.804226190476186
29123,92,1.7717391304347827,23.024917701863355,70,2.3142857142857145,27.251541666666668,95,1.7052631578947368,33.49080100250627,15,4.2,23.28182857142857,21,4.333333333333333,27.467043650793652,16,4.375,33.61475595238095,5,6,23.302152380952382,5,7.2,27.591583333333332,5,6.6,33.764219047619044
29125,88,1.8409090909090908,23.032136634199134,60,2.716666666666667,27.323665295815296,90,1.788888888888889,33.54513844797178,16,4.4375,23.298001488095238,20,5.5,27.52999588744589,18,4.111111111111111,33.94263668430335,6,6.5,23.59036507936508,9,7.777777777777778,27.69063900913901,4,6.75,34.171031746031744
29127,87,1.8620689655172413,23.48021072796935,71,2.295774647887324,27.36479946344735,105,1.542857142857143,32.77052142857143,18,3.888888888888889,23.690185185185186,26,3.923076923076923,27.643106227106227,12,4.25,33.091229166666665,4,5.5,23.924166666666668,5,5.6,27.86115238095238,4,5.75,33.5461875
29129,86,1.872093023255814,22.788612403100775,74,2.175675675675676,26.740420218295217,95,1.7157894736842105,32.1376269005848,18,4.222222222222222,23.106425925925926,19,4.526315789473684,27.070320850202428,15,4.333333333333333,32.1743037037037,5,6.6,23.1523,6,7,27.235182692307692,3,8.333333333333334,32.18262962962963
29131,71,1.8450704225352113,23.530978873239437,56,2.3392857142857144,27.743241709183675,84,1.5476190476190477,33.84206084656085,9,5.555555555555555,23.952166666666667,14,5.785714285714286,27.97368112244898,9,4.111111111111111,34.148123456790124,7,6.142857142857143,23.995285714285714,8,7.375,28.10748363095238,2,7,34.53655555555555
29133,78,2.076923076923077,24.18170054945055,71,2.267605633802817,27.972990945674045,105,1.542857142857143,33.691700793650796,16,5.3125,24.40954017857143,21,4.476190476190476,28.218445578231293,11,4.090909090909091,34.296689393939396,6,8.166666666666666,24.530440476190478,7,6.857142857142857,28.40855102040816,4,5.75,34.3188125
29135,66,1.9696969696969697,23.439352157943066,51,2.5294117647058822,27.688191643323997,75,1.7466666666666666,33.74523333333333,13,4.769230769230769,23.685172494172495,16,5.3125,27.974235863095238,14,3.7857142857142856,33.88303571428571,7,6,23.876987012987012,9,6.666666666666667,28.01882671957672,2,5,34.33
29137,79,2.037974683544304,23.37528872814949,68,2.3676470588235294,27.312177521008405,105,1.5333333333333334,32.76727936507937,18,4.444444444444445,23.640989417989417,22,4.136363636363637,27.606275974025973,12,4.5,32.93077777777778,5,6.8,23.698561904761906,7,5.571428571428571,27.87865306122449,4,6.5,33.253166666666665
29139,92,1.75,23.246905797101448,64,2.53125,27.342044270833334,98,1.6428571428571428,33.075598639455784,15,3.933333333333333,23.571355555555556,23,4.434782608695652,27.559166666666666,15,4.266666666666667,33.35757777777778,4,5.5,23.898,8,6.375,27.707708333333333,4,6.5,33.716750000000005
29141,78,2.0641025641025643,23.37846164619694,59,2.7288135593220337,27.586808074693668,92,1.75,33.4958134057971,17,4.9411764705882355,23.61088284725655,20,5.45,27.77258382034632,18,4,33.74082407407408,6,7.666666666666667,23.905001400560224,10,7.5,28.01933430735931,3,7,34.16466666666667
29143,80,2.0125,24.168073958333334,69,2.36231884057971,27.985288819875777,104,1.5480769230769231,33.67396474358974,18,4.777777777777778,24.492550925925926,24,4.333333333333333,28.170830357142858,13,4,34.010179487179485,7,6.714285714285714,24.618583333333333,9,6.222222222222222,28.2920291005291,3,6,34.32216666666667
29145,74,2.189189189189189,23.116033169533168,73,2.219178082191781,27.361030658838878,108,1.5277777777777777,33.47032782186949,17,4.882352941176471,23.255085561497324,17,4.9411764705882355,27.493837535014006,13,3.6923076923076925,33.69580036630037,5,8.6,23.329457575757573,8,6.75,27.54565476190476,2,6,34.00228571428572
29147,86,1.8837209302325582,22.814905869324473,64,2.53125,26.84962425595238,107,1.5046728971962617,32.19745349354695,15,4.8,22.94679365079365,23,4.521739130434782,27.011128364389233,13,3.923076923076923,32.18904029304029,5,7.6,23.01088095238095,7,7.285714285714286,27.098826530612246,4,5.5,32.275214285714284
29149,82,1.975609756097561,23.29862403213318,69,2.347826086956522,27.63775724637681,93,1.7311827956989247,33.938861239119305,17,5.117647058823529,23.557480625583565,22,4.5,27.821829545454545,14,4.5,34.253149659863944,7,7.285714285714286,23.74126247165533,10,6,27.879275,8,5.5,34.35322023809524
29151,72,1.8055555555555556,23.36169675925926,52,2.519230769230769,27.67170054945055,77,1.6753246753246753,33.82758225108225,13,4.3076923076923075,23.662474358974357,16,5.4375,27.907401785714285,13,4.153846153846154,34.12298717948718,6,5.333333333333333,23.848,8,7.375,28.05605357142857,4,5.75,34.46825
29153,65,1.9846153846153847,23.66698315018315,60,2.183333333333333,27.82432996031746,84,1.5357142857142858,34.14732738095238,13,5,23.948761904761906,17,4.764705882352941,28.04175280112045,11,3.5454545454545454,34.39459090909091,5,7.6,24.144114285714284,8,6.375,28.21476636904762,2,5.5,34.62233333333333
29155,85,1.9058823529411764,24.405427170868347,70,2.3,28.13583180272109,108,1.5,33.76595987654321,18,4.611111111111111,24.720628306878307,23,4.3478260869565215,28.394922877846792,12,3.9166666666666665,34.05197222222222,7,6.285714285714286,24.786139455782312,10,5.8,28.480655952380953,3,5.333333333333333,34.35177777777778
29157,84,1.9166666666666667,23.470026077097504,68,2.3676470588235294,27.6461831232493,93,1.7311827956989247,33.84767741935484,14,4.714285714285714,23.669085034013605,20,4.7,27.83977261904762,15,4.333333333333333,33.85626666666666,5,7.2,23.708438095238094,7,7,27.91613605442177,4,6.75,33.86058333333333
29159,61,2.1147540983606556,23.627497267759562,53,2.452830188679245,27.710797476108798,84,1.5357142857142858,33.5777380952381,19,4.157894736842105,23.79143859649123,16,5.1875,27.97701663961039,11,3.3636363636363638,33.82681818181818,5,6.4,24.048133333333332,8,6.75,28.052887445887446,0,NA,NA
29161,75,1.7333333333333334,23.02914507936508,51,2.5294117647058822,27.261420634920636,73,1.7671232876712328,33.638764840182645,13,4.230769230769231,23.25968315018315,14,5.357142857142857,27.507318027210886,15,4.066666666666666,34.01498888888889,5,5.6,23.534009523809523,7,7.285714285714286,27.71951700680272,4,6.25,34.126416666666664
29163,87,1.8505747126436782,23.413551724137932,67,2.4029850746268657,27.317213219616203,93,1.7311827956989247,32.78088991295443,15,4.333333333333333,23.55826666666667,25,4.12,27.540531428571427,15,4.466666666666667,32.87218412698412,7,5.571428571428571,23.78985714285714,6,6.333333333333333,27.76915873015873,5,6.6,33.14955238095238
29165,73,2.219178082191781,23.396866275277233,65,2.4923076923076923,27.301324664224666,108,1.5,32.81840432098765,21,4.523809523809524,23.509820861678005,19,5.473684210526316,27.546110693400166,14,3.357142857142857,32.93269047619047,8,6.375,23.610154761904763,10,7.1,27.592776984126985,1,5,33.106
29167,78,2.0641025641025643,23.260289072039072,65,2.476923076923077,27.3931652014652,99,1.6363636363636365,33.530623496873496,16,5.125,23.439221726190475,22,4.909090909090909,27.52571536796537,19,3.6842105263157894,33.78588032581454,7,7.857142857142857,23.610125850340136,12,6.333333333333333,27.65950595238095,2,7.5,34.137946428571425
29169,77,1.6753246753246753,23.086103896103896,52,2.480769230769231,27.339557234432235,78,1.6538461538461537,33.75823397435897,10,4.9,23.4025,15,5.266666666666667,27.547798412698413,11,4.181818181818182,34.141113636363634,6,6.166666666666667,23.510277777777777,8,7,27.71378869047619,4,6,34.05847916666667
29171,84,1.9166666666666667,22.769148242630386,71,2.267605633802817,26.7248140509725,102,1.5784313725490196,32.12786111111111,17,4.117647058823529,23.16902661064426,20,4.45,27.017589880952382,13,4.384615384615385,32.330525641025645,6,5.833333333333333,23.226130952380952,6,7.166666666666667,27.255299603174603,4,7.25,32.33525
29173,87,1.8620689655172413,23.492850574712644,70,2.3142857142857145,27.374786394557823,106,1.528301886792453,32.74084355345912,15,4.2,23.807533333333335,24,4,27.635001984126983,12,4.166666666666667,33.059534722222224,5,5.4,23.8686,7,5.428571428571429,27.782149659863947,3,6,33.61841666666667
29175,73,2.2054794520547945,23.287062404870625,69,2.347826086956522,27.2521176673568,107,1.514018691588785,32.7951246105919,25,4.08,23.45382222222222,23,4.304347826086956,27.512222567287786,11,4.545454545454546,33.00530303030303,5,7.2,23.81077777777778,8,6.25,27.785660714285715,4,6.5,32.9675
29177,76,2.1447368421052633,23.34013471177945,65,2.5076923076923077,27.236436874236876,102,1.5980392156862746,32.723717320261436,20,4.6,23.520761904761905,21,5.285714285714286,27.481114134542707,15,3.6666666666666665,32.75727777777778,8,6.375,23.505029761904762,9,7.777777777777778,27.591858906525573,2,5,32.715
29179,87,1.8850574712643677,22.82473563218391,68,2.3676470588235294,27.173609010270773,99,1.6262626262626263,33.38249302549303,18,4.277777777777778,23.073722222222223,21,4.571428571428571,27.391924414210127,14,4.285714285714286,33.62905782312925,6,6.166666666666667,23.176861111111112,7,7.285714285714286,27.567439909297054,4,6,33.76378571428572
29181,92,1.8043478260869565,23.715374094202897,67,2.4029850746268657,27.939495498696992,102,1.5784313725490196,34.04441573295985,17,4.470588235294118,24.105553921568628,22,4.636363636363637,28.185054473304472,17,3.7058823529411766,34.22884733893557,5,7,24.23805,9,6.666666666666667,28.24448500881834,3,6,34.17930158730159
29183,84,1.9166666666666667,23.691473214285715,67,2.4477611940298507,27.728695806680882,92,1.75,33.61401086956522,17,4.117647058823529,23.799632352941178,24,4.416666666666667,27.972400793650795,17,4.294117647058823,33.854058823529414,5,6.4,24.037583333333334,10,6.2,28.12992857142857,6,5.833333333333333,34.12566666666667
29185,83,1.9879518072289157,23.635422834193918,62,2.596774193548387,27.78509792626728,100,1.61,33.73050833333333,17,4.647058823529412,23.724417366946778,20,5.25,27.98555357142857,15,3.933333333333333,34.03438888888889,5,7.6,23.89901904761905,13,6.461538461538462,28.107518315018314,4,5.25,34.21208333333333
29186,84,1.9404761904761905,23.437351048752834,67,2.417910447761194,27.569855188343993,88,1.8409090909090908,33.68260606060606,17,4.529411764705882,23.567793417366946,21,4.523809523809524,27.78215702947846,16,4.25,33.71058333333333,5,7.4,23.582664285714284,5,7.8,27.92589285714286,6,6,33.98266666666667
29187,87,1.8620689655172413,23.00222605363985,69,2.347826086956522,27.18484874626179,98,1.6428571428571428,33.398944727891156,19,3.9473684210526314,23.147298245614035,21,4.619047619047619,27.394503023431596,11,4.545454545454546,33.67105303030303,5,5.6,23.2154,6,7.5,27.60617724867725,5,6,33.82615
29189,81,1.9876543209876543,23.64529320987654,64,2.53125,27.669976968344155,93,1.7311827956989247,33.53130081925243,18,4,23.818541666666665,21,4.857142857142857,27.904691713048855,16,4.0625,33.79568601190476,5,6.2,24.09658333333333,10,6.8,28.00468593073593,4,6,34.26378571428572
29195,61,2.1147540983606556,23.56289656518345,54,2.388888888888889,27.551596841430175,88,1.4659090909090908,33.266905303030306,16,4.6875,23.825730654761905,18,4.777777777777778,27.82117941317941,11,3.4545454545454546,33.48615151515151,5,7.2,23.997171428571427,7,6.857142857142857,27.95803277674706,1,5,33.536
29197,73,2.219178082191781,22.907869863013698,70,2.3,26.799130533751963,105,1.5333333333333334,32.2350768707483,23,4.130434782608695,23.08345652173913,20,4.45,27.07770686813187,11,4.363636363636363,32.537097402597404,7,6,23.23730952380952,6,7,27.361384004884005,4,6.25,32.64972619047619
29199,77,2.103896103896104,22.928416202844776,69,2.3333333333333335,26.91261641981207,98,1.6428571428571428,32.323803759166005,21,4.142857142857143,23.209192743764174,20,4.65,27.20452664835165,13,4.538461538461538,32.60213603063603,7,5.857142857142857,23.319602040816328,7,6.714285714285714,27.427099947671376,4,7.25,32.88840043290043
29201,82,1.9634146341463414,23.969810394889663,75,2.16,27.84023365079365,106,1.5377358490566038,33.59495215633423,12,5.916666666666667,24.306621031746033,21,4.523809523809524,28.068691609977325,13,4,34.14345604395604,7,7.714285714285714,24.271350340136053,7,7.142857142857143,28.281908163265307,4,5.5,34.05435714285714
29203,92,1.8043478260869565,22.77688962215321,70,2.3285714285714287,27.152869897959185,91,1.7692307692307692,33.49264181057038,16,4.6875,23.07367782738095,21,4.571428571428571,27.410042517006804,14,4.785714285714286,33.8189574829932,7,6.571428571428571,23.2250731292517,8,6.75,27.550424107142856,8,6,33.8706755952381
29205,78,2.0641025641025643,23.235212606837607,72,2.25,27.164689814814814,103,1.5631067961165048,32.63446301433195,20,4.15,23.459579166666668,22,4.136363636363637,27.47239393939394,13,4.153846153846154,32.74843772893773,5,6.2,23.552983333333334,7,5.571428571428571,27.732285714285712,4,5.75,33.08221428571429
29207,80,2.0375,23.900137996031745,70,2.3142857142857145,27.824351020408162,104,1.5769230769230769,33.6215293040293,15,5.333333333333333,24.253402645502646,22,4.545454545454546,28.050207792207793,15,3.933333333333333,33.928936507936506,9,6.666666666666667,24.239374779541446,9,6.444444444444445,28.187174603174604,3,5.666666666666667,33.94857142857143
29209,72,2.25,23.15371590909091,64,2.53125,27.376293797348485,99,1.6262626262626263,33.523651515151514,20,4.95,23.38812727272727,21,4.9523809523809526,27.514657287157288,13,4.3076923076923075,33.76280769230769,7,7.857142857142857,23.42667316017316,10,6.8,27.70694696969697,4,6.75,33.839333333333336
29211,81,2.0123456790123457,22.8088120223398,67,2.4029850746268657,26.89878500355366,102,1.5784313725490196,32.358742063492066,18,4.444444444444445,23.172987433862435,20,4.65,27.14317976190476,15,4.2,32.45944603174603,8,5.75,23.18474255952381,7,7,27.45348979591837,4,7.25,32.516464285714285
29213,61,2.1639344262295084,23.57737878787879,54,2.388888888888889,27.82006172839506,82,1.5853658536585367,34.09841056910569,17,4.764705882352941,23.736476827094474,15,5.266666666666667,27.981222222222222,11,3.8181818181818183,34.129969696969695,5,8.2,23.976354545454544,8,6.875,28.131666666666668,3,5.666666666666667,34.326
29215,86,1.872093023255814,22.590834163898116,67,2.4029850746268657,26.821142857142856,94,1.7340425531914894,33.180652988855115,15,4.866666666666666,22.840115873015872,22,4.7727272727272725,26.995753246753246,12,5.083333333333333,33.56344841269841,7,6.571428571428571,23.01822448979592,9,6.777777777777778,27.317674603174602,7,6.285714285714286,33.59484013605442
29217,82,1.9634146341463414,23.55553818234611,66,2.4545454545454546,27.689366522366523,101,1.5940594059405941,33.74463861386138,20,4.25,23.694456547619048,22,4.7727272727272725,27.87491774891775,13,3.923076923076923,33.88757692307692,5,7,23.76299285714286,10,6.4,27.92840238095238,4,5,34.114000000000004
29219,87,1.8505747126436782,23.28865681444992,67,2.4029850746268657,27.356846126510305,97,1.6597938144329898,33.197092783505155,15,4.133333333333334,23.461542857142856,22,4.454545454545454,27.61357683982684,18,3.9444444444444446,33.40211111111111,5,5.8,23.764295238095237,8,6.625,27.85473214285714,4,6,34.08866666666667
29221,82,1.9634146341463414,22.936386178861788,64,2.578125,27.137566778273808,93,1.7526881720430108,33.31265681003584,23,3.739130434782609,22.987333333333332,21,4.9523809523809526,27.35353684807256,18,3.888888888888889,33.56261574074074,5,5.6,23.3754,7,8,27.607515306122448,3,6.666666666666667,33.73736111111111
29223,84,1.9404761904761905,23.4528734882842,70,2.3142857142857145,27.662921088435375,95,1.694736842105263,33.74132155388471,17,4.529411764705882,23.76478664799253,20,4.75,27.95547380952381,14,4.357142857142857,33.933610544217686,5,7.4,23.840274603174603,7,7.428571428571429,28.040520408163264,4,6.75,34.12430357142857
29225,80,2.025,22.594977976190478,68,2.3823529411764706,26.775148284313726,101,1.5940594059405941,33.00546440358322,18,4.833333333333333,22.852402116402118,20,5,26.987004166666665,14,4,33.20727891156463,7,7.571428571428571,22.99748639455782,10,6.8,27.181425,3,7,33.79535714285714
29227,80,2.0125,22.746118092105263,67,2.417910447761194,26.77020735607676,109,1.4770642201834863,32.09468501529052,15,5.133333333333334,22.967963157894737,19,4.894736842105263,26.979678571428572,13,3.769230769230769,32.10966666666667,6,7.833333333333333,22.98615789473684,6,8,26.970926587301587,3,6,32.27466666666667
29229,79,2.0759493670886076,22.567828812537673,72,2.25,26.79833134920635,97,1.6597938144329898,33.09192722140403,18,4.944444444444445,22.82130423280423,20,5.05,27.048492857142858,14,4.428571428571429,33.507638605442175,8,7,22.951684523809522,10,6.6,27.237485714285715,6,6.166666666666667,33.66532341269841
29510,81,1.9876543209876543,23.687155643738976,62,2.596774193548387,27.73049519969278,94,1.7234042553191489,33.605535714285715,21,3.9523809523809526,23.836171768707484,24,4.541666666666667,27.878779265873018,16,3.8125,33.84564732142857,5,6.2,24.13242142857143,10,6.5,28.022403571428573,3,5.666666666666667,34.55761904761905
30001,80,2.0125,12.117838541666666,55,2.9272727272727272,18.400048196248196,91,1.7912087912087913,25.95069597069597,19,4.421052631578948,12.459320175438597,20,5.5,18.74588253968254,15,4.133333333333334,26.396555555555555,7,6.285714285714286,12.882321428571428,12,7,18.934526455026454,6,5.5,26.27111111111111
30003,79,1.6329113924050633,16.581786919831224,73,1.7808219178082192,22.170850456621004,102,1.2745098039215685,29.573565359477126,12,4,16.979263888888887,12,4.5,22.39267361111111,6,3.3333333333333335,29.74811111111111,4,5,17.258,4,7,22.4784375,1,5,29.322
30005,89,1.8089887640449438,15.744744382022471,74,2.189189189189189,21.298764742014743,104,1.5480769230769231,28.282259615384614,14,4.642857142857143,16.27551785714286,20,4.65,21.541429545454545,14,3.5,28.424642857142857,4,7.75,16.9530625,4,9.25,22.046522727272727,2,5.5,28.795833333333334
30007,83,1.9518072289156627,15.058331325301205,65,2.4923076923076923,20.93012197802198,94,1.7340425531914894,27.957677600472813,18,4.611111111111111,15.435361111111112,23,4.782608695652174,21.214257763975155,11,5.181818181818182,28.433790404040405,6,6.5,15.96788888888889,9,7.111111111111111,21.52754761904762,7,6.142857142857143,28.517623015873017
30009,76,1.6973684210526316,13.690581140350877,65,1.9846153846153847,19.990346153846154,89,1.449438202247191,27.45384831460674,12,4.333333333333333,14.012430555555556,15,4.733333333333333,20.167166666666667,9,3.3333333333333335,27.671388888888888,5,5.6,14.235333333333333,7,6.428571428571429,20.247261904761903,0,NA,NA
30011,76,1.6973684210526316,17.86381798245614,69,1.8695652173913044,22.358388198757762,96,1.34375,28.60425,10,4,18.311516666666666,14,4.142857142857143,22.66705612244898,8,3.625,28.891625,3,5.666666666666667,18.45588888888889,5,6,22.97492380952381,1,5,28.778000000000002
30013,86,1.8837209302325582,14.735884828349946,68,2.3676470588235294,20.61548159361784,112,1.4375,28.19901413690476,17,4.588235294117647,14.99977030812325,19,5.052631578947368,20.860670966632266,9,3.7777777777777777,28.803287037037038,4,8.25,15.59464880952381,9,7,21.11447204066812,1,8,29.98375
30015,88,1.8409090909090908,15.978753787878787,71,2.2816901408450705,21.239720091792584,106,1.5188679245283019,27.846099056603773,16,4.5,16.131895833333335,19,5,21.575269816698608,13,3.923076923076923,28.397807692307694,3,9.666666666666666,16.781777777777776,7,7.571428571428571,21.793470454848606,2,6.5,28.963250000000002
30017,91,1.7802197802197801,18.566095238095237,83,1.9518072289156627,23.214467962760132,119,1.3529411764705883,29.64263305322129,16,4.25,18.903729166666665,15,4.8,23.547722727272728,10,3.3,29.798333333333332,7,5.714285714285714,19.31114285714286,4,8.5,23.662710227272726,1,5,29.42
30019,98,1.6428571428571428,16.76523979591837,87,1.8505747126436782,21.766100885704333,108,1.4907407407407407,28.133308641975308,15,3.933333333333333,17.567566666666668,15,4.666666666666667,22.152051803751803,12,3.8333333333333335,28.360611111111112,3,6.666666666666667,18.565333333333335,4,8,22.624569264069265,3,5.333333333333333,28.516333333333332
30021,96,1.6770833333333333,18.409347222222223,85,1.9176470588235295,23.17823172905526,120,1.3583333333333334,29.208826388888887,11,5.090909090909091,18.985666666666667,19,4.2631578947368425,23.386562998405104,8,4,29.636145833333334,8,5.625,19.244041666666668,5,7.4,23.91677272727273,3,5.333333333333333,29.59388888888889
30023,87,1.8620689655172413,9.741351381326881,62,2.596774193548387,17.113116447031558,104,1.5480769230769231,25.394446581196583,18,4.444444444444445,10.123476120857699,17,5.882352941176471,17.56195410093862,10,4.4,25.549244444444444,3,9.666666666666666,10.668912280701754,8,8.375,17.73415246449457,4,6,25.658944444444444
30025,90,1.8222222222222222,17.94602204585538,86,1.872093023255814,22.509596899224807,118,1.3644067796610169,28.404194915254237,16,4.4375,18.32074900793651,18,3.9444444444444446,22.77362962962963,9,3.6666666666666665,28.85,7,6,18.694569160997734,4,7,23.470916666666668,2,5,29.175
30027,78,1.6538461538461537,14.427722832722832,61,2.1147540983606556,20.348627504553733,89,1.4606741573033708,27.653291198501872,8,5.125,14.91717261904762,13,5,20.470482905982905,8,4.125,27.868489583333332,2,10.5,15.535357142857142,3,10.333333333333334,20.96014814814815,2,6.5,27.741875
30029,82,1.9634146341463414,14.182951219512196,66,2.4393939393939394,20.829962481962482,92,1.7608695652173914,27.94840489130435,20,3.85,14.482099999999999,23,4.565217391304348,21.123805383022773,16,4.1875,28.511765625,4,5.25,14.623833333333334,9,6.555555555555555,21.65009523809524,4,6,28.758937500000002
30031,93,1.7419354838709677,12.33173220686124,61,2.639344262295082,19.409740026295246,101,1.5940594059405941,27.045161641164118,18,3.888888888888889,12.680338624338624,18,5.666666666666667,19.63995231133389,13,4.461538461538462,27.189717365967365,5,5.8,12.838885714285714,9,7.777777777777778,19.721108326371485,3,8.333333333333334,27.509330808080808
30033,94,1.7127659574468086,17.839533849129595,83,1.9518072289156627,22.358758032128513,118,1.3644067796610169,28.2852001614205,14,4.428571428571429,18.47294155844156,16,4.8125,22.72793229166667,11,3.6363636363636362,28.40896536796537,5,6.6,18.711569696969697,5,8,22.97955,2,6,28.460142857142856
30035,79,2.037974683544304,12.177123568414707,69,2.3333333333333335,18.378208994708995,110,1.4636363636363636,25.444030303030303,18,4.611111111111111,12.655708994708995,18,5.222222222222222,18.896467813051146,11,3.8181818181818183,26.171212121212122,8,6.125,12.744824404761903,10,6.5,19.077892063492065,2,6,26.168333333333333
30037,93,1.7311827956989247,14.943384536610344,75,2.16,20.719603703703704,111,1.4504504504504505,27.958275525525526,14,4.285714285714286,15.32248299319728,17,5.235294117647059,20.86266339869281,12,4,28.18154861111111,6,5.666666666666667,15.809404761904762,7,8,20.944087301587302,4,5.75,28.409437500000003
30039,87,1.8505747126436782,10.968818007662835,65,2.476923076923077,18.26531813186813,98,1.6428571428571428,26.309621315192743,17,4.0588235294117645,11.399245098039216,22,4.7272727272727275,18.653212662337662,13,4,26.776760683760685,5,6,11.8256,8,7,18.912063988095237,2,7,26.926444444444446
30041,90,1.8,15.70514537037037,78,2.0641025641025643,21.119992838358222,123,1.3089430894308942,27.962139566395663,15,4.8,15.948538888888889,18,4.722222222222222,21.486080077330076,10,3.4,28.501316666666668,7,6.428571428571429,16.29436904761905,5,7.8,21.721721611721613,1,5,28.494
30043,80,2.0125,12.619165773809524,67,2.4029850746268657,19.09839048803601,101,1.603960396039604,26.610662266226623,17,4.705882352941177,13.039897759103642,23,4.608695652173913,19.402920117322292,12,4.166666666666667,27.258074074074074,6,6.666666666666667,13.324988095238094,8,7,19.799437003968254,3,6.333333333333333,27.69674074074074
30045,90,1.8,13.393874074074073,74,2.175675675675676,19.70363495217907,113,1.4336283185840708,26.990597345132745,12,5.083333333333333,13.842805555555556,18,4.833333333333333,19.892999247847285,9,4.111111111111111,27.20138888888889,3,9.666666666666666,14.085111111111111,4,9.5,20.255371615312793,1,8,27.8975
30047,85,1.8941176470588235,14.749335714285714,63,2.5555555555555554,20.887592214663645,93,1.7311827956989247,27.93643049155146,19,4.368421052631579,15.084396616541353,24,4.625,21.196179563492063,17,4.176470588235294,28.509002100840338,7,5.857142857142857,15.061219387755102,9,6.777777777777778,21.462126984126982,4,6.25,28.46013392857143
30049,80,2.0125,14.173481101190475,66,2.4393939393939394,20.32821043771044,102,1.588235294117647,27.610797385620916,20,4.35,14.608174404761904,22,4.636363636363637,20.692131313131313,13,4.153846153846154,28.290871794871794,7,6,14.762045918367347,8,6.875,21.05117361111111,4,6,28.527833333333334
30051,86,1.8837209302325582,15.259543466223699,78,2.0641025641025643,20.365503784321092,112,1.4464285714285714,26.714734693877553,14,4.714285714285714,15.756124149659865,17,5.176470588235294,20.793487951590894,12,4,27.250857142857143,5,6.8,16.119980952380953,7,7.428571428571429,21.15216121576836,3,6.666666666666667,27.09342857142857
30053,74,2.2027027027027026,14.156078346203346,58,2.7758620689655173,20.71213526272578,88,1.8295454545454546,27.527724837662337,24,4.208333333333333,14.48769990079365,26,4.538461538461538,21.021878663003662,22,3.8636363636363638,28.12339935064935,6,6.833333333333333,14.64232738095238,11,6.454545454545454,21.405728354978354,6,5.5,28.024547619047617
30055,95,1.694736842105263,17.958708771929825,89,1.8314606741573034,22.684913723916534,108,1.4907407407407407,28.639317901234566,13,4.538461538461538,18.467871794871794,17,4.294117647058823,22.961313025210085,14,3.642857142857143,28.832595238095237,5,6.4,18.899133333333335,3,8.666666666666666,23.451607142857142,4,5.25,29.136583333333334
30057,83,1.9759036144578312,11.545089644291451,59,2.7288135593220337,18.211372734610023,84,1.9166666666666667,25.565474206349204,19,4.2105263157894735,11.97907581453634,18,6,18.622832852332852,13,5,25.956141025641024,6,6.333333333333333,12.1959623015873,14,6.785714285714286,18.711142238713666,7,6.285714285714286,26.06747619047619
30059,88,1.8295454545454546,11.79776893939394,60,2.7,18.12123087231969,93,1.7419354838709677,24.95071105596912,17,4.529411764705882,12.108450980392156,19,5.473684210526316,18.337308017851647,14,4.928571428571429,25.64543772893773,3,10,12.710111111111111,8,8.125,18.586835709064328,5,7.8,25.552892307692307
30061,79,2.0632911392405062,12.986777074542898,66,2.4393939393939394,19.87199422799423,105,1.542857142857143,27.67286439909297,22,4.181818181818182,13.42865404040404,25,4.48,20.296264761904762,13,4.076923076923077,28.281212454212454,5,6.6,13.538744444444443,9,6.555555555555555,20.681939153439153,3,6.666666666666667,28.26330952380952
30063,78,2.0641025641025643,13.889417735042736,70,2.3142857142857145,20.26724200680272,94,1.7127659574468086,27.965395685579196,16,4.75,14.108098958333333,19,5.105263157894737,20.75062844611529,16,4.1875,28.469824652777778,6,6.833333333333333,14.436458333333334,8,7.125,21.085450892857143,4,7,28.506798611111112
30065,92,1.75,16.09168335921325,70,2.3142857142857145,21.40678585858586,109,1.4770642201834863,28.217371996505022,14,4.214285714285714,16.434276360544217,18,5.166666666666667,21.531389450056118,10,4.2,28.32735476190476,5,6,16.931807142857142,7,8.142857142857142,21.626430014430014,3,6.666666666666667,28.366738095238095
30067,91,1.7692307692307692,11.21814010989011,61,2.639344262295082,18.359320763025682,103,1.5825242718446602,25.8877837494221,17,4.117647058823529,11.570926470588235,20,5.35,18.62417832722833,15,3.8,26.05511507936508,5,6,11.580316666666667,13,6.3076923076923075,18.678607682915374,3,6.666666666666667,26.499464285714286
30069,87,1.8505747126436782,16.510155025051578,75,2.16,21.82975183006536,117,1.376068376068376,28.786471306471306,13,5.153846153846154,17.019883629191323,19,4.578947368421052,22.014283539731682,10,3.7,29.444214285714285,8,6.375,17.055644230769232,4,9,22.46201348039216,2,6.5,29.236071428571428
30071,84,1.9285714285714286,16.800709776334777,77,2.090909090909091,21.99284632034632,110,1.4727272727272727,28.472410606060606,17,4.764705882352941,17.3476247771836,15,5,22.38427777777778,12,3.75,28.982930555555555,4,9.25,18.016780303030302,5,8.2,22.7075,2,5.5,29.803
30073,89,1.8314606741573034,13.521554307116105,72,2.25,19.42136111111111,117,1.3846153846153846,26.717532763532763,20,4.15,13.966166666666666,18,5.388888888888889,19.822111111111113,12,3.75,27.236361111111112,5,6.4,14.412166666666666,8,7.875,20.119333333333334,2,6.5,27.524
30075,90,1.788888888888889,17.909151851851853,90,1.788888888888889,22.460269576719575,120,1.3416666666666666,28.889847222222222,16,4,18.198979166666668,16,4.375,22.806203869047618,7,3.4285714285714284,29.24095238095238,4,6.5,18.482583333333334,5,6.4,22.913685714285712,0,NA,NA
30077,83,1.9397590361445782,11.628911981258367,65,2.5538461538461537,18.47507557997558,99,1.6262626262626263,26.362858585858586,18,4.666666666666667,11.943871913580248,22,5.045454545454546,18.859996031746032,13,4.076923076923077,26.52907692307692,4,9,12.275340277777778,9,7.444444444444445,19.13924955908289,4,6,26.67866666666667
30079,97,1.6701030927835052,18.469077892325316,85,1.9176470588235295,23.166385586962058,121,1.3305785123966942,29.342206611570248,13,4.615384615384615,18.95773504273504,15,4.733333333333333,23.467184992784993,8,3.875,29.840875,7,5.714285714285714,19.385079365079367,5,7.8,23.86488831168831,2,5.5,30.125999999999998
30081,77,2.116883116883117,13.137203102453102,65,2.476923076923077,20.184503052503054,89,1.8089887640449438,27.983916532905297,21,4.285714285714286,13.563316137566138,20,5.05,20.644884920634922,18,4.166666666666667,28.568809523809524,5,7.4,13.703594444444445,9,6.888888888888889,20.905299823633158,5,6.6,28.71904761904762
30083,101,1.603960396039604,18.39519471947195,84,1.9285714285714286,23.17617162698413,121,1.3388429752066116,29.274224517906337,15,3.933333333333333,19.04597777777778,19,4.157894736842105,23.509390350877194,9,3.5555555555555554,29.664574074074075,5,5,19.8416,6,6,23.868902777777777,1,5,30.352
30085,98,1.653061224489796,17.993397959183675,86,1.8837209302325582,22.910873414376322,109,1.4770642201834863,29.121613149847096,16,4.1875,18.646125,19,4.157894736842105,23.126058612440193,12,3.6666666666666665,29.23090277777778,5,6,19.0796,3,8.666666666666666,23.797537878787878,3,5,29.46666666666667
30087,79,1.6455696202531647,17.652662447257384,68,1.8970588235294117,22.596714572192514,102,1.2647058823529411,29.380669934640522,12,4.25,18.075444444444443,12,4.333333333333333,22.914299242424242,4,3.25,29.56458333333333,7,5.142857142857143,18.348380952380953,3,7.333333333333333,23.20858585858586,0,NA,NA
30089,74,2.189189189189189,13.693563384813384,66,2.4696969696969697,20.225232323232323,93,1.7419354838709677,27.540967741935482,24,4.291666666666667,14.078278769841269,26,4.538461538461538,20.561551282051283,16,4,28.128125,7,6.142857142857143,13.975408163265305,9,6.666666666666667,20.988648148148147,3,7,28.335
30091,95,1.694736842105263,17.44314761904762,83,1.9397590361445782,22.392505306942052,108,1.4907407407407407,28.523242945326277,15,4.4,17.936934920634922,19,4.157894736842105,22.738312656641604,11,3.8181818181818183,28.72638528138528,6,5.833333333333333,18.47247619047619,5,6.2,23.439088095238095,3,5.666666666666667,28.84952380952381
30093,80,2.025,10.776307291666667,61,2.639344262295082,17.544511774655216,100,1.61,25.302662878787878,20,4.2,11.200479166666668,20,5.2,17.895010912698414,11,4.454545454545454,25.420117079889806,5,6.6,11.59975,10,7,18.137688492063493,3,7,25.778484848484847
30095,79,1.6329113924050633,14.025700421940929,60,2.1666666666666665,20.403637037037036,97,1.3402061855670102,27.876194158075602,12,3.9166666666666665,14.232944444444444,15,4.866666666666666,20.438548148148147,8,4,28.113854166666666,3,5.333333333333333,14.942333333333334,7,6.571428571428571,20.609150793650794,2,7,28.602083333333333
30097,90,1.4333333333333333,13.863425925925926,64,2.03125,20.3551484375,93,1.3870967741935485,28.239982974910394,10,3.9,14.366833333333334,12,5.083333333333333,20.497041666666668,5,4.6,28.539683333333333,2,5.5,14.16,6,6.666666666666667,20.69311111111111,2,6.5,28.589624999999998
30099,81,2,13.65364318566933,71,2.267605633802817,19.55378834115806,108,1.4907407407407407,26.96803755144033,17,4.764705882352941,14.228829296424452,16,6,20.05274826388889,13,3.923076923076923,27.396773504273504,5,8.4,14.29185294117647,9,8.11111111111111,20.264793209876544,1,9,28.01888888888889
30101,87,1.8505747126436782,14.120411466885605,76,2.1184210526315788,19.877311769005846,112,1.4464285714285714,26.998498724489796,18,4.277777777777778,14.603655423280424,18,5,20.351427469135803,11,3.727272727272727,27.673805194805194,6,6.166666666666667,14.851660714285714,9,6.666666666666667,20.568595679012347,2,6,27.948428571428572
30103,93,1.7311827956989247,17.860586021505377,85,1.8941176470588235,22.741959536541888,114,1.412280701754386,29.39798976608187,13,4.6923076923076925,18.163807692307692,18,4.055555555555555,23.0950867003367,9,3.6666666666666665,29.839537037037037,6,6.5,18.368388888888887,4,7,23.41768181818182,1,5,30.27
30105,90,1.8,18.023391414141415,85,1.8941176470588235,22.52345588235294,107,1.5046728971962617,28.346674454828662,16,4.3125,18.442514204545454,16,4.375,22.935234375,13,3.8461538461538463,28.898397435897436,3,9.333333333333334,19.2920202020202,3,9,23.739305555555557,3,5.666666666666667,28.888333333333335
30107,104,1.5769230769230769,12.807067765567766,71,2.267605633802817,19.326327073552424,108,1.4907407407407407,26.683946502057612,11,4.7272727272727275,13.489095238095238,18,4.944444444444445,19.48967901234568,11,4.363636363636363,27.138747474747476,5,5.8,13.64867619047619,6,8,19.740703703703705,4,6,27.324055555555557
30109,94,1.7446808510638299,18.203052938196556,84,1.9166666666666667,22.798550170068026,119,1.3781512605042017,28.69066386554622,14,4.357142857142857,18.701569727891155,19,4.052631578947368,23.044642857142858,9,3.6666666666666665,29.23488888888889,7,5.428571428571429,19.11825850340136,4,7,23.79017857142857,2,5,30.007
30111,78,1.6666666666666667,16.382269230769232,66,1.9545454545454546,21.90952777777778,104,1.2403846153846154,29.438253205128206,10,4.2,16.7032,13,4.769230769230769,21.996833333333335,7,3,29.50761904761905,3,5.666666666666667,17.584,5,7,22.2506,0,NA,NA
31001,98,1.6428571428571428,21.63603717201166,78,2.0641025641025643,25.763969474969475,121,1.3388429752066116,31.42612258953168,15,4,21.803109523809525,16,4.75,25.89060119047619,7,3.4285714285714284,31.26154761904762,4,5.75,21.697285714285712,6,7.333333333333333,25.840492063492064,0,NA,NA
31003,83,1.9518072289156627,21.49210441767068,80,2.025,25.645220238095238,114,1.412280701754386,31.043494152046783,19,4.2105263157894735,21.631298245614037,20,4.05,25.81588095238095,10,3.6,30.989833333333333,9,5.444444444444445,21.56385185185185,6,5.833333333333333,26.091825396825396,2,6,31.144166666666667
31005,99,1.6565656565656566,18.93637373737374,86,1.872093023255814,23.228366555924694,124,1.3064516129032258,29.355872311827955,19,3.3684210526315788,19.15057894736842,18,4.055555555555555,23.486362433862432,9,3.3333333333333335,29.26035185185185,2,5,19.108,5,5.6,23.47357142857143,1,5,28.994
31007,84,1.5357142857142858,17.616507936507936,81,1.5925925925925926,21.853701646090535,104,1.2596153846153846,28.719270833333333,13,3.6923076923076925,17.717435897435898,10,3.7,22.050483333333332,3,3.6666666666666665,28.948055555555555,1,5,18.18,2,5.5,22.482833333333332,0,NA,NA
31009,80,1.6125,20.396041666666665,70,1.8714285714285714,24.694586394557824,97,1.3298969072164948,30.66245704467354,10,4.2,20.587333333333333,15,3.8666666666666667,24.90773650793651,5,3.2,30.686666666666667,5,5.2,20.665,4,5.75,25.003178571428574,0,NA,NA
31011,90,1.8,21.55019259259259,79,2.037974683544304,25.675982519590114,115,1.4,31.072521739130433,17,3.9411764705882355,21.756607843137253,17,4.470588235294118,25.900742296918768,8,3.5,31.018124999999998,4,5.75,21.761000000000003,8,5.625,26.037827380952383,1,6,31.2
31013,88,1.4886363636363635,18.406594696969698,73,1.7945205479452055,22.600206784083497,112,1.1607142857142858,29.185096726190476,10,3.5,18.57753333333333,14,3.857142857142857,22.762506802721088,5,3.2,29.524166666666666,1,5,18.872,3,5.666666666666667,22.98447619047619,0,NA,NA
31015,94,1.7127659574468086,21.55685460992908,82,1.9634146341463414,25.804601335656216,120,1.3416666666666666,31.274722222222223,16,3.875,21.924020833333334,20,4.1,26.075365476190477,8,3.375,31.715833333333336,5,5.2,22.170533333333335,5,6,26.40229523809524,0,NA,NA
31017,74,1.7432432432432432,20.601578828828828,71,1.8309859154929577,24.876605633802818,103,1.2621359223300972,30.80721359223301,15,3.7333333333333334,20.831788888888887,16,3.5625,25.1161875,3,4,31.122666666666667,3,5.333333333333333,21.003666666666668,3,5,25.381333333333334,1,5,30.448
31019,91,1.7692307692307692,21.205177655677655,79,2.037974683544304,25.454174804098855,123,1.3252032520325203,31.218718157181574,17,4.117647058823529,21.361539215686275,14,5.071428571428571,25.51320068027211,9,3.4444444444444446,30.99525925925926,6,5.5,21.18338888888889,6,7.333333333333333,25.54274603174603,1,5,30.594
31021,85,1.9411764705882353,22.336064052287583,78,2.076923076923077,26.388782763532763,110,1.4636363636363636,31.80179696969697,15,4.8,22.53402962962963,19,4.473684210526316,26.661581871345028,12,3.6666666666666665,32.00772222222222,8,5.875,22.612972222222222,7,6.571428571428571,26.788460317460316,3,5.333333333333333,31.688666666666666
31023,99,1.6363636363636365,22.13850505050505,81,1.9876543209876543,26.210046149323926,115,1.4,31.550695652173914,11,4.454545454545454,22.375636363636364,17,4.411764705882353,26.414925770308123,10,3.3,31.6405,3,6.333333333333333,22.469555555555555,6,6.333333333333333,26.446039682539684,1,6,31.741666666666667
31025,90,1.788888888888889,22.665063888888888,73,2.2054794520547945,26.772617906066536,119,1.361344537815126,32.169495798319325,16,4.1875,22.901609375,20,4.8,26.919305357142857,12,3.1666666666666665,32.10958333333333,4,6.5,22.9870625,7,7.428571428571429,26.994086734693877,0,NA,NA
31027,86,1.9069767441860466,21.924809800664452,76,2.1315789473684212,25.98497149122807,116,1.4224137931034482,31.23540948275862,16,4.5625,22.226165178571428,19,4.368421052631579,26.25409649122807,10,3.6,31.27725,7,6.285714285714286,22.294925170068026,6,6.666666666666667,26.404222222222224,2,5.5,31.731666666666666
31029,99,1.6363636363636365,19.757202982202983,84,1.9285714285714286,24.011695512820513,132,1.2196969696969697,30.394276515151514,15,3.8,19.94620634920635,18,4.333333333333333,24.18457905982906,4,3.75,30.402375,2,6,20.095714285714287,5,6.6,24.258984615384616,1,5,30.352
31031,86,1.5232558139534884,19.98917441860465,74,1.7702702702702702,24.270682432432434,95,1.3578947368421053,30.142749122807018,11,3.4545454545454546,20.24809090909091,16,3.625,24.56596875,8,3.375,29.993270833333334,2,5,20.547,3,5,24.922666666666668,1,5,30.622
31033,86,1.5,18.27179457364341,73,1.7808219178082192,22.462146879756467,114,1.1403508771929824,29.22377192982456,8,3.375,18.541166666666665,13,3.8461538461538463,22.556286324786324,1,3,28.78,1,5,18.816,2,7,22.573777777777778,0,NA,NA
31035,102,1.5980392156862746,21.878901960784315,78,2.08974358974359,25.974610805860806,122,1.319672131147541,31.599897540983605,14,4.071428571428571,22.100214285714287,17,4.705882352941177,26.088508403361345,8,3.25,31.4984375,3,6.333333333333333,22.022666666666666,6,7.166666666666667,26.0609126984127,0,NA,NA
31037,90,1.788888888888889,22.23408827160494,81,2,26.24528071722516,116,1.396551724137931,31.525244252873563,14,4.142857142857143,22.344496031746033,17,4.647058823529412,26.512219887955183,14,3.2857142857142856,31.61845238095238,3,6.333333333333333,22.596814814814817,7,6.571428571428571,26.521700680272108,1,6,31.926666666666666
31039,92,1.7717391304347827,22.16401268115942,81,1.9876543209876543,26.21607671957672,113,1.424778761061947,31.580098820058996,13,4.615384615384615,22.451089743589744,18,4.388888888888889,26.515400793650794,13,3.4615384615384617,31.700089743589743,6,6,22.477222222222224,7,6.142857142857143,26.625673469387756,2,5.5,31.609333333333332
31041,84,1.5357142857142858,20.609748015873016,75,1.7333333333333334,24.91366984126984,105,1.2285714285714286,30.801380952380953,8,4.25,20.820479166666665,11,4,25.181385281385282,7,3,30.638571428571428,4,5.25,20.754916666666666,3,6,25.144523809523808,0,NA,NA
31043,80,2.0125,22.270242162698413,73,2.232876712328767,26.36541737334203,115,1.4,31.756869565217393,15,4.866666666666666,22.538291534391533,21,4.428571428571429,26.592641345427058,11,3.8181818181818183,32.05818181818182,8,6.25,22.64731746031746,8,6.375,26.712871031746033,3,5,31.976666666666667
31045,87,1.4827586206896552,18.805065134099618,69,1.8840579710144927,23.129201173222913,104,1.25,29.814254807692308,8,4.125,19.025083333333335,15,4.066666666666666,23.33765873015873,5,3.6,29.8015,2,5.5,19.373666666666665,4,5.5,23.40642857142857,0,NA,NA
31047,93,1.3870967741935485,20.789139784946236,76,1.7105263157894737,25.12240379795643,109,1.18348623853211,31.053738532110092,7,3.7142857142857144,21.047857142857143,7,5.428571428571429,25.353955520669807,5,3.2,31.0305,1,6,21.141666666666666,3,8.333333333333334,25.235340659340658,0,NA,NA
31049,82,1.5731707317073171,19.2035162601626,80,1.625,23.323279166666666,119,1.1008403361344539,29.865728291316525,11,3.3636363636363638,19.430757575757575,12,3.5833333333333335,23.48686111111111,1,3,29.306666666666665,0,NA,NA,2,5.5,23.670333333333332,0,NA,NA
31051,82,1.9634146341463414,22.038369337979095,77,2.090909090909091,26.105155844155846,117,1.376068376068376,31.443018518518517,18,4.5,22.285071428571428,21,4.190476190476191,26.327,10,3.6,31.651316666666666,8,6.25,22.37432738095238,7,6.142857142857143,26.52195238095238,2,5,31.982
31053,86,1.872093023255814,22.47365503875969,78,2.0641025641025643,26.539090455840455,110,1.4727272727272727,31.901075757575757,16,4.5,22.652145833333332,16,4.75,26.863378472222223,14,3.5714285714285716,32.00416666666667,8,5.75,22.681583333333332,7,6.571428571428571,26.877126984126985,2,5.5,31.9075
31055,90,1.8111111111111111,22.586648148148146,76,2.1315789473684212,26.778357299498747,118,1.3644067796610169,32.23712570621469,15,4.533333333333333,22.876555555555555,18,4.944444444444445,26.978064153439153,12,3.1666666666666665,32.43465277777778,6,6.333333333333333,22.898194444444446,8,7,27.109081845238094,0,NA,NA
31057,98,1.663265306122449,19.891477891156462,82,1.9634146341463414,24.213640087554722,128,1.2734375,30.6191015625,16,3.9375,19.988427083333335,19,4.2631578947368425,24.309920377867748,5,3.6,31.048,3,5.666666666666667,20.114666666666665,5,6.8,24.23103076923077,0,NA,NA
31059,98,1.6428571428571428,22.106576206673147,77,2.090909090909091,26.173465367965367,123,1.3089430894308942,31.854234417344173,13,4.153846153846154,22.35726678876679,17,4.529411764705882,26.327166666666667,10,3.2,31.656583333333334,3,7,22.317322751322752,5,7.4,26.2862,0,NA,NA
31061,106,1.5566037735849056,21.489622641509435,86,1.8837209302325582,25.68394379844961,125,1.296,31.477730666666666,13,3.4615384615384617,21.721923076923076,14,4.928571428571429,25.829583333333332,7,3.5714285714285716,31.38304761904762,1,5,21.94,5,8,25.795833333333334,1,5,30.828
31063,91,1.4175824175824177,20.564880952380953,73,1.7671232876712328,24.937167318982386,113,1.1415929203539823,31.128930678466077,8,3.75,20.801770833333332,6,5.833333333333333,25.216369047619047,4,3.25,31.361041666666665,1,6,21.145,3,8.333333333333334,25.03468253968254,0,NA,NA
31065,92,1.423913043478261,21.147472826086958,71,1.8169014084507042,25.50835915492958,107,1.205607476635514,31.508566978193148,8,3.5,21.4153125,10,4.9,25.56685,3,3,31.822222222222223,0,NA,NA,3,8.666666666666666,25.572555555555557,0,NA,NA
31067,91,1.7692307692307692,22.601154456654456,74,2.2162162162162162,26.567850225225225,121,1.3305785123966942,31.971473829201102,17,4.117647058823529,22.719415032679738,23,4.304347826086956,26.693083333333334,8,3.375,32.197916666666664,5,6,22.76851111111111,5,8,26.68968333333333,0,NA,NA
31069,85,1.5176470588235293,19.276421568627452,75,1.7333333333333334,23.41218111111111,117,1.1025641025641026,29.794401709401708,11,3.272727272727273,19.557348484848486,13,3.923076923076923,23.510660256410254,0,NA,NA,0,NA,NA,3,6,23.60175,0,NA,NA
31071,80,1.6125,20.99336041666667,74,1.7432432432432432,25.26126287001287,100,1.29,31.080646666666667,12,3.75,21.12073611111111,13,3.923076923076923,25.610265567765566,5,3.4,31.190933333333334,3,5,21.186,3,6.333333333333333,25.396428571428572,1,5,31.268
31073,91,1.4175824175824177,20.815009157509156,77,1.6753246753246753,25.15266233766234,108,1.1944444444444444,31.19758487654321,7,3.857142857142857,21.040833333333335,7,5.285714285714286,25.38642857142857,4,3.25,31.293541666666666,1,6,21.115,3,8.333333333333334,25.24833333333333,0,NA,NA
31075,99,1.6464646464646464,18.75871224146224,81,1.9876543209876543,22.93734126984127,125,1.304,28.89834,14,4,18.955893707482993,18,4.111111111111111,23.176369047619048,9,3.2222222222222223,28.857499999999998,3,6.666666666666667,18.706392857142855,5,5.4,23.34942857142857,0,NA,NA
31077,89,1.8202247191011236,21.31056086142322,81,1.9876543209876543,25.50351675485009,117,1.4102564102564104,30.983475783475782,15,4.4,21.516994444444446,15,4.6,25.743323809523808,11,3.4545454545454546,31.00151515151515,6,6.166666666666667,21.404569444444444,7,5.857142857142857,25.801884353741496,1,6,31.025
31079,101,1.603960396039604,21.62061386138614,76,2.1578947368421053,25.833594611528824,119,1.3697478991596639,31.496060224089636,13,4.230769230769231,21.86476923076923,18,4.5,25.85878835978836,10,3.4,31.220616666666665,5,5.2,21.686066666666665,7,6.428571428571429,25.95617006802721,1,5,31.252
31081,101,1.603960396039604,21.7716897689769,76,2.1315789473684212,25.939326127819548,118,1.3728813559322033,31.51911723163842,11,4.363636363636363,22.075060606060607,19,4.315789473684211,25.98598872180451,12,3.25,31.340069444444445,3,6.333333333333333,21.782444444444444,6,6.5,26.05104761904762,0,NA,NA
31083,104,1.5480769230769231,21.504391025641027,81,2.0246913580246915,25.65097119341564,123,1.3170731707317074,31.42338617886179,12,3.6666666666666665,21.794722222222223,15,5.2,25.711577777777777,6,3.5,31.498583333333332,1,6,21.401666666666667,5,8.8,25.741066666666665,1,5,30.654
31085,104,1.5576923076923077,20.124527243589743,77,2.116883116883117,24.407168603326497,133,1.2330827067669172,30.693389724310777,14,3.7857142857142856,20.272916666666667,16,4.75,24.488561403508772,5,3.6,30.844166666666666,2,5.5,20.645,6,7.333333333333333,24.620052631578947,0,NA,NA
31087,111,1.4504504504504505,20.392147147147146,78,2.08974358974359,24.720864147548358,132,1.2348484848484849,31.05992424242424,10,4,20.59733333333333,20,4.15,24.8443701754386,7,3.4285714285714284,31.05857142857143,3,5.333333333333333,20.69388888888889,3,9.666666666666666,24.880245614035086,0,NA,NA
31089,93,1.7311827956989247,21.191244623655916,79,2.037974683544304,25.44374743821579,114,1.4210526315789473,30.7966418128655,16,4.1875,21.451921875,18,4.277777777777778,25.63616931216931,11,3.3636363636363638,30.933833333333332,7,5.714285714285714,21.41725,5,6,25.88387619047619,1,5,31.108
31091,83,1.5542168674698795,19.496481927710843,72,1.8333333333333333,23.742090277777777,102,1.2745098039215685,29.72063725490196,12,3.6666666666666665,19.767333333333333,17,3.6470588235294117,24.012382352941177,5,3.6,29.977,2,5,19.719,3,5.333333333333333,24.18433333333333,1,5,29.38
31093,98,1.6428571428571428,21.55241156462585,77,2.090909090909091,25.776865491651208,120,1.3583333333333334,31.366576388888888,16,4.0625,21.814458333333334,17,4.588235294117647,25.86403781512605,11,3.4545454545454546,31.34401515151515,5,5.6,21.713933333333333,6,6.666666666666667,25.910746031746033,1,6,31.276666666666667
31095,97,1.6804123711340206,22.48493642611684,74,2.175675675675676,26.46152027027027,120,1.35,32.02099305555556,12,4.583333333333333,22.693236111111112,19,4.7894736842105265,26.57828947368421,11,3.272727272727273,31.99219696969697,6,6,22.73813888888889,8,6.625,26.53625,0,NA,NA
31097,92,1.75,22.735876811594203,72,2.263888888888889,26.757957175925927,113,1.4424778761061947,32.15174188790561,16,4.0625,22.969416666666667,26,4.115384615384615,26.894535256410258,11,3.6363636363636362,32.29834848484848,3,7,23.0105,4,8.5,26.980520833333333,1,5,32.316
31099,95,1.7052631578947368,21.274416290726816,78,2.076923076923077,25.494006715506714,125,1.288,31.270013333333335,16,4.125,21.411846726190475,16,4.75,25.529532738095238,7,3.4285714285714284,31.045952380952382,4,6.25,21.35092857142857,6,7.333333333333333,25.546809523809525,1,5,30.55
31101,81,1.5925925925925926,19.855802469135803,65,1.9846153846153847,24.016466666666666,105,1.2285714285714286,30.21536507936508,12,3.5,20.160416666666666,15,4.133333333333334,24.132355555555556,5,3,29.856666666666666,0,NA,NA,4,6.25,24.168,0,NA,NA
31103,95,1.694736842105263,20.7766649122807,84,1.9285714285714286,25.088041666666665,121,1.3388429752066116,30.914724517906336,17,3.764705882352941,21.030480392156864,20,3.85,25.380775,7,3.4285714285714284,31.089523809523808,3,5.333333333333333,20.972444444444445,4,5.25,25.64075,1,5,30.93
31105,88,1.4659090909090908,17.344214015151515,74,1.7432432432432432,21.545855855855855,107,1.205607476635514,28.481783489096575,9,3.888888888888889,17.560648148148147,12,3.8333333333333335,21.620694444444446,4,3.25,28.278958333333332,1,6,17.756666666666668,3,5.333333333333333,21.975,0,NA,NA
31107,83,1.9397590361445782,21.80293402180149,74,2.175675675675676,25.910770806520805,119,1.3529411764705883,31.108288515406162,18,4.555555555555555,22.05741798941799,19,4.526315789473684,26.086949456975773,11,3.5454545454545454,31.16330303030303,8,6.25,22.117940476190476,7,6.428571428571429,26.21707709750567,2,5.5,31.441499999999998
31109,95,1.694736842105263,22.59023596491228,78,2.0641025641025643,26.66707951770452,124,1.2983870967741935,32.123118279569894,14,4.214285714285714,22.796244047619048,16,4.875,26.902012648809524,5,3.6,32.227333333333334,3,7,22.898583333333335,5,8,26.876773809523808,1,6,32.63
31111,92,1.4021739130434783,20.211358695652173,68,1.8970588235294117,24.504105392156863,109,1.18348623853211,30.696085626911316,9,3.111111111111111,20.601666666666667,12,4.666666666666667,24.715763888888887,5,3,31.244666666666667,0,NA,NA,4,7.75,24.746666666666666,0,NA,NA
31113,90,1.4444444444444444,20.044798148148146,72,1.7916666666666667,24.318164021164023,105,1.2285714285714286,30.290825396825397,7,3.857142857142857,20.48311904761905,12,4.083333333333333,24.598150793650795,6,3,30.637777777777778,2,5,19.923000000000002,4,6,24.56861904761905,0,NA,NA
31115,79,1.6455696202531647,20.808757383966245,72,1.7916666666666667,25.10634093915344,99,1.303030303030303,30.983252525252524,12,3.75,20.988902777777778,13,3.769230769230769,25.384349816849817,5,3.4,30.9264,3,5,21.035333333333334,2,6.5,25.29869047619048,1,5,30.672
31117,88,1.4772727272727273,19.57904356060606,72,1.8055555555555556,23.829444444444444,108,1.2037037037037037,29.796172839506173,10,3.6,19.848583333333334,16,3.75,24.0925,5,3,30.665333333333333,0,NA,NA,4,5.25,24.159166666666668,0,NA,NA
31119,92,1.75,21.838533212560385,80,2.0125,25.93562232142857,113,1.424778761061947,31.28987610619469,12,4.5,22.179587962962962,20,4.25,26.172489285714285,11,3.6363636363636362,31.21509090909091,5,6,22.111177777777776,6,6.5,26.29315873015873,2,5.5,31.287166666666668
31121,97,1.6701030927835052,21.83456701030928,77,2.090909090909091,25.988129973201403,114,1.412280701754386,31.51093567251462,14,4.214285714285714,22.033785714285713,16,4.5625,26.124125496031745,13,3.230769230769231,31.370512820512822,4,5.75,21.861583333333336,7,6.142857142857143,26.171215419501134,1,6,31.473333333333333
31123,88,1.4659090909090908,18.64314393939394,70,1.8571428571428572,22.909867346938775,109,1.18348623853211,29.64073394495413,12,3.3333333333333335,18.939305555555556,12,4.083333333333333,23.09172619047619,2,3,29.534999999999997,1,5,19.12,4,5.5,23.191428571428574,0,NA,NA
31125,96,1.6875,21.859508680555557,80,2.0125,25.9679625,113,1.424778761061947,31.351917404129793,15,4,22.057188888888888,17,4.352941176470588,26.167176470588235,12,3.5,31.356805555555557,4,5.75,21.947166666666668,7,5.714285714285714,26.257428571428573,1,6,31.475
31127,86,1.8837209302325582,22.92951937984496,70,2.3,26.963610544217687,108,1.5,32.32719290123457,19,4,23.027561403508773,23,4.478260869565218,27.16751035196687,13,3.6923076923076925,32.590141025641024,3,7,23.228166666666667,5,8.4,27.159380952380953,2,5.5,32.699666666666666
31129,93,1.7311827956989247,22.058525089605734,82,1.975609756097561,26.078538617886178,124,1.3064516129032258,31.628861559139786,20,3.65,22.135891666666666,17,4.588235294117647,26.20471568627451,6,3.6666666666666665,31.61563888888889,3,5.333333333333333,22.13233333333333,5,7.4,26.100533333333335,1,5,31.188
31131,89,1.8202247191011236,22.73810393258427,72,2.236111111111111,26.82163673941799,116,1.396551724137931,32.183103448275865,20,3.85,22.895812499999998,21,4.666666666666667,26.95394501133787,11,3.272727272727273,32.16,3,7,23.117916666666666,6,7.833333333333333,26.99977976190476,1,5,32.26
31133,87,1.8505747126436782,22.76463752052545,71,2.3380281690140845,26.71715995975855,106,1.5188679245283019,31.993827044025156,17,4.294117647058823,22.865497899159664,23,4.521739130434782,26.889493788819877,12,3.75,32.26713888888889,4,7,22.846491071428574,7,7.285714285714286,26.834051020408165,3,5.333333333333333,32.01244444444444
31135,99,1.6363636363636365,19.602376863876863,80,2.0125,23.822511309523808,134,1.2014925373134329,30.205161691542287,15,4,19.764020634920634,19,4.368421052631579,23.988994987468672,4,3.25,30.042916666666667,5,5.6,19.657228571428572,5,7,24.048847619047617,0,NA,NA
31137,102,1.588235294117647,21.01311741363212,81,2,25.26470267489712,123,1.3089430894308942,31.041539295392955,13,3.8461538461538463,21.21253663003663,16,4.8125,25.331619791666668,7,3.2857142857142856,31.07561904761905,2,6.5,21.032738095238095,6,7.333333333333333,25.355708333333332,1,5,30.376
31139,87,1.8735632183908046,21.71605300127714,76,2.1184210526315788,25.814203842940685,118,1.3644067796610169,31.09098163841808,18,4.222222222222222,21.960645061728396,22,4.045454545454546,25.991113275613277,9,3.7777777777777777,31.151203703703704,6,6,21.989296296296295,6,6.333333333333333,26.244359788359787,2,6,31.317500000000003
31141,92,1.75,22.20074456521739,83,1.963855421686747,26.197712086441,114,1.412280701754386,31.480847953216376,14,4.142857142857143,22.315964285714287,17,4.411764705882353,26.489417833800186,12,3.25,31.56388888888889,3,6.333333333333333,22.433111111111113,6,6.333333333333333,26.522378306878306,1,6,31.826666666666668
31143,97,1.6804123711340206,21.991006872852235,82,1.975609756097561,26.069562717770033,118,1.3728813559322033,31.491101694915255,12,4.5,22.19938888888889,16,4.4375,26.29900892857143,10,3.3,31.4115,3,6.666666666666667,22.10366666666667,5,6.6,26.274161904761904,1,6,31.711666666666666
31145,108,1.4907407407407407,20.686965534979425,81,2,24.992960905349793,135,1.1925925925925926,31.15201234567901,11,4.181818181818182,20.872479797979796,18,4.055555555555555,25.150824074074073,4,3.5,31.370416666666667,3,6.333333333333333,20.759925925925927,3,8.333333333333334,25.12688888888889,0,NA,NA
31147,83,1.9397590361445782,23.029097389558235,71,2.267605633802817,27.015895036887994,103,1.5631067961165048,32.347686084142396,17,4.411764705882353,23.0805931372549,21,4.571428571428571,27.28183560090703,15,3.7333333333333334,32.495777777777775,3,8.333333333333334,23.178916666666666,6,7.666666666666667,27.164480158730157,3,5.333333333333333,32.29277777777778
31149,95,1.7052631578947368,20.705849122807017,84,1.9166666666666667,25.03548015873016,114,1.4210526315789473,30.722459064327484,18,3.8333333333333335,21.03809259259259,21,3.8095238095238093,25.282396825396827,7,3.5714285714285716,31.002190476190474,3,5.333333333333333,21.16133333333333,3,5.666666666666667,25.590666666666667,1,5,30.672
31151,96,1.71875,22.338078703703705,81,2.037037037037037,26.37324661963551,123,1.3089430894308942,31.953963414634146,16,4,22.58628472222222,20,4.2,26.515898809523808,6,3.5,31.917083333333334,3,6.666666666666667,22.51796296296296,5,7.4,26.58209523809524,0,NA,NA
31153,90,1.8,22.68099814814815,76,2.1184210526315788,26.828065319548873,120,1.3583333333333334,32.23396527777778,15,4.4,22.96632222222222,17,5.0588235294117645,27.016350840336134,12,3.0833333333333335,32.429652777777775,5,6.4,23.023966666666666,7,7.428571428571429,27.185066326530613,0,NA,NA
31155,93,1.7311827956989247,22.52682735961768,79,2.037974683544304,26.57562201125176,118,1.3728813559322033,31.896299435028247,15,4.2,22.77332962962963,17,4.764705882352941,26.818184640522876,12,3.1666666666666665,32.07402777777778,4,6.25,22.843944444444446,7,6.857142857142857,26.84963888888889,0,NA,NA
31157,91,1.4175824175824177,18.185769230769232,74,1.7837837837837838,22.50949066924067,107,1.205607476635514,29.466705607476637,9,3.6666666666666665,18.485,11,4.090909090909091,22.71611904761905,3,4,29.75583333333333,1,5,18.79,3,5.666666666666667,22.924380952380954,0,NA,NA
31159,93,1.7419354838709677,22.245457586618876,79,2.037974683544304,26.315419630299377,120,1.3416666666666666,31.724027777777778,14,4.214285714285714,22.44661111111111,17,4.352941176470588,26.491361811391222,9,3.2222222222222223,31.74037037037037,3,7.333333333333333,22.405296296296296,5,6.6,26.456130158730158,0,NA,NA
31161,89,1.449438202247191,18.807844569288388,73,1.7945205479452055,23.022349315068492,108,1.2037037037037037,29.290362654320987,8,3.375,18.962270833333335,14,3.857142857142857,23.21475,5,3.4,29.516833333333334,1,5,19.594,4,5.25,23.355583333333332,0,NA,NA
31163,92,1.75,21.142201086956522,85,1.9058823529411764,25.380746218487396,112,1.4375,31.120625,16,3.875,21.22796875,14,4.571428571428571,25.578102040816326,10,3.9,30.9045,4,5.75,21.172916666666666,6,6,25.57029365079365,2,6,30.829166666666666
31165,87,1.4827586206896552,17.61571264367816,73,1.7671232876712328,21.963970319634704,104,1.25,28.57554326923077,9,3.888888888888889,17.877444444444443,11,4.181818181818182,22.202712121212123,4,3.75,28.857875,2,5,18.316000000000003,3,6,22.345222222222223,1,5,28.924
31167,92,1.7608695652173914,21.904696859903382,79,2.088607594936709,25.959734277677317,112,1.4642857142857142,31.24472619047619,12,4.5,22.213509259259258,21,4.333333333333333,26.114238473167045,11,3.727272727272727,31.249939393939396,5,6,22.193755555555555,7,6.428571428571429,26.209024943310656,3,5.333333333333333,31.234222222222222
31169,98,1.6428571428571428,22.28256413994169,80,2.0125,26.273477083333333,118,1.3644067796610169,31.88659604519774,16,3.8125,22.454455357142855,17,4.705882352941177,26.41106862745098,9,3.3333333333333335,31.79537037037037,4,5.75,22.575321428571428,6,7.166666666666667,26.331777777777777,0,NA,NA
31171,84,1.5357142857142858,19.99727976190476,70,1.8714285714285714,24.226661904761905,103,1.2524271844660195,30.1978640776699,12,3.9166666666666665,20.160958333333333,16,3.8125,24.481958333333335,7,3,30.470000000000002,3,5.333333333333333,19.91188888888889,4,5.5,24.525750000000002,0,NA,NA
31173,87,1.8505747126436782,22.166926199598613,77,2.103896103896104,26.199550505050507,120,1.35,31.541120833333334,13,5,22.46865995115995,21,4.238095238095238,26.419066137566137,11,3.4545454545454546,31.8795,8,6,22.474593253968255,7,6.285714285714286,26.650650793650794,2,5,31.841
31175,81,1.6049382716049383,21.23506378600823,72,1.7916666666666667,25.48151951058201,107,1.205607476635514,31.2636246105919,11,3.8181818181818183,21.361378787878788,11,4.363636363636363,25.78358225108225,4,3.75,31.331958333333333,3,5,21.348666666666666,4,6.25,25.623809523809523,1,5,31.372
31177,86,1.872093023255814,22.54039341085271,75,2.1466666666666665,26.609477777777776,111,1.4594594594594594,32.019821321321324,15,4.666666666666667,22.782922222222222,17,4.9411764705882355,26.899166666666666,14,3.4285714285714284,32.06572619047619,8,5.75,22.790166666666668,8,6.625,26.912708333333335,2,5.5,31.890500000000003
31179,85,1.9058823529411764,21.93704705882353,76,2.1184210526315788,25.96953613199666,114,1.4298245614035088,31.260223684210526,16,4.5,22.194,22,4.045454545454546,26.14112481962482,12,3.6666666666666665,31.332541666666664,6,6.166666666666667,22.223166666666664,6,6.333333333333333,26.331068783068783,3,5.333333333333333,31.35322222222222
31181,99,1.6464646464646464,21.72920707070707,82,1.9634146341463414,25.88311382113821,125,1.288,31.462106666666667,18,3.7222222222222223,21.80286111111111,15,4.666666666666667,25.989355555555555,6,3.6666666666666665,31.37222222222222,3,5.666666666666667,21.683,5,7.6,25.8264,1,5,31.02
31183,88,1.8636363636363635,21.167653724747474,80,2.025,25.371275595238096,111,1.4594594594594594,30.892027027027027,15,4.533333333333333,21.300235185185183,18,4.166666666666667,25.55733597883598,12,3.3333333333333335,30.730416666666667,6,6.5,21.247532407407405,6,5.833333333333333,25.722285714285714,1,6,31.255
31185,105,1.542857142857143,21.973920634920635,80,2.0125,26.104313095238094,122,1.3360655737704918,31.66266393442623,10,3.8,22.311666666666667,17,4.117647058823529,26.255296918767506,9,3.2222222222222223,31.50777777777778,2,5.5,22.123333333333335,4,6.5,26.26042857142857,0,NA,NA
32001,58,2.2241379310344827,17.06014265188834,44,2.9318181818181817,22.10802745171495,87,1.4827586206896552,29.76492337164751,15,5,17.32455158730159,15,6.133333333333334,22.38321385836386,11,3.5454545454545454,30.061666666666667,5,7.8,17.30332142857143,10,7.5,22.452070787545786,0,NA,NA
32003,55,2.3454545454545452,21.737927272727273,50,2.64,25.744013095238095,68,1.8970588235294117,31.426224264705883,20,4.3,21.88805,16,5.1875,25.896915922619048,14,3.857142857142857,31.526660714285715,5,6.6,22.1777,9,6.444444444444445,25.97146164021164,3,6.333333333333333,32.14052777777778
32005,55,2.3636363636363638,15.15001948051948,45,2.888888888888889,20.137379365079365,84,1.5357142857142858,27.856369047619047,17,4.882352941176471,15.443886554621848,19,4.842105263157895,20.361161654135337,11,3.6363636363636362,28.275909090909092,10,6,15.49952380952381,9,6.222222222222222,20.395785714285715,3,5,28.286666666666665
32007,69,2.3333333333333335,14.592827467218772,52,3.0961538461538463,19.660971802503052,92,1.7608695652173914,26.437750329380766,23,4.478260869565218,14.961525879917184,20,6,19.948526686507936,16,4.25,26.824251893939394,7,6.857142857142857,15.377870748299319,9,9.11111111111111,20.17394819223986,3,7.666666666666667,27.200454545454548
32009,46,2.8043478260869565,15.817132385730211,42,3.0714285714285716,20.562707482993197,71,1.8169014084507042,26.99994718309859,22,4.454545454545454,15.951958624708626,18,5.388888888888889,20.701039682539683,13,4.461538461538462,27.529326923076923,2,14,16.439461538461536,9,7.333333333333333,20.77476455026455,4,6.75,28.0078125
32011,56,2.3035714285714284,14.183302933673469,50,2.58,19.027614743589744,74,1.7567567567567568,25.70121171171171,18,4.5,14.509720238095237,15,5.4,19.34538247863248,17,3.6470588235294117,25.982039215686275,7,6.857142857142857,14.885947278911566,6,8.666666666666666,19.66456730769231,3,5.333333333333333,25.671555555555557
32013,60,2.15,15.529295598845598,53,2.4339622641509435,20.518619946091643,85,1.5176470588235293,27.742507843137254,16,4.875,15.887670995670996,13,5.923076923076923,20.984373626373625,7,4,28.30188095238095,6,7.5,16.134900432900434,7,8.142857142857142,21.2451462585034,2,5,28.192
32015,65,1.9846153846153847,16.18547728937729,52,2.519230769230769,21.096567307692307,85,1.5176470588235293,27.959995798319326,15,4.066666666666666,16.803068253968252,17,5,21.348323529411765,9,4,28.645515873015874,4,6.25,17.687964285714287,7,7.142857142857143,21.768428571428572,2,6.5,28.795238095238098
32017,48,2.6875,17.199305555555554,49,2.673469387755102,21.176452530462736,78,1.6538461538461537,26.95120522995523,19,4.842105263157895,17.451929824561404,17,5.117647058823529,21.408010234863177,10,4.5,27.016900793650795,6,7.833333333333333,17.61125,6,8.166666666666666,21.430612332112332,3,7.666666666666667,27.174391534391535
32019,53,2.4339622641509435,15.959487421383647,46,2.8260869565217392,20.986815476190475,76,1.6973684210526316,28.370049342105265,17,4.823529411764706,16.228401960784314,15,6.133333333333334,21.27456746031746,12,4.416666666666667,28.733229166666668,7,6.857142857142857,16.505285714285716,9,8,21.32001984126984,5,6,28.59275
32021,54,2.388888888888889,17.077871105232216,48,2.7083333333333335,21.320177541208793,87,1.4827586206896552,28.34793295019157,16,5,17.35843998015873,15,5.933333333333334,21.598901465201465,9,3.5555555555555554,28.500574074074073,6,7.666666666666667,17.690701058201057,7,8.714285714285714,21.730622187336472,1,5,28.496
32023,57,2.263157894736842,20.413011695906434,47,2.74468085106383,24.392962084015277,69,1.9275362318840579,29.275528985507247,17,4.411764705882353,20.635980392156863,19,4.842105263157895,24.517064102564103,14,4.428571428571429,29.490464285714285,5,7,20.868,10,6.3,24.628505128205127,4,6.75,29.59725
32027,65,2.046153846153846,16.01748021978022,48,2.7083333333333335,21.075359871031747,82,1.5853658536585367,27.864260162601624,16,4.6875,16.42038839285714,18,4.944444444444445,21.36262632275132,9,3.888888888888889,28.253814814814813,6,6.5,17.003119047619048,9,6.666666666666667,21.703678571428572,3,5,28.638666666666666
32029,56,2.3214285714285716,15.544139194139195,44,2.977272727272727,20.231214466089465,88,1.4659090909090908,27.724876893939395,17,4.647058823529412,15.807164404223228,17,5.705882352941177,20.485202147525676,10,3.8,28.08341666666667,7,6.571428571428571,16.022161172161173,11,6.909090909090909,20.54720634920635,2,6,28.129166666666666
32031,58,2.2758620689655173,15.303313628899836,47,2.74468085106383,20.280432624113477,86,1.5116279069767442,27.976812015503874,15,4.866666666666666,15.633812698412697,18,5.166666666666667,20.538074074074075,8,3.875,28.451979166666668,5,7.4,16.05510476190476,9,6.888888888888889,20.635685185185185,1,8,28.3575
32033,52,2.5,14.02386932938856,46,2.8043478260869565,18.668231804427457,80,1.6125,25.232077083333333,21,4.190476190476191,14.346724053724055,16,5.4375,18.88522893772894,12,3.5833333333333335,25.60301388888889,4,7.25,14.613634615384616,10,6.9,19.032699633699632,3,5,26.040666666666667
32510,51,2.5294117647058822,16.201713136536664,45,2.888888888888889,20.26160651755652,90,1.4333333333333333,27.46847222222222,16,4.9375,16.461398122710623,19,5.052631578947368,20.505910173160174,9,3.4444444444444446,27.914166666666667,6,7.166666666666667,16.67595054945055,8,6.875,20.59591166125541,0,NA,NA
33001,72,1.7916666666666667,19.6763125,61,2.1147540983606556,23.985578454332554,84,1.5357142857142858,29.29999007936508,18,3.2222222222222223,20.028583333333334,16,3.8125,24.357205357142856,12,3.4166666666666665,29.497847222222223,1,5,20.182000000000002,4,5.5,24.465071428571427,1,5,30.599999999999998
33003,71,1.8309859154929577,19.329586854460093,58,2.2241379310344827,23.8673908045977,85,1.5411764705882354,29.092856862745098,18,3.2222222222222223,19.707537037037035,17,3.764705882352941,24.122274509803923,13,3.3846153846153846,29.45252564102564,1,5,19.714,3,5.333333333333333,24.579555555555554,1,5,30.542
33005,72,1.8333333333333333,19.675752314814815,65,1.9846153846153847,23.89593956043956,82,1.5731707317073171,29.281955284552847,14,3.857142857142857,20.194940476190478,17,3.9411764705882355,24.27300420168067,12,3.3333333333333335,29.494611111111112,2,6,19.916666666666668,3,6.333333333333333,24.45563492063492,1,5,31.212
33007,90,1.788888888888889,17.292768518518518,71,2.267605633802817,21.986943661971832,98,1.6428571428571428,27.508374149659865,22,3.3636363636363638,17.576780303030304,24,3.7916666666666665,22.445958333333333,17,3.823529411764706,27.952686274509805,1,6,17.301666666666666,5,5.4,22.849266666666665,4,5.5,28.22225
33009,72,1.7916666666666667,18.71667824074074,60,2.15,23.29461111111111,86,1.5116279069767442,28.599585271317828,17,3.3529411764705883,19.032107843137254,17,3.823529411764706,23.675980392156863,12,3.5,29.098277777777778,1,6,18.341666666666665,3,5.666666666666667,24.174999999999997,1,5,30.636
33011,75,1.72,20.635188888888887,66,1.9696969696969697,24.864878787878787,88,1.4659090909090908,30.422613636363636,15,3.2666666666666666,20.91027777777778,15,3.933333333333333,25.273466666666668,11,3.272727272727273,30.96909090909091,0,NA,NA,3,6,25.253999999999998,0,NA,NA
33013,71,1.8169014084507042,20.13651408450704,64,2.015625,24.418138020833332,83,1.5542168674698795,29.916287148594378,18,3.2777777777777777,20.451805555555556,16,3.75,24.864739583333332,14,3.357142857142857,30.162988095238095,1,6,20.506666666666668,2,6,25.028333333333332,1,5,31.236
33015,73,1.7808219178082192,20.938808219178082,66,1.9696969696969697,25.071550144300144,85,1.5176470588235293,30.55087254901961,18,3.5,21.15877777777778,15,3.8666666666666667,25.5044873015873,12,3.3333333333333335,30.969513888888887,3,5.333333333333333,20.911555555555555,4,5.5,25.453285714285713,0,NA,NA
33017,71,1.8309859154929577,20.82181924882629,66,1.9545454545454546,25.07259668109668,83,1.5542168674698795,30.460050200803213,16,3.5625,21.090572916666666,17,3.588235294117647,25.438610644257704,12,3.4166666666666665,30.896597222222223,1,6,21.45,3,5.666666666666667,25.38657142857143,0,NA,NA
33019,72,1.8055555555555556,19.03706712962963,62,2.096774193548387,23.385548387096776,85,1.5294117647058822,28.914376470588234,17,3.4705882352941178,19.4093431372549,21,3.6666666666666665,23.803047619047618,14,3.5,29.189071428571427,2,5.5,18.797333333333334,3,5.666666666666667,24.236333333333334,2,5,29.726
34001,65,2.0153846153846153,23.78204358974359,58,2.2241379310344827,26.793094827586206,79,1.6455696202531647,31.18709493670886,20,3.9,24.088891666666665,21,3.857142857142857,27.031880952380952,13,3.769230769230769,31.463884615384615,5,5.8,24.301233333333332,5,5.6,27.381066666666666,2,5.5,31.432333333333332
34003,71,1.8169014084507042,22.46240274983233,67,1.9253731343283582,26.221982587064677,78,1.6666666666666667,31.41221581196581,18,3.5,22.729477513227515,20,3.55,26.590891666666668,16,3.5,31.607052083333333,1,7,23.751428571428573,2,5.5,27.049333333333333,1,5,32.832
34005,82,1.5731707317073171,23.109885162601625,64,2.015625,26.686028645833332,80,1.6125,31.784472916666665,12,3.8333333333333335,23.570048611111112,16,4.1875,26.992552083333333,11,3.909090909090909,32.021166666666666,2,6.5,24.174875,6,5.666666666666667,27.37638888888889,3,5.333333333333333,32.12788888888889
34007,81,1.6049382716049383,23.1745,66,1.9545454545454546,26.761469696969698,82,1.5731707317073171,31.881961382113822,12,3.8333333333333335,23.585375,16,4.0625,27.1060625,9,4.222222222222222,32.26287037037037,2,6.5,24.24725,5,5.6,27.521733333333334,3,5.333333333333333,32.400555555555556
34009,60,2.1666666666666665,24.069365277777777,52,2.480769230769231,26.85716987179487,76,1.6973684210526316,30.951320175438596,20,4,24.375345833333334,21,4.095238095238095,27.079896825396826,16,3.625,31.177833333333332,6,5.666666666666667,24.64934722222222,7,5.857142857142857,27.22885714285714,2,5.5,31.136000000000003
34011,70,1.8428571428571427,23.67072023809524,58,2.2241379310344827,27.001313218390806,72,1.7916666666666667,31.738930555555555,17,3.8823529411764706,23.974436274509802,21,3.857142857142857,27.209579365079364,13,3.769230769230769,31.851769230769232,4,6,24.364895833333332,4,5.75,27.617583333333332,3,5.333333333333333,31.972666666666665
34013,77,1.6753246753246753,22.47001391465677,70,1.8714285714285714,26.194804761904763,81,1.5925925925925926,31.43933950617284,18,3.4444444444444446,22.796170634920635,18,3.7222222222222223,26.56312962962963,16,3.375,31.60571875,1,7,23.77857142857143,2,5.5,27.014833333333335,1,5,32.664
34015,77,1.6883116883116882,23.342542207792206,62,2.0806451612903225,26.827709677419357,78,1.6666666666666667,31.845536324786327,13,3.8461538461538463,23.70505769230769,17,4.117647058823529,27.124,11,3.909090909090909,32.09880303030303,3,6.333333333333333,24.056638888888887,5,5.8,27.524266666666666,3,5.333333333333333,32.34477777777778
34017,74,1.7567567567567568,22.64754021879022,67,1.955223880597015,26.274333333333335,80,1.6125,31.32204375,16,3.5,23.03268601190476,19,3.789473684210526,26.633175438596492,15,3.466666666666667,31.5609,1,7,24.04714285714286,3,5.666666666666667,26.75733333333333,1,5,32.356
34019,78,1.6794871794871795,21.974278693528692,67,1.9402985074626866,25.919653518123667,86,1.5116279069767442,31.299587209302324,14,3.7142857142857144,22.282052721088434,18,3.9444444444444446,26.206765873015872,13,3.4615384615384617,31.639961538461538,2,6,22.502285714285712,4,6.25,26.645654761904762,1,5,32.992
34021,80,1.625,22.66159791666667,61,2.1147540983606556,26.524994535519127,83,1.5542168674698795,31.878242971887552,11,4.090909090909091,23.052075757575757,18,4.055555555555555,26.721648148148148,11,3.909090909090909,32.15083333333333,3,6.333333333333333,22.992333333333335,6,5.666666666666667,27.213,3,5.333333333333333,32.361666666666665
34023,71,1.8450704225352113,22.726989436619718,65,1.9846153846153847,26.460312820512822,84,1.5357142857142858,31.701257936507936,17,3.7058823529411766,22.94625,18,3.8333333333333335,26.775296296296297,12,3.5833333333333335,31.891305555555554,2,7,23.438958333333332,4,5.25,27.132583333333333,2,5,32.297
34025,68,1.911764705882353,23.120873599439776,66,1.9696969696969697,26.450931818181818,77,1.6753246753246753,31.355777056277056,14,4,23.431743197278912,17,4,26.77479411764706,12,3.5,31.531236111111113,3,6,23.8184126984127,4,5.5,27.058083333333332,1,5,31.804
34027,77,1.7012987012987013,21.560777674706245,63,2.0476190476190474,25.527429705215418,90,1.4333333333333333,30.828411111111112,16,3.625,21.870305059523808,19,3.789473684210526,25.789898496240603,11,3.4545454545454546,31.342909090909092,2,6,22.267857142857146,4,6,26.220142857142857,1,5,32.452
34029,72,1.7916666666666667,23.41408201058201,62,2.1129032258064515,26.730413978494624,83,1.5542168674698795,31.576953815261046,15,3.7333333333333334,23.819926984126983,20,3.85,26.953283333333335,10,3.7,31.834216666666666,3,6,23.885190476190477,5,5.6,27.332133333333335,1,5,31.988
34031,73,1.7671232876712328,22.18176369863014,66,1.9696969696969697,26.035266955266955,80,1.625,31.343722916666668,16,3.5,22.484296875,19,3.736842105263158,26.394611528822054,15,3.533333333333333,31.57452222222222,1,8,23.22125,3,6,26.723095238095237,1,5,32.822
34033,71,1.8309859154929577,23.511234741784037,61,2.1311475409836067,26.94388524590164,74,1.7432432432432432,31.84729954954955,15,4,23.83551111111111,18,4.166666666666667,27.240944444444445,13,4,32.060782051282054,5,5.4,24.1102,7,5.571428571428571,27.54147619047619,4,5.25,32.191916666666664
34035,74,1.7432432432432432,22.42745978120978,64,2.03125,26.26647135416667,85,1.5176470588235293,31.59921568627451,15,3.6,22.714801587301586,19,3.8421052631578947,26.572850877192984,13,3.5384615384615383,31.81217948717949,2,6,22.86642857142857,4,5.75,27.036666666666665,2,5,32.345
34037,74,1.7432432432432432,21.06409749034749,62,2.0806451612903225,25.11260752688172,89,1.449438202247191,30.43966479400749,14,3.7857142857142856,21.42237244897959,17,3.823529411764706,25.477745098039215,10,3.5,31.023016666666667,2,6.5,21.774523809523807,3,6,25.85222222222222,1,5,32.146
34039,76,1.6973684210526316,22.61796992481203,71,1.8450704225352113,26.2757558685446,83,1.5783132530120483,31.467335341365462,16,3.5,22.995357142857145,16,3.75,26.719916666666666,14,3.5,31.61420238095238,1,7,23.855714285714285,2,5.5,27.056833333333334,1,5,32.528
34041,73,1.7671232876712328,21.277077951728636,64,2.03125,25.35718191964286,88,1.4659090909090908,30.753589015151515,14,3.7857142857142856,21.60512074829932,17,4.0588235294117645,25.66203781512605,11,3.727272727272727,31.277348484848485,3,6,22.152507936507938,4,6.25,26.06345238095238,1,5,32.59
35001,80,1.6625,17.35417361111111,71,1.8591549295774648,21.807828638497654,109,1.1926605504587156,28.849969418960246,14,4,17.53313492063492,15,4.066666666666666,21.95272222222222,4,3.25,29.02166666666667,3,6.333333333333333,17.648518518518518,3,7.333333333333333,22.028333333333332,0,NA,NA
35003,82,1.5731707317073171,13.850592479674797,47,2.765957446808511,18.900377932351336,90,1.4333333333333333,26.38564814814815,12,3.75,14.101548611111111,18,5,19.008486823361824,8,3.625,26.715416666666666,2,6.5,14.148875,7,7.571428571428571,19.132180402930402,0,NA,NA
35005,84,1.5476190476190477,20.064811507936508,75,1.72,24.019784761904763,100,1.29,30.859396666666665,10,3.8,20.203916666666668,12,4.166666666666667,24.110738095238094,7,3.2857142857142856,30.880666666666666,2,6.5,20.074166666666667,5,5.8,24.295771428571427,1,5,30.558
35006,73,1.7808219178082192,15.222947488584476,59,2.1864406779661016,19.822562146892654,106,1.2358490566037736,26.98001572327044,15,3.8,15.327344444444444,14,4.928571428571429,19.980440476190477,3,3.3333333333333335,27.245555555555555,3,5.333333333333333,15.297,5,7.8,20.078733333333332,0,NA,NA
35007,93,1.4086021505376345,12.736621863799282,71,1.8309859154929577,18.22355007824726,92,1.4021739130434783,26.437282608695654,5,4,12.888166666666667,13,4.461538461538462,18.35246581196581,9,3.111111111111111,26.59111111111111,1,6,12.811666666666667,3,8,18.394296296296297,0,NA,NA
35009,102,1.607843137254902,18.70080882352941,85,1.9529411764705882,22.64447385620915,127,1.2677165354330708,29.3101312335958,18,3.4444444444444446,18.854305555555555,19,4.2631578947368425,22.86922514619883,8,3.125,29.425208333333334,1,6,18.64,6,6.5,22.896712962962962,0,NA,NA
35011,86,1.5116279069767442,19.03906976744186,70,1.8714285714285714,22.890385714285713,109,1.18348623853211,29.426773700305812,10,3.5,19.2805,15,3.933333333333333,23.0408,1,3,29.343333333333334,1,6,19.083333333333332,5,5.2,23.218066666666665,0,NA,NA
35013,79,1.6329113924050633,19.6707127787824,76,1.6973684210526316,23.87890538847118,110,1.190909090909091,30.95887878787879,11,3.6363636363636362,19.743300865800865,9,4.888888888888889,24.0646455026455,6,3,31.434444444444445,1,7,19.857142857142858,4,7,24.06086904761905,0,NA,NA
35015,89,1.4831460674157304,20.64659309791332,71,1.8450704225352113,24.528475352112675,104,1.2403846153846154,31.265272435897437,14,3.4285714285714284,20.754413265306123,14,4.357142857142857,24.635839285714287,5,3.8,31.192666666666668,1,7,20.764285714285712,5,5.8,24.710350000000002,1,6,31.683333333333334
35017,86,1.5,15.662346068660023,67,2,20.245447524283346,102,1.2647058823529411,27.53058823529412,10,4,15.89467619047619,17,4.235294117647059,20.36588141923436,3,4,27.535,3,6,15.74447619047619,4,6.75,20.558329365079366,1,6,28.098333333333333
35019,83,1.5903614457831325,18.151606425702813,70,1.8714285714285714,22.046559523809524,99,1.303030303030303,28.4155303030303,10,3.7,18.301333333333332,16,3.9375,22.13432291666667,6,3.1666666666666665,28.967916666666667,2,5,18.424999999999997,5,5.4,22.292333333333332,0,NA,NA
35021,93,1.7526881720430108,17.06219585253456,84,1.9404761904761905,21.269916666666667,133,1.2105263157894737,27.89417293233083,17,3.823529411764706,17.279953781512607,22,3.772727272727273,21.38490909090909,4,3,28.3075,3,6,17.104460317460315,5,5.4,21.446933333333334,0,NA,NA
35023,70,1.8571428571428572,19.723869897959183,67,1.9701492537313432,23.435204809286898,96,1.34375,29.71037326388889,13,4.384615384615385,19.81583791208791,13,4.769230769230769,23.670286324786325,9,3.5555555555555554,29.908425925925926,4,7.5,19.914806547619047,4,8,23.707805555555556,1,6,29.656666666666666
35025,98,1.653061224489796,19.657815840621964,80,2.0375,23.54896111111111,129,1.248062015503876,29.562125322997417,17,3.6470588235294117,19.86593837535014,16,5.25,23.736680555555555,4,3.75,29.45104166666667,3,5.666666666666667,19.788095238095238,6,8.5,23.678231481481482,1,5,29.56
35027,87,1.4827586206896552,13.63228927203065,67,2,18.855320717839373,101,1.2772277227722773,26.765148514851486,9,3.4444444444444446,13.796574074074075,18,4.055555555555555,18.914804894179895,5,4.2,26.802,0,NA,NA,3,7,18.982996031746033,1,8,27.1475
35028,91,1.4175824175824177,12.9485989010989,75,1.7466666666666666,18.73745396825397,96,1.3541666666666667,27.241744791666665,9,3.4444444444444446,13.115833333333333,17,3.7058823529411766,18.8537675070028,8,3.125,27.4696875,1,5,12.84,2,6.5,19.07452380952381,0,NA,NA
35029,78,1.705128205128205,19.49963675213675,67,1.9701492537313432,23.326482587064678,103,1.2718446601941749,30.05915048543689,14,3.7857142857142856,19.56511904761905,12,5,23.486194444444443,6,3.3333333333333335,30.42875,2,7,19.71,5,7.4,23.5047,0,NA,NA
35031,65,2,14.947664102564103,57,2.263157894736842,19.3363543328017,98,1.316326530612245,26.150671768707483,13,4.846153846153846,15.114858974358974,20,4.05,19.448109848484847,8,3.125,26.299479166666668,6,6.5,15.036222222222221,3,8,19.49156565656566,0,NA,NA
35033,85,1.5176470588235293,12.175923529411765,68,1.9264705882352942,17.994197712418302,96,1.34375,26.22237847222222,13,3.3846153846153846,12.39103846153846,12,4.666666666666667,18.171287037037036,8,3.25,26.317916666666665,2,5,12.298,3,8.333333333333334,18.348481481481482,0,NA,NA
35035,84,1.5357142857142858,17.15052380952381,58,2.2586206896551726,21.772560960591132,104,1.2403846153846154,28.29721955128205,10,3.4,17.2789,14,5.285714285714286,21.93025255102041,5,3.6,28.400166666666667,1,5,17.104,7,6.714285714285714,22.02086224489796,1,5,28.37
35037,103,1.5631067961165048,19.095025889967637,84,1.9285714285714286,23.04984863945578,137,1.1897810218978102,29.774805352798055,13,3.6923076923076925,19.217897435897438,19,3.8421052631578947,23.258015037593985,4,3,30.135833333333334,2,5.5,19.343000000000004,5,5.4,23.49245714285714,0,NA,NA
35039,71,1.8169014084507042,14.325098591549295,64,2.015625,19.52498611111111,92,1.4021739130434783,26.966159420289856,14,3.857142857142857,14.457285714285714,16,4.3125,19.667756944444445,10,3.2,27.053166666666666,3,5,14.457333333333333,4,7.5,19.822277777777778,0,NA,NA
35041,100,1.62,19.117608333333333,83,1.963855421686747,22.963791164658634,124,1.2983870967741935,29.49128360215054,17,3.411764705882353,19.31593137254902,19,4.315789473684211,23.158140350877193,7,3.2857142857142856,29.292023809523812,1,6,19.105,6,6.666666666666667,23.213,0,NA,NA
35043,79,1.6708860759493671,17.242808619650393,70,1.8571428571428572,21.5725462585034,103,1.2524271844660195,28.34032362459547,12,4.416666666666667,17.407656746031744,13,4.461538461538462,21.692941391941392,5,3.6,28.43466666666667,6,5.5,17.432119047619047,3,8.666666666666666,21.843857142857143,1,6,28.07
35045,61,2.1147540983606556,16.6724043715847,61,2.1311475409836067,21.102558157689305,95,1.3789473684210527,28.214373684210525,18,4,16.803981481481483,16,4.5625,21.273815476190478,10,3.4,28.43105,7,5.142857142857143,16.772857142857145,7,6.142857142857143,21.297292517006802,1,5,29.078
35047,86,1.5232558139534884,13.715217054263565,65,2.0307692307692307,18.87481083916084,94,1.372340425531915,26.296719858156028,11,3.4545454545454546,13.84760606060606,15,4.466666666666667,19.00084696969697,5,4.2,26.53933333333333,1,5,13.652,4,7.5,18.93900946969697,1,6,26.246666666666666
35049,80,1.6625,14.474110416666667,71,1.8450704225352113,18.96486384976526,95,1.3578947368421053,25.441526315789474,14,3.7857142857142856,14.677416666666666,12,4.833333333333333,19.141277777777777,5,3.6,25.926000000000002,2,5,14.649000000000001,5,7.2,19.189733333333333,1,6,25.783333333333335
35051,81,1.617283950617284,19.138131687242797,68,1.9264705882352942,22.982837009803923,99,1.303030303030303,29.780656565656567,12,3.6666666666666665,19.224055555555555,18,3.7777777777777777,23.141273148148148,6,3.3333333333333335,30.093333333333334,3,5,19.207333333333334,2,7.5,23.101875,0,NA,NA
35053,74,1.7432432432432432,18.262184684684684,62,2.0806451612903225,22.480372695852534,100,1.3,29.545516666666668,16,3.6875,18.314479166666665,15,4.6,22.594207142857144,5,3,29.767333333333333,2,6,18.28666666666667,6,6.333333333333333,22.66010119047619,0,NA,NA
35055,80,1.6125,12.200302678571429,70,1.8428571428571427,17.613310430839004,104,1.2403846153846154,26.020673076923078,11,4.2727272727272725,12.429474025974026,10,5.2,17.754173015873015,4,3.25,25.935000000000002,3,6.333333333333333,12.397238095238096,3,9.333333333333334,17.89668783068783,0,NA,NA
35057,77,1.6883116883116882,15.973597402597402,69,1.8840579710144927,20.347304347826086,100,1.29,27.779333333333334,12,4.083333333333333,16.080583333333333,14,4.428571428571429,20.503857142857143,6,3.5,27.953888888888887,4,5,15.9905,5,6.6,20.5113,1,6,28.613333333333333
35059,100,1.62,17.376414285714286,83,1.963855421686747,21.430819277108434,130,1.2384615384615385,27.95997435897436,15,3.7333333333333334,17.599095238095238,20,4.1,21.56415,5,3.4,28.187333333333335,1,7,17.791428571428572,5,6.4,21.5326,0,NA,NA
35061,85,1.5176470588235293,18.05829411764706,77,1.7142857142857142,22.302628324056897,110,1.190909090909091,29.180522727272727,12,3.6666666666666665,18.269583333333333,12,4.166666666666667,22.443531746031745,3,3.3333333333333335,29.1875,1,6,18.22833333333333,2,8,22.631190476190476,0,NA,NA
36001,74,1.7432432432432432,20.575243243243243,66,2,25.169368686868687,85,1.5176470588235293,31.013490196078433,15,3.933333333333333,20.942533333333333,17,3.9411764705882355,25.56607843137255,13,3.3846153846153846,31.39551282051282,5,5.2,20.7036,3,6,25.885555555555555,1,6,32.295
36003,95,1.694736842105263,18.656649122807018,72,2.236111111111111,22.742847883597882,100,1.61,28.212221666666668,14,4.285714285714286,19.19440476190476,20,4.45,23.147502380952382,15,3.8666666666666667,28.79981111111111,6,5.5,19.266666666666666,9,5.777777777777778,23.39139417989418,4,5.5,28.797
36005,76,1.6973684210526316,22.70548402255639,64,2.0625,26.374568080357143,84,1.5357142857142858,31.398061507936507,14,3.5,23.24512755102041,19,3.9473684210526314,26.710124060150378,14,3.4285714285714284,31.69372619047619,1,7,24.114285714285714,4,6,26.811630952380952,1,5,32.568
36007,99,1.6363636363636365,19.519983164983167,77,2.103896103896104,23.702633116883117,110,1.481818181818182,29.352901515151515,20,3.55,19.917916666666667,21,4.333333333333333,24.094654761904764,14,3.642857142857143,29.766011904761903,4,5.25,20.080416666666665,8,5.75,24.447427083333334,3,5.333333333333333,30.163888888888888
36009,92,1.75,18.924523550724636,75,2.1466666666666665,23.070039047619048,98,1.653061224489796,28.51182142857143,17,4.176470588235294,19.373303921568628,18,4.388888888888889,23.62627380952381,15,3.933333333333333,29.03323333333333,7,5.428571428571429,19.830285714285715,6,6,23.969238095238094,4,5.5,29.179833333333335
36011,77,1.7012987012987013,20.2937622139765,65,2.0153846153846153,24.487594871794872,94,1.3829787234042554,29.994202127659573,12,3.9166666666666665,20.68580753968254,16,4,25.013666666666666,9,3.3333333333333335,30.615,3,5.666666666666667,20.85295238095238,4,6.25,25.214875,0,NA,NA
36013,71,1.8309859154929577,20.31351408450704,57,2.263157894736842,24.07903425229741,73,1.7671232876712328,29.045987279843445,14,4.357142857142857,20.71817857142857,17,4.294117647058823,24.62058543417367,12,4.333333333333333,29.430589285714284,7,5.285714285714286,21.147666666666666,5,6.2,24.881990476190477,5,6,29.52758095238095
36015,95,1.694736842105263,19.581416290726818,78,2.0641025641025643,23.836481074481075,102,1.588235294117647,29.523101307189542,18,3.6666666666666665,20.007474867724866,19,4.473684210526316,24.318185463659148,14,3.5714285714285716,30.092238095238095,3,5.666666666666667,20.10457142857143,8,5.875,24.486627976190476,3,5,30.256
36017,78,1.6538461538461537,19.19379487179487,58,2.2241379310344827,23.42575,82,1.5853658536585367,28.99509349593496,14,3.7142857142857144,19.511857142857142,16,4.375,23.856156249999998,12,3.5833333333333335,29.36938888888889,4,5.25,19.55275,6,5.833333333333333,23.88738888888889,2,5.5,29.696333333333335
36019,71,1.8309859154929577,19.885291079812205,60,2.15,24.102625,79,1.6329113924050633,29.531196202531646,15,3.6666666666666665,20.09271111111111,20,3.8,24.404374999999998,14,3.642857142857143,29.85067857142857,3,5,20.151333333333334,6,5.5,24.575555555555553,2,5.5,29.491833333333332
36021,69,1.8695652173913044,20.612264665286403,68,1.8970588235294117,24.977916666666665,83,1.5542168674698795,30.601548192771084,14,4,21.06723299319728,18,3.4444444444444446,25.51185185185185,13,3.3846153846153846,30.818346153846154,4,5.5,21.041357142857144,2,5,25.955,1,5,31.966
36023,76,1.6973684210526316,19.271252192982455,59,2.2033898305084745,23.486196327683615,87,1.5057471264367817,29.00249042145594,15,3.6,19.52701111111111,18,4.111111111111111,23.89947685185185,13,3.3846153846153846,29.458589743589744,3,5.333333333333333,19.694777777777777,6,5.833333333333333,23.962319444444443,1,6,29.686666666666667
36025,95,1.7052631578947368,18.50174210526316,75,2.16,22.713260000000002,104,1.5480769230769231,28.227591346153847,18,3.7777777777777777,18.965027777777777,21,4.095238095238095,23.132119047619046,14,3.7142857142857144,28.62889285714286,5,5.4,18.8706,6,5.833333333333333,23.335055555555556,2,5.5,29.321
36027,81,1.6049382716049383,21.102763374485598,66,1.9848484848484849,25.326479797979797,85,1.5176470588235293,30.822705882352942,11,4,21.63489393939394,20,3.5,25.721383333333332,12,3.5833333333333335,31.193333333333335,3,5.333333333333333,21.580444444444442,2,5,26.183,1,6,32.095
36029,71,1.8309859154929577,21.109840375586856,59,2.1864406779661016,24.655823648103308,81,1.5925925925925926,29.27075720164609,14,4.142857142857143,21.493119047619047,16,4.1875,25.15303720238095,12,3.9166666666666665,29.613444444444447,5,5.8,21.924233333333333,5,5.8,25.421219047619047,4,5.5,29.749083333333335
36031,91,1.7692307692307692,18.41385164835165,74,2.175675675675676,22.88576801801802,102,1.5784313725490196,28.372591503267973,22,3.5454545454545454,18.811613636363635,27,3.740740740740741,23.222475308641975,17,3.411764705882353,28.860254901960783,4,5,18.8995,5,5.4,23.7102,2,5.5,29.579666666666668
36033,79,1.6329113924050633,19.085987341772153,62,2.096774193548387,23.14045430107527,85,1.5176470588235293,28.334786274509803,12,3.5833333333333335,19.626916666666666,17,4,23.481950980392156,11,3.8181818181818183,28.984712121212123,2,5,19.784,4,5.75,24.090166666666665,3,5.333333333333333,29.06811111111111
36035,92,1.75,19.28917572463768,75,2.1466666666666665,23.579427777777777,103,1.5728155339805825,29.02574433656958,18,3.611111111111111,19.558842592592594,23,4.043478260869565,23.955960144927538,15,3.533333333333333,29.39911111111111,3,5,19.403333333333332,7,5.714285714285714,24.158392857142857,2,5.5,29.7375
36037,93,1.7311827956989247,20.149767921146953,78,2.076923076923077,24.225267094017095,101,1.603960396039604,29.669610561056107,16,4.125,20.719588541666667,20,4.4,24.681791666666665,18,3.5,30.055592592592593,5,5.8,21.141016666666665,6,6.333333333333333,24.979861111111113,3,5,30.304666666666666
36039,71,1.8169014084507042,20.027646210596917,65,1.9846153846153847,24.68790293040293,86,1.5,30.534127906976742,14,4.142857142857143,20.412705782312926,18,3.6666666666666665,25.158260582010584,12,3.4166666666666665,30.826666666666668,5,5.4,20.35074285714286,3,5.666666666666667,25.437619047619048,1,6,31.496666666666666
36041,92,1.7608695652173914,18.049983695652173,77,2.090909090909091,22.17001406926407,108,1.5092592592592593,27.346265432098765,19,3.736842105263158,18.326236842105263,21,4.095238095238095,22.659813492063492,13,3.769230769230769,27.93897435897436,6,5,18.561,5,6,23.091216666666668,4,5.5,28.274166666666666
36043,82,1.5731707317073171,19.24541056910569,65,1.9846153846153847,23.69622564102564,87,1.4827586206896552,29.43460153256705,13,3.6153846153846154,19.557589743589745,16,4,24.072166666666668,9,3.6666666666666665,29.944481481481482,2,5.5,19.41433333333333,4,6.25,24.369708333333335,1,5,29.932
36045,71,1.8450704225352113,20.444516431924882,67,1.9253731343283582,24.19304975124378,89,1.4719101123595506,28.99253317281969,16,3.5,20.842541666666666,14,4.285714285714286,24.623166666666666,8,4.5,29.476931547619046,2,5,21.197,5,6,25.051533333333335,4,5.75,29.672821428571428
36047,76,1.6973684210526316,23.00981516290727,64,2.015625,26.408739583333332,81,1.5925925925925926,31.268397119341564,14,3.5714285714285716,23.383282312925168,19,3.9473684210526314,26.699701754385966,12,3.6666666666666665,31.504597222222223,1,7,24.334285714285713,3,6,26.925333333333334,2,5,31.693
36049,93,1.7311827956989247,18.99281541218638,77,2.103896103896104,23.236597402597404,102,1.5980392156862746,28.51456209150327,18,3.7222222222222223,19.35287962962963,21,4.0476190476190474,23.575857142857142,16,3.8125,28.841583333333332,4,5.5,19.4865,7,5.857142857142857,24.049,5,5.4,29.279733333333333
36051,96,1.6770833333333333,19.709369419642858,79,2.050632911392405,23.95126476793249,106,1.528301886792453,29.527943396226416,14,4.214285714285714,20.349961734693878,20,4.3,24.414745833333335,16,3.625,30.050125,4,6.25,20.47674107142857,6,6,24.67026388888889,3,5.333333333333333,30.156222222222222
36053,74,1.7432432432432432,19.99285842985843,68,1.9264705882352942,24.168930147058823,90,1.4333333333333333,29.841527777777777,14,3.7142857142857144,20.328680272108844,16,4,24.516390625,9,3.4444444444444446,30.35638888888889,3,5.666666666666667,20.11495238095238,4,6.25,24.92139583333333,0,NA,NA
36055,73,1.7671232876712328,20.885018264840184,67,1.9402985074626866,24.773404051172708,86,1.5,30.177804263565893,14,3.7857142857142856,21.342238095238095,19,3.789473684210526,25.047793233082707,9,3.4444444444444446,30.664018518518517,4,5.25,21.273666666666667,3,6,25.365190476190477,1,5,30.592
36057,93,1.7419354838709677,19.51827777777778,75,2.1466666666666665,23.9364,107,1.5046728971962617,29.634697819314642,16,3.8125,19.948739583333335,22,4.136363636363637,24.34409090909091,13,3.6923076923076925,29.979051282051284,4,5.25,19.64725,8,5.625,24.442708333333332,3,5.333333333333333,30.405333333333335
36059,65,1.9846153846153847,23.1576358974359,66,1.9545454545454546,26.049656926406925,84,1.5714285714285714,30.529464285714287,16,3.875,23.299145833333334,17,4,26.42690336134454,14,3.5714285714285716,30.70357142857143,5,5.4,23.2586,4,5.75,26.423714285714286,4,5,30.9125
36061,75,1.7333333333333334,22.69681111111111,63,2.0476190476190474,26.334531368102798,83,1.5542168674698795,31.307777108433736,16,3.4375,23.115677083333335,19,3.9473684210526314,26.64265664160401,14,3.4285714285714284,31.59539285714286,1,7,24.11,4,6,26.75261904761905,1,5,32.318
36063,74,1.7432432432432432,21.559232947232946,63,2.0476190476190474,24.865209372637946,82,1.5853658536585367,29.440632113821138,14,3.7142857142857144,22.03023129251701,18,3.9444444444444446,25.270455026455025,14,3.5714285714285716,29.81227380952381,3,5.666666666666667,22.03552380952381,4,6,25.747880952380953,1,5,29.956
36065,78,1.6666666666666667,19.82364072039072,67,1.955223880597015,24.268735074626864,89,1.449438202247191,30.1226404494382,13,3.923076923076923,20.13722893772894,15,4.066666666666666,24.63135,6,3.8333333333333335,30.85333333333333,3,6,19.833825396825397,4,6.25,25.022145833333333,0,NA,NA
36067,73,1.7671232876712328,20.591851598173516,65,2.0153846153846153,24.87502564102564,94,1.372340425531915,30.584725177304964,14,3.857142857142857,20.92715476190476,14,4.428571428571429,25.288333333333334,8,3.375,31.097395833333334,4,5.5,20.869,6,5.833333333333333,25.400694444444444,0,NA,NA
36069,93,1.7311827956989247,20.05716180235535,80,2.0125,24.346286458333335,114,1.4210526315789473,30.03771783625731,16,4.125,20.541627976190476,21,4,24.797519841269843,14,3.5,30.44177380952381,4,6.25,20.804428571428573,5,6,25.139583333333334,2,5.5,30.5845
36071,77,1.6753246753246753,21.01234570191713,65,2.0307692307692307,25.185692307692307,87,1.5172413793103448,30.65376436781609,12,3.8333333333333335,21.452968253968255,19,3.5789473684210527,25.594736842105263,10,3.7,31.11875,2,6,21.706142857142858,2,5.5,26.2275,1,6,32.07333333333333
36073,71,1.8169014084507042,21.0742266934943,69,1.8695652173913044,24.434002415458938,85,1.5176470588235293,29.35837254901961,18,3.6666666666666665,21.464171957671958,18,3.7777777777777777,24.85312037037037,11,3.272727272727273,29.541515151515153,3,5.666666666666667,21.607809523809525,3,6,24.971222222222224,0,NA,NA
36075,78,1.6538461538461537,20.726088217338216,70,1.8428571428571427,24.765964285714286,89,1.4606741573033708,30.228861690743713,12,3.75,21.23749007936508,16,3.75,25.16796875,7,4.142857142857143,30.656955782312927,1,7,21.255714285714287,3,6.333333333333333,25.445555555555554,2,6,30.79642857142857
36077,78,1.6538461538461537,18.95252564102564,57,2.263157894736842,23.187418128654972,87,1.4827586206896552,28.686844827586206,13,3.769230769230769,19.310923076923075,20,3.95,23.522641666666665,9,3.7777777777777777,29.335055555555556,3,5.333333333333333,19.13511111111111,5,6,23.739066666666666,2,5.5,29.53483333333333
36079,76,1.6973684210526316,21.339598684210525,65,1.9846153846153847,25.304938461538462,87,1.4827586206896552,30.57677011494253,14,3.642857142857143,21.629964285714287,18,3.611111111111111,25.679222222222222,10,3.8,31.0034,2,5,22.381,2,5.5,25.889666666666667,2,5,31.387
36081,75,1.7333333333333334,22.92096507936508,62,2.096774193548387,26.316498079877114,84,1.5357142857142858,31.138224206349207,15,3.533333333333333,23.310825396825397,19,4,26.63515162907268,13,3.5384615384615383,31.413141025641025,2,6,23.652857142857144,4,6,26.698011904761906,2,5,31.645
36083,73,1.7808219178082192,20.35692074363992,63,2.0476190476190474,24.745449735449736,84,1.5476190476190477,30.265587301587303,16,3.9375,20.719388392857145,17,3.9411764705882355,25.133725490196078,14,3.4285714285714284,30.675666666666668,4,5.5,20.391928571428572,3,6,25.42888888888889,2,5.5,31.082166666666666
36085,70,1.8428571428571427,23.176804421768708,67,1.9253731343283582,26.607415422885573,84,1.5357142857142858,31.603986111111112,16,3.625,23.364144345238095,18,3.7222222222222223,26.972601851851852,14,3.5,31.872845238095238,1,7,24.377142857142857,3,5.333333333333333,27.266444444444446,1,5,31.824
36087,70,1.8428571428571427,22.023869047619048,65,1.9846153846153847,25.989708424908425,80,1.6125,31.37475625,15,3.6666666666666665,22.31872222222222,18,3.7777777777777777,26.384502645502646,14,3.5,31.625392857142856,2,6,22.865000000000002,4,5.75,26.54942857142857,1,5,33.128
36089,90,1.788888888888889,19.693059259259257,82,1.975609756097561,23.78400551684088,106,1.528301886792453,29.126093441150044,19,3.526315789473684,20.15659649122807,21,3.9047619047619047,24.23611678004535,12,4.416666666666667,29.630075396825397,3,5,20.43733333333333,4,6.25,24.76940476190476,6,5.666666666666667,29.717373015873015
36091,89,1.8089887640449438,20.02319288389513,75,2.1466666666666665,24.496507936507935,99,1.6262626262626263,30.05593265993266,19,3.736842105263158,20.393640350877195,23,4.043478260869565,24.883612836438925,18,3.3333333333333335,30.51874074074074,4,5,20.4525,6,5.833333333333333,25.115793650793652,2,5.5,30.827833333333334
36093,69,1.8695652173913044,20.423975845410627,65,2,25.00236153846154,82,1.5731707317073171,30.822195121951218,14,4.142857142857143,20.81245238095238,17,3.823529411764706,25.343441176470588,11,3.4545454545454546,31.31772727272727,5,5.2,20.654533333333333,3,5.666666666666667,25.749777777777776,1,6,32.055
36095,92,1.75,18.780527173913043,75,2.1466666666666665,23.11541,105,1.542857142857143,28.85192380952381,17,4.0588235294117645,19.161676470588237,22,4.090909090909091,23.539125,14,3.7142857142857144,29.133357142857143,5,5.4,19.052866666666667,7,5.714285714285714,23.694511904761903,2,5.5,29.721833333333336
36097,97,1.6597938144329898,19.320721404025527,80,2.0125,23.589626041666666,110,1.4636363636363636,29.347971212121212,17,3.7058823529411766,19.75382212885154,17,4.470588235294118,24.177946078431372,13,3.3076923076923075,29.864756410256412,3,6,19.785825396825395,8,5.625,24.19834375,1,5,29.576
36099,77,1.6753246753246753,20.52572758194187,63,2.0634920634920637,24.79843783068783,91,1.4285714285714286,30.400164835164837,12,3.6666666666666665,21.041335317460316,18,3.888888888888889,25.263421296296297,10,3.2,30.912,2,6,21.323428571428572,4,6.25,25.391437500000002,0,NA,NA
36101,93,1.7311827956989247,19.050513824884792,75,2.1733333333333333,23.24157888888889,104,1.5769230769230769,28.85799358974359,16,4,19.486736607142856,19,4.631578947368421,23.668074561403508,15,3.6666666666666665,29.35108888888889,5,5.4,19.704057142857142,10,5.7,23.786008333333335,3,5.333333333333333,29.42988888888889
36103,64,2.015625,23.163275669642857,67,1.9253731343283582,25.93058670931059,89,1.4606741573033708,30.299921348314605,16,3.6875,23.33185267857143,16,4,26.336519345238095,10,4.1,30.4653,2,6.5,23.907738095238095,5,5.8,26.312361904761904,4,5.75,30.499916666666667
36105,87,1.8620689655172413,19.459528461959497,80,2.0125,23.630492261904763,104,1.5576923076923077,29.11361378205128,19,4.052631578947368,19.818104010025063,19,4.052631578947368,24.108914786967418,16,3.4375,29.42036458333333,7,5.571428571428571,19.92663945578231,4,6,24.559428571428572,1,6,31.058333333333334
36107,98,1.6428571428571428,19.518830660835764,80,2.0125,23.75843125,104,1.5576923076923077,29.517290064102564,19,3.5789473684210527,19.90449498746867,20,4.3,24.242225,16,3.625,29.896447916666666,3,6,20.022079365079364,7,5.857142857142857,24.58147619047619,4,5,30.3385
36109,93,1.7311827956989247,19.610766001024064,86,1.8837209302325582,23.850708333333333,109,1.4770642201834863,29.566798165137616,17,3.6470588235294117,19.997425770308123,19,4.2631578947368425,24.406627192982455,13,3.3846153846153846,30.157,4,5.5,20.108642857142858,7,5.714285714285714,24.556797619047618,2,5,29.733
36111,78,1.6666666666666667,20.605751526251527,64,2.03125,25.157412946428572,83,1.5542168674698795,30.880251004016063,10,4.6,21.147361904761905,20,3.7,25.557971428571427,13,3.4615384615384617,31.27275641025641,5,5.6,20.995390476190476,3,5.666666666666667,25.923142857142857,1,6,32.205
36113,88,1.8522727272727273,19.424193181818183,80,2.0125,23.96720625,106,1.5188679245283019,29.541265723270442,20,3.8,19.8962,24,3.625,24.4519375,14,3.4285714285714284,30.00922619047619,6,5,20.099,4,5.5,25.050166666666666,2,5.5,30.236666666666668
36115,88,1.8295454545454546,19.790498106060607,77,2.090909090909091,24.154333333333334,95,1.694736842105263,29.576877192982455,18,3.7777777777777777,20.29965740740741,25,3.76,24.62554666666667,19,3.3157894736842106,30.0859649122807,5,5,20.2476,5,5.8,25.037733333333332,1,6,31.16
36117,73,1.7808219178082192,20.75765101108937,65,1.9846153846153847,24.85517692307692,89,1.449438202247191,30.419386035313003,14,3.857142857142857,21.194537414965986,17,3.8823529411764706,25.188029411764706,9,3.7777777777777777,30.805039682539682,3,5.666666666666667,21.28895238095238,3,6.333333333333333,25.429666666666666,1,7,31.142857142857142
36119,70,1.8571428571428572,22.410515646258503,62,2.0806451612903225,26.13985599078341,83,1.5542168674698795,31.156248995983937,16,3.625,22.767255952380953,20,3.75,26.45480357142857,13,3.5384615384615383,31.527589743589743,2,6,23.149714285714285,3,6,26.82785714285714,1,5,32.832
36121,94,1.7234042553191489,19.236903368794326,78,2.076923076923077,23.363625763125764,102,1.5980392156862746,28.761160130718952,15,4.466666666666667,19.79626111111111,20,4.4,23.814140476190477,16,3.75,29.327708333333334,7,5.714285714285714,20.033892857142856,6,6.166666666666667,24.007690476190476,3,6,29.307222222222222
36123,95,1.694736842105263,19.791307268170424,82,1.9634146341463414,24.06479268292683,110,1.4636363636363636,29.771106060606062,15,4,20.3056126984127,18,4.222222222222222,24.613500000000002,15,3.2,30.142777777777777,5,5.4,20.40017142857143,6,5.833333333333333,24.82425,0,NA,NA
37001,68,1.8970588235294117,23.01702030812325,60,2.15,27.113327777777776,94,1.372340425531915,33.503599290780144,17,4.117647058823529,23.170728291316525,17,4.294117647058823,27.279980392156862,8,3.125,33.813541666666666,5,6.2,23.319142857142857,7,5.571428571428571,27.435904761904762,0,NA,NA
37003,72,2.2777777777777777,21.72966446208113,64,2.578125,26.184111793154763,105,1.5333333333333334,32.62024761904762,16,5.5,22.03786507936508,26,4.269230769230769,26.336082875457876,13,3.6153846153846154,32.85276923076923,9,7.333333333333333,22.08731569664903,8,6.375,26.52612351190476,3,5.666666666666667,32.92755555555555
37005,65,2.0153846153846153,19.279160528360528,53,2.4339622641509435,23.78099460916442,83,1.5542168674698795,30.175341365461847,16,4.4375,19.541902146464647,21,4.285714285714286,23.97012925170068,10,4.2,30.344833333333334,5,7,19.607086868686867,8,5.625,24.064089285714285,4,5.5,30.506666666666668
37007,73,2.219178082191781,23.494626060013047,71,2.267605633802817,27.55869014084507,113,1.424778761061947,33.86355162241888,20,4.7,23.69638511904762,22,4.181818181818182,27.6985,12,3.3333333333333335,34.27927777777778,9,6.222222222222222,23.699744708994707,9,5.444444444444445,27.81587037037037,1,5,33.758
37009,62,2.129032258064516,18.636948156682028,56,2.3035714285714284,22.998249149659863,89,1.449438202247191,29.11208988764045,15,4.8,18.76905238095238,19,4.157894736842105,23.233260651629074,9,3.6666666666666665,29.46788888888889,5,7.6,18.851990476190476,6,5.833333333333333,23.45615873015873,2,5,29.698
37011,52,2.480769230769231,18.082025946275948,57,2.2982456140350878,22.71055200501253,80,1.6125,29.080729166666668,16,5.25,18.344396825396824,19,4.2105263157894735,23.00876127819549,12,3.8333333333333335,29.37736111111111,8,6.875,18.438793650793652,7,6,23.134494897959183,4,5.25,29.452916666666667
37013,73,2.219178082191781,24.255538921504673,68,2.411764705882353,27.759917717086836,105,1.5333333333333334,33.40317936507937,18,5.166666666666667,24.47857451499118,21,4.714285714285714,28.08687641723356,12,3.5833333333333335,33.79281944444445,10,6.3,24.59851746031746,9,6.555555555555555,28.086693121693123,1,5,33.528
37015,59,2.1864406779661016,24.204015469464622,53,2.4339622641509435,27.822447589098534,91,1.4395604395604396,33.579575091575094,16,4.5,24.345119543650792,17,4.529411764705882,27.998218954248365,11,3.3636363636363638,33.73466666666667,6,6.5,24.373652116402116,7,6.285714285714286,28.112936507936507,2,5,33.528999999999996
37017,81,1.9876543209876543,24.1077886537331,72,2.236111111111111,27.757733796296296,115,1.4,33.737847826086956,19,4.2105263157894735,24.28978320802005,23,4.130434782608695,27.971166666666665,11,3.5454545454545454,33.94204545454546,6,6,24.521535714285715,7,6,28.124666666666666,1,6,33.81166666666667
37019,64,2.015625,25.382596354166665,62,2.096774193548387,28.01687365591398,103,1.2621359223300972,32.55547965788257,18,3.888888888888889,25.521453703703703,18,3.7777777777777777,28.259787037037036,7,3.7142857142857144,33.10420068027211,5,5,25.7364,3,5.666666666666667,28.309,1,7,32.53857142857143
37021,67,2.4029850746268657,19.31187025909414,64,2.515625,24.097849826388888,109,1.4862385321100917,30.6996376146789,21,4.857142857142857,19.530014636157492,24,4.375,24.373016203703703,16,3.375,31.12878125,7,7.857142857142857,19.654805813234386,9,6.222222222222222,24.50443209876543,2,5,31.559
37023,59,2.1864406779661016,21.24944874899112,51,2.5294117647058822,26.038411297852473,87,1.5057471264367817,32.57681609195402,17,4.294117647058823,21.482204481792717,19,4.578947368421052,26.178630325814538,11,3.5454545454545454,32.65890909090909,5,6.8,21.725495238095238,7,7,26.213663265306124,3,5,33.022666666666666
37025,58,2.2241379310344827,23.261798850574714,55,2.418181818181818,27.32703181818182,96,1.34375,33.853828125,17,4.176470588235294,23.37201960784314,21,3.9047619047619047,27.402226190476192,8,3.25,33.9915625,5,6.2,23.529866666666667,6,5.5,27.627375,0,NA,NA
37027,70,2.3,21.154669727891157,60,2.683333333333333,25.86057218152218,103,1.5631067961165048,32.31807281553398,21,4.619047619047619,21.40937528344671,24,4.541666666666667,26.02934712047212,17,3.5294117647058822,32.48126470588235,7,7,21.592530612244897,10,6.6,26.13493308913309,3,5.666666666666667,32.84466666666667
37029,64,2.0625,24.513175347222223,54,2.4074074074074074,27.877573192239858,85,1.5176470588235293,33.22845490196078,14,4.714285714285714,24.832373015873017,15,4.733333333333333,28.188596825396825,11,3.6363636363636362,33.61806060606061,6,6.333333333333333,24.785398148148147,7,6.142857142857143,28.137231292517008,2,5,33.386
37031,70,2.3142857142857145,25.162942857142856,77,2.116883116883117,27.795504947433518,118,1.38135593220339,32.362057909604516,21,4.666666666666667,25.32147619047619,23,3.9565217391304346,28.08929917184265,9,3.7777777777777777,32.70364814814815,8,6.375,25.2766875,7,5.428571428571429,27.89543537414966,2,5.5,32.65683333333333
37033,61,2.1147540983606556,23.05858255269321,58,2.2413793103448274,27.00655459770115,95,1.368421052631579,33.193828070175435,17,4.411764705882353,23.16285504201681,17,4.470588235294118,27.230892156862744,6,3.5,33.39977777777778,5,6.8,23.320207142857143,7,5.714285714285714,27.254190476190477,1,5,33.211999999999996
37035,69,2.36231884057971,22.29481113411548,59,2.7457627118644066,26.714011578816663,111,1.4504504504504505,33.04336186186186,18,5.055555555555555,22.53399823633157,24,4.541666666666667,26.855903464590963,12,3.4166666666666665,33.29734722222222,8,7.25,22.586600198412697,9,6.555555555555555,27.004446275946275,2,5,33.602000000000004
37037,63,2.0952380952380953,23.38362207105064,59,2.1864406779661016,27.414723163841806,92,1.4456521739130435,33.6254981884058,19,3.9473684210526314,23.531220551378446,16,4.4375,27.607104166666666,9,3.3333333333333335,33.66564814814815,5,5.8,23.686638095238095,9,5.222222222222222,27.668555555555557,0,NA,NA
37039,69,2.3333333333333335,20.494519323671497,62,2.6129032258064515,25.04863274449565,100,1.65,31.199320606060606,21,5.095238095238095,20.715801587301588,22,5.045454545454546,25.381828643578643,17,4,31.634238859180037,10,7.3,20.816516666666665,10,7,25.44560634920635,4,6.5,31.869681818181817
37041,63,2.0793650793650795,24.47458238851096,56,2.357142857142857,27.861704365079365,87,1.4827586206896552,33.39494444444445,14,4.785714285714286,24.757406462585035,17,4.529411764705882,28.106496732026145,9,3.5555555555555554,33.52112962962963,6,6.5,24.728392857142858,8,6,28.167347222222222,1,5,33.166000000000004
37043,71,2.295774647887324,20.268310082718532,60,2.683333333333333,24.890663888888888,102,1.588235294117647,31.09083660130719,19,5,20.482895572263992,21,5,25.20713492063492,16,3.625,31.612208333333335,7,8.142857142857142,20.68381179138322,10,6.6,25.319233333333333,4,5,31.6255
37045,72,2.25,22.633728780864196,65,2.5076923076923077,27.05848827838828,105,1.5333333333333334,33.58831587301587,17,5.411764705882353,22.811968954248368,24,4.166666666666667,27.200280753968254,16,3.3125,33.81582291666667,7,8,22.830972222222222,8,5.875,27.334904761904763,1,5,33.664
37047,83,1.9397590361445782,24.299206253585773,70,2.3285714285714287,27.839188095238097,110,1.4727272727272727,33.59215670995671,18,4.444444444444445,24.461895502645504,27,4.074074074074074,28.013265432098766,13,3.6153846153846154,33.77017216117216,8,5.875,24.583952380952383,9,5.888888888888889,28.04525925925926,2,6,33.775285714285715
37049,73,2.26027397260274,24.521724233529028,71,2.267605633802817,27.873719874804383,108,1.4907407407407407,33.238984567901234,21,4.619047619047619,24.687422335600907,22,4.409090909090909,28.177459595959597,12,3.5833333333333335,33.48919444444444,9,6,24.720281746031745,8,6.375,28.01415972222222,1,5,33.562
37051,69,1.8840579710144927,24.04366563146998,67,1.955223880597015,27.628614783226723,91,1.4175824175824177,33.56165567765568,13,4.3076923076923075,24.243686813186812,15,4.133333333333334,27.80614603174603,8,3.375,33.65508333333334,5,5.8,24.455085714285715,6,5.5,28.054531746031746,1,5,33.454
37053,62,2.096774193548387,24.680639784946237,56,2.357142857142857,27.913381944444446,81,1.5925925925925926,33.174343621399174,14,4.785714285714286,24.988190476190475,16,4.625,28.209961805555555,11,3.909090909090909,33.413348484848484,7,6.142857142857143,24.895190476190475,7,5.857142857142857,28.207650793650792,3,5.333333333333333,33.23811111111111
37055,62,2.1129032258064515,25.308422043010754,57,2.263157894736842,27.784266081871344,96,1.3645833333333333,32.23986111111111,15,4.466666666666667,25.54681111111111,16,4.5,28.035822916666667,10,3.4,32.35616666666667,4,7,25.642625000000002,6,6.166666666666667,28.018166666666666,0,NA,NA
37057,65,2,22.921753663003663,59,2.1864406779661016,26.958790960451978,93,1.3870967741935485,33.289587813620074,14,4.357142857142857,23.072427721088435,16,4.0625,27.131479166666665,9,3.2222222222222223,33.2962962962963,4,7.25,23.285372023809526,4,5.75,27.417375,0,NA,NA
37059,70,2.3142857142857145,22.7307376984127,64,2.59375,26.870061879960318,104,1.5480769230769231,33.248948717948714,19,4.684210526315789,22.832454678362573,28,4.071428571428571,26.965855725623584,11,3.6363636363636362,33.405515151515154,6,7.5,23.015828703703704,7,6.142857142857143,27.20354195011338,3,5.333333333333333,33.43688888888889
37061,82,1.975609756097561,24.06405487804878,72,2.236111111111111,27.66955291005291,110,1.4727272727272727,33.53129696969697,17,4.588235294117647,24.27073529411765,21,4.714285714285714,27.944419501133787,11,3.6363636363636362,33.907060606060604,8,5.875,24.453125,10,6.3,27.953114285714285,1,5,34.216
37063,64,2.03125,23.46700855654762,56,2.3035714285714284,27.517738095238094,89,1.449438202247191,33.71574157303371,17,4.176470588235294,23.651385154061625,16,4.625,27.667083333333334,10,3.3,33.7611,6,6,23.774896825396823,10,5.4,27.728833333333334,1,5,33.916000000000004
37065,65,1.9846153846153847,24.107147252747254,56,2.3392857142857144,27.72814455782313,89,1.4606741573033708,33.59698689138577,13,4.6923076923076925,24.297274725274725,15,4.866666666666666,27.949073015873015,9,3.3333333333333335,33.75520370370371,7,6,24.495891156462584,9,5.888888888888889,28.042343915343917,1,5,33.566
37067,76,2.1184210526315788,22.46334278404344,66,2.4393939393939394,26.573945887445888,106,1.528301886792453,32.95849685534591,17,4.705882352941177,22.623179505135386,24,4.291666666666667,26.699184523809524,12,3.5833333333333335,33.133805555555554,6,7.5,22.825536375661375,9,5.888888888888889,26.808195767195766,3,5.333333333333333,33.05411111111111
37069,61,2.1639344262295084,23.549158079625293,55,2.3636363636363638,27.48769191919192,90,1.4555555555555555,33.536411111111114,17,4.470588235294118,23.745214285714287,18,4.555555555555555,27.62989197530864,7,3.5714285714285716,33.730285714285714,7,6,23.85682993197279,9,5.777777777777778,27.828024691358024,1,5,33.711999999999996
37071,62,2.0806451612903225,23.03305414746544,59,2.2203389830508473,27.225782485875705,94,1.372340425531915,33.651941489361704,15,4.666666666666667,23.154957142857143,18,3.8333333333333335,27.377564814814814,8,3.25,33.9928125,6,6.833333333333333,23.22697619047619,5,5,27.5784,0,NA,NA
37073,61,2.1311475409836067,24.10019138693729,56,2.3035714285714284,27.800630952380953,89,1.449438202247191,33.48603745318352,15,4.666666666666667,24.299778306878306,18,4.333333333333333,27.979462962962963,9,3.3333333333333335,33.7947037037037,6,6.5,24.370140211640212,7,6,28.054333333333332,1,5,33.294
37075,63,2.0634920634920637,19.919898526077098,52,2.480769230769231,24.668405906593406,85,1.5294117647058822,30.841562745098038,14,5,20.114186224489796,19,4.631578947368421,24.956163533834587,11,3.727272727272727,31.309348484848485,8,6.5,20.190659226190476,9,6.222222222222222,25.048197089947088,3,5.333333333333333,31.66622222222222
37077,58,2.2241379310344827,23.44504064039409,57,2.2982456140350878,27.395469089390144,91,1.4175824175824177,33.511239926739925,19,4.368421052631579,23.6245977443609,18,4.444444444444445,27.585929894179895,10,3.3,33.54978333333333,6,6.166666666666667,23.679142857142857,8,5.75,27.70115476190476,1,5,34.012
37079,67,1.9402985074626866,24.217174484719262,54,2.388888888888889,27.777334362139918,92,1.4021739130434783,33.50524637681159,13,4.6923076923076925,24.457360805860805,17,4.823529411764706,27.96682679738562,8,3.25,33.88033333333333,8,5.625,24.498107142857144,9,6.111111111111111,28.053913580246913,1,5,33.916000000000004
37081,64,2.015625,22.775304873511903,61,2.1311475409836067,26.835834699453553,88,1.4659090909090908,33.31465909090909,16,4.5,22.89809449404762,16,4.4375,27.000682291666667,8,3.25,33.338125,6,6.833333333333333,23.031446428571428,7,5.571428571428571,27.156202380952383,0,NA,NA
37083,59,2.1864406779661016,23.830205609362388,53,2.452830188679245,27.65303249475891,88,1.4659090909090908,33.47173863636364,15,4.666666666666667,24.0364753968254,18,4.555555555555555,27.79754012345679,10,3.4,33.8378,6,6.333333333333333,24.24160515873016,9,5.777777777777778,28.01535802469136,2,5,33.638999999999996
37085,78,2.076923076923077,23.735322954822955,65,2.476923076923077,27.45915586080586,112,1.4553571428571428,33.403282738095236,19,4.473684210526316,23.866588972431078,22,4.590909090909091,27.618869588744587,13,3.3846153846153846,33.646743589743586,8,6.125,24.03939880952381,10,5.9,27.748513095238096,2,5,33.238
37087,65,2,17.95823876123876,53,2.452830188679245,22.831988769092543,80,1.6125,29.545958333333335,12,5.25,18.231709956709956,20,4.15,23.11377023809524,14,3.5,29.827261904761905,3,11,18.536839826839827,8,5.625,23.242238095238093,3,5,30.03
37089,58,2.2241379310344827,19.72952985520227,52,2.480769230769231,24.599022435897435,87,1.4827586206896552,31.504747126436783,15,5.133333333333334,20.02851544011544,21,4.238095238095238,24.827579365079366,9,3.5555555555555554,31.740333333333332,7,7.142857142857143,20.036580705009275,6,6.666666666666667,25.010555555555555,1,5,32.168
37091,61,2.1475409836065573,24.052098490762425,54,2.388888888888889,27.776913580246912,89,1.4606741573033708,33.57287640449438,14,4.785714285714286,24.23771485260771,18,4.444444444444445,27.930185185185184,10,3.2,33.7476,6,6.5,24.261751322751323,9,5.777777777777778,28.122777777777777,1,5,33.456
37093,72,1.8055555555555556,23.985011904761905,67,1.9701492537313432,27.498321606254443,97,1.3298969072164948,33.38090721649485,15,4,24.155057142857142,13,4.384615384615385,27.661734432234432,7,3.4285714285714284,33.476142857142854,4,6,24.44104761904762,6,5.666666666666667,27.85723015873016,1,5,33.178
37095,71,2.2816901408450705,24.97627107086966,66,2.4696969696969697,27.835680735930737,112,1.4464285714285714,32.38033482142857,21,4.714285714285714,25.14501171579743,21,4.857142857142857,28.10832993197279,12,3.5,32.602291666666666,8,6.75,25.22492658730159,10,6.6,27.985992857142858,1,5,32.660000000000004
37097,54,2.388888888888889,22.909383230452676,57,2.3157894736842106,26.986662280701754,95,1.368421052631579,33.38850877192982,17,4.294117647058823,23.005687908496732,19,4.052631578947368,27.164986842105264,7,3.142857142857143,33.67190476190476,5,6.8,23.255505555555555,6,5.5,27.299958333333333,0,NA,NA
37099,57,2.280701754385965,18.72412626904113,49,2.63265306122449,23.683424684159377,85,1.5294117647058822,30.12879019607843,15,5.266666666666667,18.936679822356293,19,4.526315789473684,23.937779448621555,13,3.5384615384615383,30.48324358974359,3,13,19.078121334003686,8,6.25,24.073267857142856,2,5,30.734
37101,76,2.1447368421052633,23.817268483709274,62,2.629032258064516,27.498309523809525,109,1.4770642201834863,33.36223088685015,20,4.35,23.995370238095237,23,4.6521739130434785,27.654573498964805,14,3.2857142857142856,33.60058333333333,8,5.75,24.197800595238096,10,6.3,27.82151904761905,1,5,33.264
37103,76,2.1447368421052633,24.30281907894737,69,2.347826086956522,27.79301851851852,107,1.5046728971962617,33.41030062305296,18,4.722222222222222,24.494125,24,4.416666666666667,28.022011574074075,11,3.5454545454545454,33.742924242424245,8,6.25,24.482822916666667,8,6.5,27.909576388888887,1,5,33.308
37105,77,2.090909090909091,23.454140383426097,65,2.4923076923076923,27.406095787545787,114,1.4385964912280702,33.591157894736845,20,4.45,23.613940476190475,23,4.695652173913044,27.552227225672876,11,3.3636363636363638,33.82609090909091,8,6,23.68516369047619,12,5.833333333333333,27.651560515873015,1,5,33.282000000000004
37107,66,1.9545454545454546,24.17178751803752,57,2.280701754385965,27.77586828181565,92,1.4021739130434783,33.636909420289854,13,4.538461538461538,24.399459706959707,17,4.588235294117647,27.987323062558357,7,3.2857142857142856,33.97295238095238,7,5.428571428571429,24.491972789115646,8,6,28.12076984126984,1,5,34.174
37109,66,2.4393939393939394,22.922265993265995,66,2.4393939393939394,27.110274410774412,109,1.4770642201834863,33.36451987767584,21,4.761904761904762,23.09235978835979,24,4.041666666666667,27.28658796296296,13,3.3846153846153846,33.560589743589745,8,7.125,23.15629861111111,8,5.625,27.46413888888889,1,5,33.836
37111,72,2.2777777777777777,20.75788701499118,59,2.7288135593220337,25.760447740112994,94,1.7127659574468086,32.37350177304965,24,4.458333333333333,21.041161044973546,24,4.666666666666667,25.971100694444445,18,3.611111111111111,32.451898148148146,7,7.285714285714286,21.200290249433106,9,7.111111111111111,26.162194444444445,3,5.333333333333333,32.92944444444444
37113,58,2.2241379310344827,18.87345092551127,51,2.607843137254902,23.72431808278867,83,1.5662650602409638,30.334763052208835,14,5.214285714285714,19.11608240568955,18,4.777777777777778,23.984179012345678,10,3.4,30.683533333333333,5,8.8,19.154697402597403,10,6,24.04118888888889,1,5,30.392
37115,64,2.53125,19.271593817640692,69,2.347826086956522,23.882629342074996,97,1.6701030927835052,30.249460481099657,19,5.315789473684211,19.551158122579174,20,4.65,24.23357123015873,17,3.5294117647058822,30.368392156862747,9,7.444444444444445,19.65661159211159,10,6.1,24.260559126984127,4,5,30.2715
37117,65,2.0153846153846153,24.17892783882784,53,2.452830188679245,27.801870470200658,87,1.5172413793103448,33.59988888888889,14,4.571428571428571,24.402879251700682,18,4.555555555555555,28.018563051146383,10,3.4,33.82853333333333,5,6.6,24.44572857142857,8,6.125,28.035204365079366,2,5,33.551
37119,60,2.1666666666666665,23.17987685185185,58,2.2758620689655173,27.283787356321838,93,1.4193548387096775,33.738001792114694,14,4.428571428571429,23.32161507936508,20,3.8,27.388483333333333,11,3.272727272727273,33.99583333333334,4,7.5,23.467944444444445,5,5,27.6176,0,NA,NA
37121,51,2.549019607843137,19.183240585122938,55,2.381818181818182,23.92546471861472,81,1.5925925925925926,30.250835390946502,18,5,19.39834832451499,20,4.25,24.178277976190476,11,3.6363636363636362,30.482969696969697,7,7.428571428571429,19.443848072562357,8,5.875,24.309861607142857,3,5.333333333333333,30.772000000000002
37123,76,2.1184210526315788,23.261470551378448,68,2.3676470588235294,27.335325980392156,118,1.3644067796610169,33.57918785310734,20,4.55,23.382838095238096,24,4.083333333333333,27.40467361111111,11,3.272727272727273,33.850833333333334,8,6.75,23.52355357142857,10,5.2,27.5998,0,NA,NA
37125,69,1.8840579710144927,23.537817115251897,63,2.0793650793650795,27.444354497354496,96,1.3541666666666667,33.67987673611111,15,3.933333333333333,23.717292063492064,17,4.0588235294117645,27.577901960784313,5,3.6,33.874633333333335,4,5.5,23.82692857142857,6,5.166666666666667,27.769333333333332,1,5,33.804
37127,67,1.955223880597015,23.881411513859273,57,2.280701754385965,27.6591432748538,89,1.449438202247191,33.57491573033708,12,4.75,24.15579761904762,15,4.8,27.87507777777778,9,3.111111111111111,33.75083333333333,7,6,24.293272108843535,9,5.777777777777778,27.98651851851852,0,NA,NA
37129,66,1.9545454545454546,25.281002525252525,64,2.078125,28.0672734375,99,1.303030303030303,32.963045935545935,14,4.285714285714286,25.475440476190474,18,3.7777777777777777,28.303083333333333,8,3.625,33.51331845238095,5,5.6,25.3374,4,5.25,28.224916666666665,1,7,32.66571428571429
37131,61,2.1475409836065573,23.873132708821235,55,2.3454545454545452,27.667391919191918,89,1.4719101123595506,33.46655056179775,16,4.5625,24.11350595238095,17,4.470588235294118,27.877444444444446,9,3.4444444444444446,33.79866666666667,5,6.6,24.13805238095238,7,6,28.061888888888888,2,5,33.609
37133,72,2.236111111111111,24.64850033068783,76,2.1184210526315788,27.86267073934837,112,1.4464285714285714,33.203774659863946,20,4.65,24.78485119047619,27,3.888888888888889,28.10418430335097,8,4,33.70534523809524,8,6.25,24.787127976190476,6,5.833333333333333,27.98313492063492,2,6,33.43471428571429
37135,66,1.9545454545454546,23.33900974025974,56,2.3035714285714284,27.304333333333332,89,1.449438202247191,33.53828651685393,18,3.8333333333333335,23.494424603174604,16,4.5625,27.471104166666667,11,3.090909090909091,33.48613636363636,4,5.75,23.744285714285716,9,5.444444444444445,27.537333333333333,0,NA,NA
37137,75,2.2133333333333334,24.846285079365078,68,2.3676470588235294,27.954690359477123,116,1.4051724137931034,32.9047816091954,23,4.391304347826087,25.058320910973084,24,4.208333333333333,28.220164351851853,10,3.8,33.38446666666667,8,6,25.100276785714286,7,6.571428571428571,28.05163492063492,2,5,33.129
37139,63,2.0476190476190474,24.4996684303351,54,2.425925925925926,27.852549529688417,85,1.5294117647058822,33.26945882352941,14,4.571428571428571,24.809579365079365,16,4.6875,28.104229662698412,12,3.6666666666666665,33.622416666666666,5,6.6,24.84132222222222,7,6.142857142857143,28.089548752834467,2,5,33.397000000000006
37141,62,2.096774193548387,24.83018906810036,66,1.9696969696969697,28.069714646464647,89,1.449438202247191,33.52192883895131,15,4.333333333333333,24.99744814814815,18,3.7777777777777777,28.29089814814815,9,3.888888888888889,33.94962962962963,4,6.25,24.88272222222222,5,5.2,28.217733333333335,2,6,33.535
37143,65,2.0153846153846153,24.413359401709403,57,2.280701754385965,27.799491228070174,89,1.4606741573033708,33.321855805243445,14,4.642857142857143,24.71309722222222,17,4.411764705882353,28.048000000000002,10,3.5,33.46451666666667,5,7,24.742505555555553,7,6,28.13561904761905,1,5,33.056
37145,67,1.9402985074626866,23.0821723525231,63,2.0952380952380953,27.037503023431594,87,1.4942528735632183,33.23644636015326,16,4.25,23.267221726190478,17,4.352941176470588,27.261628851540618,9,3.7777777777777777,33.25564814814815,5,6,23.449609523809524,7,5.571428571428571,27.40812244897959,2,6,33.005833333333335
37147,67,1.9253731343283582,24.21488699360341,54,2.4074074074074074,27.813110082304526,85,1.5294117647058822,33.61387450980392,13,4.538461538461538,24.46210989010989,17,4.823529411764706,28.02223202614379,10,3.4,33.94943333333333,7,5.714285714285714,24.412013605442176,9,6.333333333333333,28.09116049382716,1,5,33.296
37149,65,2.4923076923076923,21.62876153846154,60,2.683333333333333,26.366459722222224,102,1.5980392156862746,32.96192156862745,24,4.5,21.821645833333335,27,4.222222222222222,26.518984567901235,13,3.5384615384615383,33.09738461538461,9,6.666666666666667,21.973925925925926,10,6,26.611341666666668,2,5,33.298
37151,67,1.955223880597015,23.042346126510306,61,2.1147540983606556,27.103852459016395,95,1.368421052631579,33.41351754385965,17,3.9411764705882355,23.17630532212885,17,4,27.26029411764706,7,3.4285714285714284,33.499880952380956,4,6.25,23.37054761904762,5,5.2,27.519666666666666,0,NA,NA
37153,69,1.8840579710144927,23.67643685300207,61,2.1147540983606556,27.572092896174862,90,1.4333333333333333,33.829188888888886,16,3.8125,23.85244642857143,16,4,27.673291666666668,9,3.3333333333333335,34.03688888888889,2,6,24.134571428571427,6,5.166666666666667,27.84961111111111,1,5,33.642
37155,69,1.8695652173913044,24.205500345065563,64,2.015625,27.698379092261906,103,1.2621359223300972,33.578284789644016,13,4.3076923076923075,24.397655677655678,15,4.133333333333334,27.898084126984127,6,3.3333333333333335,33.88805555555555,6,5.833333333333333,24.61547619047619,6,5.666666666666667,28.079238095238097,0,NA,NA
37157,64,2.015625,22.679543526785714,60,2.2,26.682125793650794,90,1.4666666666666666,32.97989259259259,12,5.083333333333333,22.861315476190477,20,4.1,26.87412738095238,7,3.857142857142857,33.160761904761905,7,6.428571428571429,22.846897959183675,8,5.375,27.006464285714287,3,5,33.10733333333334
37159,58,2.2241379310344827,23.090273946360153,56,2.3392857142857144,27.12232142857143,97,1.3505154639175259,33.57388316151203,17,4,23.163287581699347,19,4,27.257631578947368,10,3.1,33.81766666666667,4,6.5,23.472305555555558,6,5.5,27.465833333333332,0,NA,NA
37161,67,2.417910447761194,21.961540156361053,59,2.7457627118644066,26.683565204099104,107,1.514018691588785,33.24034890965732,24,4.5,22.14409126984127,27,4.333333333333333,26.77316100154989,11,3.272727272727273,33.463848484848484,9,6.555555555555555,22.26183597883598,9,6.555555555555555,26.90050152316819,1,5,34.144
37163,75,2.16,23.996962063492063,71,2.267605633802817,27.579367203219316,110,1.4636363636363636,33.46154545454545,20,4.6,24.14235773809524,20,4.7,27.78850357142857,12,3.3333333333333335,33.79833333333333,10,5.8,24.334965476190476,9,6.111111111111111,27.91473015873016,2,5,33.614999999999995
37165,72,1.7916666666666667,23.984219246031746,64,2.078125,27.59320982142857,97,1.3298969072164948,33.69051546391753,13,4.076923076923077,24.197214285714285,15,4.2,27.71402857142857,5,3.2,33.858,3,6.333333333333333,24.31542857142857,6,5.666666666666667,27.903126984126985,0,NA,NA
37167,75,2.16,23.248941904761907,68,2.3676470588235294,27.375872549019608,108,1.4907407407407407,33.84304629629629,21,4.380952380952381,23.375268707482995,24,4,27.45497222222222,14,3.357142857142857,34.003142857142855,7,6.714285714285714,23.530925170068027,10,5.1,27.662933333333335,1,5,33.564
37169,76,2.1184210526315788,21.92589933166249,64,2.53125,26.20431634424603,100,1.61,32.56247333333334,16,5,22.188646825396827,24,4.375,26.41776025132275,10,4.1,32.809733333333334,8,7,22.246043650793652,9,5.888888888888889,26.515601410934742,5,5.2,32.778800000000004
37171,74,2.189189189189189,21.40474823037323,66,2.4545454545454546,25.96912506012506,96,1.6979166666666667,32.30700892857143,20,4.6,21.62581845238095,25,4.24,26.18669015873016,15,3.8666666666666667,32.512190476190476,8,6.5,21.78871279761905,9,5.888888888888889,26.279509700176366,4,5.5,32.69571428571429
37173,70,2.3,19.322892595499738,60,2.683333333333333,24.192749206349205,98,1.663265306122449,30.429414965986396,20,4.85,19.611124084249084,23,4.739130434782608,24.44651966873706,17,3.8823529411764706,30.8101568627451,7,7.714285714285714,19.694283097854527,12,6.166666666666667,24.612496031746034,6,5.333333333333333,30.95238888888889
37175,58,2.2758620689655173,19.343855355935478,47,2.765957446808511,24.266310283687943,81,1.6049382716049383,31.07120781893004,12,6,19.692384220354807,22,4.363636363636363,24.45916287878788,15,3.4,31.16618888888889,7,8,19.67480152060824,9,6.111111111111111,24.55563888888889,2,5,31.396
37177,75,2.1466666666666665,24.558562010582012,60,2.683333333333333,27.89638597883598,106,1.5188679245283019,33.134224842767296,22,4.318181818181818,24.75487049062049,20,5,28.089657936507937,12,3.75,33.422736111111114,7,6.285714285714286,24.891616780045354,10,6.6,28.127315873015874,2,5.5,33.31016666666667
37179,82,1.9878048780487805,23.16297270615563,72,2.25,27.258256944444444,113,1.424778761061947,33.712035398230086,18,4.388888888888889,23.335208994708996,26,3.8461538461538463,27.377673076923077,13,3.230769230769231,34.098461538461535,6,6.5,23.454238095238093,8,5.125,27.550458333333335,0,NA,NA
37181,59,2.2203389830508473,23.376993946731236,57,2.280701754385965,27.359177109440267,89,1.4831460674157304,33.43663483146067,19,4.421052631578948,23.573033834586465,17,4.588235294117647,27.5390056022409,13,3.3846153846153846,33.48157692307692,7,6.142857142857143,23.626448979591835,8,5.625,27.679761904761904,1,5,34.018
37183,63,2.0952380952380953,23.608151171579742,57,2.263157894736842,27.468647660818714,91,1.4175824175824177,33.51392673992674,18,4.055555555555555,23.781862433862432,16,4.625,27.643307291666666,7,3.5714285714285716,33.68747619047619,6,5.833333333333333,23.853920634920634,10,5.5,27.738208333333333,1,5,33.744
37185,58,2.2586206896551726,23.49462862616311,56,2.3035714285714284,27.495719387755102,83,1.5542168674698795,33.49834939759036,18,4.666666666666667,23.71102557319224,16,4.8125,27.69408035714286,12,3.4166666666666665,33.61233333333333,8,6.375,23.790849206349208,8,6.125,27.791910714285713,1,5,33.878
37187,63,2.0634920634920637,24.440924162257495,51,2.549019607843137,27.86366036414566,87,1.4827586206896552,33.435971264367815,15,4.733333333333333,24.69554814814815,17,4.588235294117647,28.173628151260505,9,3.3333333333333335,33.58105555555555,7,6.428571428571429,24.643079365079366,8,5.875,28.089897321428573,1,5,33.382
37189,60,2.1666666666666665,18.369612896825398,58,2.2413793103448274,22.93934564860427,87,1.528735632183908,29.278222222222222,15,5.066666666666666,18.613451587301586,21,3.9047619047619047,23.168430839002266,11,3.3636363636363638,29.56230303030303,6,7.333333333333333,18.666267857142856,6,5.666666666666667,23.39561904761905,1,5,30.052
37191,78,2.076923076923077,24.052653846153845,69,2.36231884057971,27.58787824936738,109,1.4954128440366972,33.30678899082569,20,4.35,24.23735,20,4.75,27.81567996031746,13,3.3076923076923075,33.651153846153846,9,5.666666666666667,24.448555555555554,10,6.1,27.932693253968253,1,5,33.93
37193,62,2.0806451612903225,21.28061507936508,54,2.388888888888889,25.929092592592593,79,1.6455696202531647,32.36583966244726,14,4.857142857142857,21.515223922902493,21,3.9523809523809526,26.154809523809522,10,3.8,32.54363333333333,6,6.666666666666667,21.63121693121693,6,5.5,26.34572222222222,3,5.333333333333333,32.63322222222222
37195,65,2,24.074442124542124,56,2.3035714285714284,27.711573696145123,92,1.4130434782608696,33.52210869565217,14,4.571428571428571,24.27740986394558,16,4.6875,27.918320436507937,10,3.3,33.7494,7,6,24.471367346938774,8,6.125,28.05955753968254,1,5,33.274
37197,71,2.267605633802817,21.971746814218644,63,2.5555555555555554,26.38940702947846,97,1.6597938144329898,32.86742611683849,16,5.25,22.18681398809524,27,4.074074074074074,26.529357142857144,16,3.6875,33.032833333333336,8,7.125,22.31331547619048,7,6.142857142857143,26.72882993197279,4,5.25,33.23591666666667
37199,47,2.74468085106383,18.867867274569402,57,2.280701754385965,23.507908521303257,79,1.6329113924050633,29.826447257383965,18,5.111111111111111,19.06165343915344,18,4.333333333333333,23.824488095238095,12,3.5833333333333335,30.11577777777778,9,6.777777777777778,19.077195767195768,7,6,23.923683673469387,3,5.333333333333333,30.159777777777776
38001,94,1.7127659574468086,18.727632978723406,89,1.8314606741573034,23.11893017656501,120,1.3416666666666666,28.978680555555556,13,4.076923076923077,19.119038461538462,13,4.769230769230769,23.689214285714286,7,3.7142857142857144,29.17595238095238,5,5,19.652,6,6,23.95690873015873,1,6,30.171666666666667
38003,95,1.7052631578947368,19.94743684210526,89,1.8314606741573034,24.183867041198504,107,1.5046728971962617,29.76693925233645,17,4,20.133617647058824,15,4.2,24.769944444444445,14,3.9285714285714284,30.119464285714287,5,5.4,20.7278,5,5.8,25.109333333333332,3,6,30.526666666666667
38005,101,1.603960396039604,19.270866336633663,83,1.9397590361445782,23.657142570281124,108,1.5,28.99408950617284,16,3.6875,19.77203125,22,3.727272727272727,23.96785606060606,12,3.8333333333333335,29.169305555555557,4,5.25,19.990000000000002,3,5.666666666666667,24.64288888888889,2,6,29.779166666666665
38007,96,1.6875,18.27907638888889,87,1.8505747126436782,22.74083429118774,116,1.4051724137931034,28.56644396551724,15,4.066666666666666,18.672422222222224,18,4.055555555555555,23.165699074074073,9,3.6666666666666665,29.138055555555557,6,5.166666666666667,19.381055555555555,5,6,23.90035,2,5,29.475
38009,101,1.5940594059405941,18.350899339933992,81,1.9876543209876543,23.111462962962964,109,1.4770642201834863,28.919660550458715,14,4,18.507916666666667,23,3.6956521739130435,23.398847826086957,10,3.8,29.179299999999998,4,6,18.617083333333333,4,5.25,23.814833333333333,2,5.5,29.9715
38011,91,1.7802197802197801,18.225309523809525,86,1.872093023255814,22.66736143410853,120,1.35,28.597468055555556,16,4.3125,18.574885416666667,15,4.4,23.097205555555554,7,3.857142857142857,28.838023809523808,8,5.125,18.78633333333333,7,5.571428571428571,23.386869047619047,2,5.5,28.952666666666666
38013,101,1.5940594059405941,17.90830693069307,88,1.8409090909090908,22.577392045454545,118,1.3728813559322033,28.463665254237288,16,3.5625,18.25025,20,3.8,22.997025,5,3.4,28.7175,3,5.333333333333333,19.44077777777778,4,5.5,23.333666666666666,0,NA,NA
38015,102,1.5784313725490196,19.54277777777778,86,1.872093023255814,24.163203488372094,123,1.3170731707317074,29.98801490514905,13,3.6923076923076925,20.156794871794872,19,4,24.44107894736842,5,4,30.668166666666668,3,5.333333333333333,20.93166666666667,6,5.666666666666667,24.619666666666667,2,5,30.200000000000003
38017,100,1.61,20.592418333333335,86,1.8837209302325582,24.926236157253598,108,1.4907407407407407,30.551327160493827,12,4.666666666666667,21.155569444444446,18,4.055555555555555,25.37562830687831,10,4.2,31.080333333333336,5,6,21.079533333333334,5,6.2,25.81742857142857,3,6,31.304444444444446
38019,111,1.4594594594594594,18.467202702702703,82,1.9634146341463414,22.984215447154472,104,1.5576923076923077,28.471690705128204,12,3.75,18.782041666666668,22,3.6818181818181817,23.45571212121212,11,4.090909090909091,28.92098484848485,2,5,19.500999999999998,4,5.5,23.9185,3,5.666666666666667,28.864444444444445
38021,92,1.75,20.456847826086957,83,1.9397590361445782,24.74822690763052,106,1.5471698113207548,30.28304402515723,18,3.9444444444444446,20.732777777777777,18,4.055555555555555,25.196546296296297,12,4.416666666666667,30.944388888888888,5,5.4,21.349666666666668,6,5.666666666666667,25.62088888888889,5,5.8,30.747866666666667
38023,99,1.6363636363636365,17.888814814814815,86,1.872093023255814,22.61526162790698,109,1.4770642201834863,28.61952905198777,15,3.8,18.24117777777778,22,3.727272727272727,22.942386363636363,9,3.7777777777777777,28.723185185185187,4,5,19.309,4,5.25,23.589166666666667,1,5,30.102
38025,97,1.6597938144329898,18.36986647029946,93,1.7311827956989247,22.959656938044034,119,1.3529411764705883,28.847350140056022,13,4.230769230769231,19.044772893772894,16,4.125,23.386755952380952,7,3.4285714285714284,29.42852380952381,5,5.4,19.690742857142858,6,5.666666666666667,23.77996031746032,1,5,29.238
38027,108,1.4907407407407407,19.193876543209875,87,1.8505747126436782,23.739597701149425,113,1.4336283185840708,29.27376843657817,13,3.6153846153846154,19.848358974358973,19,3.8421052631578947,24.082894736842103,10,3.8,29.551583333333333,3,5,19.983999999999998,3,6,24.61611111111111,2,6,30.104166666666664
38029,93,1.7311827956989247,19.84786559139785,84,1.9404761904761905,24.168107142857142,108,1.4907407407407407,29.758876543209876,14,4.142857142857143,20.54189285714286,19,3.9473684210526314,24.732684210526315,11,3.727272727272727,30.116242424242426,6,5.333333333333333,20.78538888888889,6,5.5,25.136555555555557,4,5,30.413
38031,105,1.561904761904762,19.27458253968254,88,1.8409090909090908,23.823579545454546,108,1.4907407407407407,29.443433641975307,13,3.923076923076923,19.90855128205128,19,3.8421052631578947,24.141578947368423,12,3.75,29.54923611111111,4,5.25,19.980083333333333,3,6,24.726666666666667,2,6,30.244166666666665
38033,92,1.75,18.09509420289855,86,1.872093023255814,22.60317926356589,118,1.3728813559322033,28.451648305084746,14,4.142857142857143,18.628119047619048,18,4.055555555555555,22.916300925925924,9,3.7777777777777777,29.132722222222224,6,5.166666666666667,19.226444444444446,5,6,23.49785,2,5,29.496000000000002
38035,99,1.6262626262626263,19.825724146224147,87,1.8620689655172413,24.227498084291188,105,1.5333333333333334,29.735879365079366,15,3.8666666666666667,20.3891126984127,18,4.111111111111111,24.791796296296297,14,3.9285714285714284,30.13802380952381,4,5.75,20.82938095238095,5,6.2,25.123466666666666,3,5.666666666666667,30.77688888888889
38037,97,1.6597938144329898,19.06874914089347,91,1.7692307692307692,23.583556776556776,118,1.3644067796610169,29.323437853107343,12,4.166666666666667,19.661555555555555,16,4.3125,24.005229166666666,8,3.625,29.573833333333333,5,5.2,20.046733333333332,6,5.833333333333333,24.397,2,5,30.742
38039,102,1.5784313725490196,19.429003267973854,90,1.788888888888889,23.843714814814813,109,1.4770642201834863,29.418654434250765,15,3.8,19.965222222222224,18,3.8333333333333335,24.283296296296296,11,4.2727272727272725,29.823030303030304,3,5.333333333333333,20.11388888888889,4,5.75,24.59275,4,5.75,29.929166666666667
38041,99,1.6262626262626263,18.5816531986532,92,1.7717391304347827,23.027201733954453,123,1.3089430894308942,28.89190921409214,12,4.25,19.119055555555555,12,4.833333333333333,23.704796626984127,7,4,29.353547619047617,6,5,19.465333333333334,6,6,23.899454365079364,3,5,29.704666666666665
38043,100,1.62,19.533376666666665,85,1.8941176470588235,23.9407,111,1.4594594594594594,29.505924924924926,15,3.6,20.081511111111112,19,4,24.294447368421054,9,3.6666666666666665,29.885851851851854,4,5.25,20.494833333333332,5,5.8,24.461066666666667,2,5,30.088
38045,97,1.6597938144329898,20.010376288659792,85,1.9058823529411764,24.345092156862744,106,1.5188679245283019,29.987594339622643,15,4.066666666666666,20.4401,18,4.055555555555555,24.771268518518518,13,4.230769230769231,30.441153846153846,6,5.333333333333333,20.798166666666667,5,5.8,25.265733333333333,4,6,30.389583333333334
38047,93,1.7419354838709677,19.589860215053765,79,2.037974683544304,23.97409282700422,106,1.5188679245283019,29.4611572327044,17,3.823529411764706,20.06394117647059,21,3.9523809523809526,24.26468253968254,13,3.4615384615384617,29.65328205128205,6,5.166666666666667,20.31811111111111,5,5.8,24.817666666666668,3,5,29.728666666666665
38049,105,1.5333333333333334,18.891234920634922,81,1.9876543209876543,23.568460905349795,110,1.4636363636363636,29.286063636363636,13,3.5384615384615383,19.23420512820513,18,3.9444444444444446,23.87474074074074,10,3.5,29.7997,2,5,19.834,4,6,24.048833333333334,1,5,31.102
38051,91,1.7692307692307692,19.749734432234433,79,2.037974683544304,24.00298101265823,107,1.5046728971962617,29.507411214953272,19,3.6842105263157894,20.113991228070176,20,3.95,24.436275000000002,13,3.8461538461538463,29.74023076923077,4,5.25,20.809583333333332,6,5.666666666666667,24.806333333333335,4,5.25,29.91825
38053,100,1.61,18.424498333333332,87,1.8505747126436782,22.921883689107826,120,1.3416666666666666,28.787930555555555,12,4.25,19.065402777777777,20,4.05,23.341694047619047,8,3.5,29.187083333333334,6,5.166666666666667,19.62038888888889,6,5.666666666666667,23.83523015873016,0,NA,NA
38055,103,1.6019417475728155,18.989212898751735,88,1.8295454545454546,23.46750027056277,119,1.3781512605042017,29.136072829131653,13,3.923076923076923,19.407225274725274,17,4,23.835001400560223,9,3.2222222222222223,29.495851851851853,2,7,19.355714285714285,5,5.8,23.98850476190476,1,5,30.626
38057,107,1.5046728971962617,19.032117267467736,96,1.6979166666666667,23.478212549603175,123,1.3089430894308942,29.40612195121951,10,4,19.459154761904763,13,4.384615384615385,23.96410805860806,6,3.5,30.101333333333333,3,5.666666666666667,19.78857142857143,4,6.5,24.288767857142858,1,5,30.418
38059,101,1.5940594059405941,19.409300565770863,89,1.8202247191011236,23.972681647940075,122,1.319672131147541,29.724303278688524,12,4.083333333333333,20.180779761904763,16,4.375,24.344604166666667,6,3.5,30.329166666666666,4,5.75,20.30129761904762,7,5.714285714285714,24.443380952380952,1,5,30.560000000000002
38061,102,1.5784313725490196,18.41584640522876,91,1.7692307692307692,22.836821821036107,119,1.361344537815126,28.56419467787115,12,4.416666666666667,18.944277777777778,19,3.6315789473684212,23.331093984962404,5,3.4,28.856833333333334,6,5.5,19.332722222222223,4,5.75,23.76832142857143,0,NA,NA
38063,103,1.6019417475728155,19.11132362459547,88,1.8409090909090908,23.522785984848486,107,1.5046728971962617,28.939369158878506,17,3.6470588235294117,19.546254901960783,19,3.789473684210526,23.998956140350877,11,4,29.519318181818182,3,5.666666666666667,19.60211111111111,4,5.75,24.291916666666665,2,6,30.35333333333333
38065,103,1.5631067961165048,18.94657281553398,88,1.8295454545454546,23.49338122294372,124,1.2983870967741935,29.33433064516129,11,3.8181818181818183,19.555636363636363,16,4.1875,23.849846726190478,8,3.375,29.8215,3,5.333333333333333,19.609,6,5.666666666666667,23.93056349206349,1,5,30.502
38067,101,1.5940594059405941,19.1878498349835,80,2.0125,23.751851041666665,104,1.5480769230769231,29.251729166666667,13,3.769230769230769,19.622910256410258,20,4,24.238654166666667,14,3.9285714285714284,29.712845238095237,3,5.333333333333333,20.040666666666667,5,6,24.519783333333336,4,5.25,30.005166666666668
38069,103,1.5631067961165048,18.873370550161813,83,1.963855421686747,23.4039859437751,106,1.5188679245283019,29.118547169811322,14,3.642857142857143,19.32872619047619,22,3.727272727272727,23.713674242424243,12,3.75,29.153,3,5,19.696,3,6,24.245,2,5.5,30.474666666666664
38071,97,1.6804123711340206,19.337841924398624,83,1.9397590361445782,23.658421686746987,105,1.542857142857143,28.916071428571428,16,4.0625,19.723479166666667,22,3.727272727272727,24.03813636363636,13,3.6153846153846154,29.072115384615383,5,5.6,20.1168,3,5.666666666666667,24.700777777777777,1,6,30.88
38073,100,1.61,20.516855,89,1.8089887640449438,24.75629213483146,112,1.4464285714285714,30.421049107142856,16,3.9375,20.96940625,16,4.1875,25.295625,11,4.2727272727272725,30.83659090909091,4,5.25,21.317833333333333,5,5.8,25.762,3,6,31.174444444444447
38075,101,1.5940594059405941,18.313648514851486,87,1.8735632183908046,23.114616858237547,122,1.319672131147541,29.081685792349727,14,3.5714285714285716,18.45382142857143,21,3.5238095238095237,23.425079365079366,7,3.5714285714285716,29.187238095238097,2,5.5,19.049666666666667,2,5,24.715,2,5,29.752
38077,99,1.6363636363636365,20.75693771043771,86,1.8837209302325582,25.071182170542635,109,1.4862385321100917,30.49258409785933,14,4,21.31513095238095,17,4.176470588235294,25.530686274509804,11,4.090909090909091,30.883787878787878,4,5.5,21.627333333333333,6,5.833333333333333,25.79361111111111,3,6,31.121111111111112
38079,103,1.5631067961165048,18.129490291262137,80,2.0125,22.779504166666666,106,1.5188679245283019,28.457745283018866,14,3.7857142857142856,18.238392857142856,25,3.68,23.102813333333334,13,3.923076923076923,28.79046153846154,4,5.25,18.619583333333335,3,5.666666666666667,23.882333333333335,2,5.5,28.27883333333333
38081,98,1.6428571428571428,20.687462585034012,87,1.8620689655172413,24.95400957854406,109,1.4770642201834863,30.412538226299695,16,4,21.119458333333334,17,4.117647058823529,25.328166666666668,11,4.363636363636363,30.896515151515153,5,5.4,21.590933333333336,5,5.8,25.908266666666666,3,6,31.151666666666667
38083,99,1.6262626262626263,18.99173905723906,82,1.9634146341463414,23.512674796747966,116,1.4224137931034482,29.082377873563217,14,3.7857142857142856,19.464440476190475,20,4.05,23.647466666666666,11,3.5454545454545454,29.507348484848485,4,5.25,19.671166666666668,6,5.666666666666667,24.234333333333332,2,5.5,30.2975
38085,89,1.8089887640449438,19.99354307116105,82,1.9634146341463414,24.33233042973287,112,1.4375,29.928479166666666,16,3.9375,20.634083333333333,19,4.157894736842105,24.80979448621554,11,3.8181818181818183,30.10860606060606,5,5.2,20.900399999999998,7,5.714285714285714,25.238965986394557,4,5.25,30.477833333333333
38087,93,1.7311827956989247,18.215729390681002,89,1.8202247191011236,22.65266104868914,118,1.3644067796610169,28.52432768361582,14,4.357142857142857,18.59270238095238,15,4.066666666666666,23.11112222222222,7,3.7142857142857144,29.055809523809526,7,5.142857142857143,19.03814285714286,5,5.8,23.770533333333333,2,5,29.342
38089,95,1.7157894736842105,18.300848120300753,95,1.7052631578947368,22.893056140350875,122,1.3360655737704918,28.711629781420765,12,4.416666666666667,19.005880952380952,14,3.9285714285714284,23.423238095238094,7,3.7142857142857144,29.469119047619046,6,5.333333333333333,19.47342857142857,4,5.5,24.26425,2,5,29.573999999999998
38091,101,1.5940594059405941,19.522719471947195,91,1.7912087912087913,23.959276556776558,111,1.4504504504504505,29.543633633633632,14,4.071428571428571,20.17211904761905,17,4,24.506127450980394,12,3.8333333333333335,29.985277777777778,4,5.5,20.602833333333333,5,5.8,24.699666666666666,2,6,30.71
38093,96,1.7083333333333333,19.685602430555555,86,1.872093023255814,24.126308139534885,116,1.396551724137931,29.806659482758622,16,4,20.018927083333335,18,4,24.500972222222224,12,3.8333333333333335,30.144375,4,5.25,20.578,4,6,25.007083333333334,2,6,30.420833333333334
38095,106,1.5188679245283019,18.657245283018867,85,1.8941176470588235,23.184850980392156,103,1.5631067961165048,28.770357605177992,13,3.6153846153846154,19.036,22,3.6818181818181817,23.644651515151516,12,4.083333333333333,29.041819444444446,3,5.333333333333333,19.425444444444445,3,5.666666666666667,24.378,3,5.666666666666667,29.259777777777778
38097,95,1.694736842105263,19.973613157894736,90,1.8,24.33824537037037,110,1.4727272727272727,29.84567424242424,13,4.461538461538462,20.674865384615384,16,4.1875,24.932942708333332,11,3.8181818181818183,30.265833333333333,5,6.2,20.860983333333333,5,6.4,25.158416666666668,2,6,31.016666666666666
38099,102,1.5784313725490196,19.33325,84,1.9285714285714286,23.853206916099772,108,1.4907407407407407,29.418055555555554,16,3.625,19.72540625,20,3.95,24.369219047619048,12,3.9166666666666665,29.965416666666666,4,5,20.051000000000002,5,6,24.64087619047619,3,5.333333333333333,30.741111111111113
38101,106,1.5377358490566038,18.683361635220127,89,1.8089887640449438,23.37360807918673,120,1.3416666666666666,29.32010138888889,10,3.6,18.941633333333332,17,3.823529411764706,23.73300700280112,7,3.5714285714285716,29.83602380952381,2,5,18.969,3,6,24.220095238095237,1,5,30.598
38103,102,1.588235294117647,19.109132352941177,82,1.9634146341463414,23.687408536585366,114,1.4210526315789473,29.299076023391812,13,3.6923076923076925,19.559346153846153,20,3.95,23.900625,11,3.727272727272727,29.428151515151516,3,5,19.801333333333336,4,6,24.10333333333333,3,5.666666666666667,30.067666666666664
38105,100,1.62,18.401643333333332,86,1.9069767441860466,22.911396317829457,119,1.3529411764705883,28.92869467787115,12,4.333333333333333,18.99577777777778,21,4.142857142857143,23.236670634920635,9,3.5555555555555554,29.251074074074076,6,5.166666666666667,19.51961111111111,7,6,23.50322619047619,1,5,30.038
39001,79,2.0632911392405062,22.068342073538275,65,2.476923076923077,26.295082783882783,99,1.6464646464646464,32.06729292929293,19,4.526315789473684,22.355738095238095,25,4.2,26.546015238095237,16,4.25,32.49825,8,6.125,22.53164880952381,9,5.444444444444445,26.838560846560846,6,5.5,32.537
39003,85,1.9058823529411764,21.609243137254904,70,2.3142857142857145,25.26900634920635,97,1.6701030927835052,30.532452749140894,17,4.294117647058823,21.96298039215686,22,4.409090909090909,25.716383838383837,12,4.5,30.873159722222223,6,6.166666666666667,22.103583333333333,8,6.375,25.87984722222222,3,8,31.03236111111111
39005,89,1.8089887640449438,21.154857677902623,73,2.219178082191781,24.906880843661664,101,1.5940594059405941,30.251777227722773,16,4,21.543583333333334,19,4.526315789473684,25.23143692564745,12,4.416666666666667,30.573708333333332,5,5.4,21.8148,7,6.285714285714286,25.459614512471656,4,6.5,30.680500000000002
39007,62,2.0806451612903225,21.913152841781873,63,2.0634920634920637,25.32149470899471,79,1.6329113924050633,30.193383966244724,16,4.125,22.17034226190476,16,4.125,25.769947916666666,11,3.8181818181818183,30.424757575757575,5,6,22.564761904761905,3,6.666666666666667,26.186666666666667,2,5,30.232
39009,75,2.16,21.81225015873016,60,2.683333333333333,26.16101388888889,88,1.8522727272727273,31.810660984848486,22,4.181818181818182,22.091080086580085,24,4.583333333333333,26.388993055555556,17,4.470588235294118,32.256950980392155,6,6.166666666666667,22.46229365079365,10,6,26.584833333333332,8,5.625,32.39633333333333
39011,83,1.9518072289156627,21.60960107095047,68,2.3970588235294117,25.266963235294117,98,1.663265306122449,30.522011904761904,18,4.111111111111111,21.95677160493827,21,4.619047619047619,25.76754761904762,13,4.230769230769231,30.879397435897435,4,6.75,22.07651388888889,8,6.375,25.875333333333334,3,6.333333333333333,31.100166666666667
39013,82,1.9634146341463414,21.19477293844367,67,2.4029850746268657,25.28144065387349,98,1.6428571428571428,30.994188775510203,22,3.727272727272727,21.49347186147186,24,4.166666666666667,25.51818849206349,14,4.142857142857143,31.412535714285713,3,5.666666666666667,22.006571428571426,8,5.75,25.86914880952381,6,5.5,31.694666666666667
39015,83,1.9397590361445782,22.061791738382098,61,2.639344262295082,26.15482422586521,100,1.62,31.90144880952381,17,4.294117647058823,22.38933613445378,25,4.4,26.392971111111112,15,4.066666666666666,32.207658730158734,5,6.2,22.67707619047619,10,5.7,26.59467777777778,4,5.75,32.243095238095236
39017,92,1.7608695652173914,22.236325483091786,62,2.596774193548387,26.295860215053764,105,1.542857142857143,32.02757460317461,17,4.0588235294117645,22.55393790849673,27,4.296296296296297,26.577345679012346,14,3.7857142857142856,32.371095238095236,4,6,22.779444444444444,9,5.666666666666667,26.82314814814815,4,5.5,32.444250000000004
39019,88,1.8636363636363635,20.927650703463204,76,2.1447368421052633,24.96683865914787,108,1.4907407407407407,30.66735229276896,18,4.222222222222222,21.224070105820108,21,4.190476190476191,25.30403514739229,10,4,31.18840476190476,5,6.4,21.524485714285714,7,5.857142857142857,25.54258163265306,2,7,31.767857142857142
39021,91,1.8131868131868132,21.426082417582418,69,2.3333333333333335,25.134477455716585,98,1.653061224489796,30.5830731292517,18,3.888888888888889,21.742416666666667,23,4.391304347826087,25.556693236714978,13,4.230769230769231,30.67778205128205,3,7,22.252833333333335,7,6.714285714285714,25.725682539682538,3,7.333333333333333,31.187333333333335
39023,89,1.8089887640449438,21.65890074906367,68,2.3823529411764706,25.401191993464053,106,1.5188679245283019,30.9441713836478,17,3.8823529411764706,21.93277450980392,23,4.521739130434782,25.800263285024155,12,4.083333333333333,31.08684722222222,4,6,22.455541666666665,8,6.375,25.956902777777778,3,5.666666666666667,31.600444444444445
39025,85,1.9058823529411764,22.2771931372549,61,2.6557377049180326,26.302924408014572,102,1.5784313725490196,32.06449509803922,21,3.857142857142857,22.538400793650794,27,4.333333333333333,26.55216255144033,14,3.9285714285714284,32.40739285714286,5,5.8,22.939283333333336,11,5.545454545454546,26.69811111111111,4,5.25,32.664833333333334
39027,83,1.5542168674698795,21.930206827309238,53,2.4339622641509435,25.827184486373167,80,1.6125,31.39693125,11,3.8181818181818183,22.30110606060606,19,4.315789473684211,26.058988304093567,13,3.8461538461538463,31.769961538461537,2,6.5,22.87025,7,5.857142857142857,26.284396825396826,2,5.5,31.96933333333333
39029,71,1.8169014084507042,20.985043930248157,62,2.0806451612903225,25.09771505376344,82,1.5731707317073171,30.7837006387921,15,4.066666666666666,21.30254126984127,14,4.5,25.450238095238095,9,4,31.241494708994708,4,6,21.570571428571427,5,6.2,25.602166666666665,2,6.5,31.91130952380952
39031,86,1.872093023255814,21.295225636766336,69,2.3333333333333335,25.479650966183574,105,1.5333333333333334,31.216354421768706,18,4.222222222222222,21.59246693121693,22,4.409090909090909,25.782541666666667,11,4.2727272727272725,31.70111038961039,5,6.2,21.95438095238095,9,5.888888888888889,25.98362037037037,4,6,32.10742857142857
39033,87,1.8620689655172413,21.187015873015874,72,2.25,24.8537151675485,100,1.61,30.07195761904762,17,3.8823529411764706,21.555904761904763,22,4.363636363636363,25.15374963924964,11,4.363636363636363,30.41234199134199,4,5.5,21.99592857142857,7,6.285714285714286,25.47916553287982,3,6.333333333333333,30.60247619047619
39035,72,1.8055555555555556,22.165518518518518,63,2.0952380952380953,25.61593675988914,88,1.4886363636363635,30.51192857142857,12,4.25,22.673527777777778,16,4.1875,26.164000992063492,10,4.1,31.00347142857143,4,5.75,23.06475,4,6.75,26.461837301587302,4,5.5,31.00992857142857
39037,88,1.8636363636363635,21.554442234848484,64,2.53125,25.311598958333335,95,1.694736842105263,30.80642543859649,18,3.888888888888889,21.85060648148148,25,4.48,25.68329333333333,15,4.4,30.946694444444443,3,6,22.418083333333335,8,6.75,25.76320833333333,6,5.666666666666667,31.016597222222224
39039,88,1.8295454545454546,21.58275175865801,75,2.16,25.298015396825395,95,1.694736842105263,30.674536842105262,12,4.416666666666667,22.106012896825398,21,4.285714285714286,25.75719784580499,16,4,30.7244375,5,6,22.067264285714288,9,5.777777777777778,25.995128306878307,4,5.5,30.912333333333333
39041,89,1.8089887640449438,21.546090823970037,71,2.267605633802817,25.318603286384977,100,1.61,30.792965,19,3.5789473684210527,21.80642543859649,21,4.523809523809524,25.632896825396823,10,4.7,31.06515,2,6.5,22.718125,7,6.714285714285714,25.901666666666667,3,7.333333333333333,31.535222222222224
39043,64,2.03125,22.82690662202381,58,2.2241379310344827,25.97246661193213,83,1.5542168674698795,30.51747619047619,13,4.769230769230769,23.104001831501833,18,4.111111111111111,26.33711463844797,11,3.727272727272727,30.95413852813853,7,5.714285714285714,23.153741496598638,5,6.4,26.759946031746033,2,6,31.62442857142857
39045,91,1.7692307692307692,21.589738880167452,66,2.4393939393939394,25.659532828282828,106,1.5566037735849056,31.262801437556156,17,3.8823529411764706,21.91801400560224,22,4.409090909090909,25.985416666666666,11,4.454545454545454,31.729722943722944,4,6.25,22.259059523809523,7,6.428571428571429,26.291309523809524,5,5.6,31.824390476190477
39047,83,1.5662650602409638,21.865786861732644,55,2.3454545454545452,25.784545454545455,84,1.5357142857142858,31.475242063492065,10,3.9,22.223030952380952,18,4.444444444444445,26.031111111111112,12,3.8333333333333335,31.83877777777778,2,6,22.87057142857143,6,6.666666666666667,26.260277777777777,2,5.5,32.1385
39049,91,1.7692307692307692,21.70007129774987,70,2.3,25.635950793650792,104,1.5480769230769231,31.258307692307692,17,3.7058823529411766,22.045675770308122,21,4.523809523809524,26.044359788359788,9,5.111111111111111,31.655444444444445,2,7.5,22.667410714285715,7,6.571428571428571,26.28426984126984,4,7.25,31.908083333333334
39051,85,1.9058823529411764,21.459821988795518,76,2.1184210526315788,25.17806798245614,100,1.62,30.374651666666665,14,4.642857142857143,21.86070493197279,23,4.086956521739131,25.58818115942029,14,4,30.54322619047619,7,6,21.709624149659863,7,5.857142857142857,25.942714285714285,3,6.333333333333333,30.65561111111111
39053,74,2.175675675675676,22.225671492921492,55,2.9272727272727272,26.586077777777778,93,1.7311827956989247,32.310270609319,23,4.130434782608695,22.518247412008282,26,4.576923076923077,26.772472222222223,16,4.3125,32.97001041666667,7,5.571428571428571,22.786027210884352,12,5.75,26.93875925925926,5,5.8,33.0522
39055,71,1.8309859154929577,21.16104359490275,65,1.9846153846153847,24.931620695970697,81,1.6296296296296295,30.175184597295708,12,4.416666666666667,21.647007936507936,13,4.461538461538462,25.565795787545788,12,4.083333333333333,30.558746031746033,5,5.8,21.844819047619048,4,6.5,25.837169642857145,3,5.666666666666667,30.74942857142857
39057,87,1.8735632183908046,21.854204022988505,65,2.4923076923076923,25.697223076923077,103,1.5631067961165048,31.28336084142395,17,4.0588235294117645,22.15739705882353,25,4.44,26.00778,12,4,31.542180555555557,5,5.8,22.487316666666665,8,6.375,26.280875,3,5.666666666666667,31.698444444444444
39059,85,1.8941176470588235,21.406819607843136,63,2.5873015873015874,25.621307634164776,106,1.528301886792453,31.319393530997306,17,4.176470588235294,21.771745098039215,23,4.521739130434782,25.853364389233953,11,4.2727272727272725,31.97279220779221,5,5.8,22.043599999999998,10,5.9,26.079571428571427,4,6,32.44267857142857
39061,88,1.8409090909090908,22.28484753787879,64,2.53125,26.442321180555556,104,1.5576923076923077,32.315567307692305,20,4,22.587829166666666,28,4.214285714285714,26.69834126984127,15,3.8,32.58926666666667,6,5.666666666666667,22.874152777777777,10,5.6,26.87018888888889,3,5.333333333333333,32.95411111111111
39063,85,1.8941176470588235,21.600615966386556,73,2.26027397260274,25.20134094368341,97,1.6804123711340206,30.45846735395189,15,4.2,21.981157142857143,22,4.409090909090909,25.616040404040405,14,4.285714285714286,30.653309523809522,5,5.8,22.194971428571428,7,6.714285714285714,25.863746031746032,4,6.25,30.982
39065,84,1.9285714285714286,21.480333333333334,73,2.2054794520547945,25.0740799086758,94,1.7446808510638299,30.388377659574466,19,3.8947368421052633,21.753315789473685,22,4.363636363636363,25.57194696969697,16,4.375,30.55234375,3,6.333333333333333,22.466,7,6.571428571428571,25.771238095238093,4,7.25,30.821666666666665
39067,84,1.9166666666666667,20.98969359410431,70,2.3,25.102955952380952,100,1.61,30.93416357142857,18,4.166666666666667,21.367736772486772,22,4.2272727272727275,25.38326893939394,16,3.8125,31.19445982142857,5,6.2,21.552685714285715,8,5.875,25.662322916666668,4,5.75,31.838464285714288
39069,84,1.9166666666666667,21.65514526643991,77,2.116883116883117,25.30562878787879,93,1.7311827956989247,30.620525089605735,14,4.5,21.983371598639454,22,4.2272727272727275,25.737882575757578,17,4,30.64228431372549,6,6,21.907172619047618,8,5.875,26.061885416666666,5,5.6,30.8346
39071,88,1.8295454545454546,21.830687229437228,64,2.515625,25.778829861111113,101,1.5940594059405941,31.42111386138614,18,4,22.00808201058201,24,4.5,26.007087962962963,16,4,31.83765625,4,6.25,22.420952380952382,9,6.222222222222222,26.217234567901237,3,5.666666666666667,31.970555555555556
39073,86,1.872093023255814,21.697851328903653,64,2.53125,25.959169270833332,97,1.6701030927835052,31.54872852233677,17,4.117647058823529,22.080600840336135,24,4.333333333333333,26.22028472222222,14,4,32.01190476190476,7,5.571428571428571,22.338482993197278,7,6.285714285714286,26.582761904761906,4,5.5,32.446666666666665
39075,89,1.8089887640449438,21.126059657570895,75,2.1466666666666665,25.051034444444443,105,1.5523809523809524,30.56188253968254,15,4.4,21.524953968253968,19,4.368421052631579,25.47855701754386,12,4.083333333333333,31.01313888888889,5,6.4,21.66502857142857,7,5.857142857142857,25.707630952380953,3,6.333333333333333,31.38533333333333
39077,87,1.8620689655172413,21.601402025177887,75,2.16,25.149051534391536,99,1.6565656565656566,30.223993506493507,15,4.266666666666667,21.98146507936508,18,4.611111111111111,25.59938139329806,13,4.384615384615385,30.584642857142857,5,5.8,21.843561904761906,7,6.428571428571429,25.78067120181406,4,6.25,30.823630952380952
39079,76,2.1578947368421053,21.950788533834587,58,2.7758620689655173,26.328183908045975,94,1.7127659574468086,32.19753824721378,22,4.2727272727272725,22.24067857142857,26,4.461538461538462,26.533641025641025,16,4.4375,32.66116220238095,8,5.75,22.513011904761903,9,6.111111111111111,26.851074074074074,6,6,32.73518253968254
39081,82,1.975609756097561,21.097515969802554,73,2.2054794520547945,25.13838617090672,105,1.5333333333333334,30.947773242630387,19,4.157894736842105,21.416647869674186,21,4.238095238095238,25.470342403628116,11,4.090909090909091,31.470562770562772,6,6,21.537857142857142,8,5.75,25.751002976190478,3,6.333333333333333,32.01484126984127
39083,83,1.9518072289156627,21.24005895008606,73,2.2054794520547945,25.09813187649489,104,1.5480769230769231,30.65064445970696,17,4.176470588235294,21.539111344537815,19,4.7368421052631575,25.497032999164578,13,4,30.960540293040292,5,6.4,21.76647857142857,7,6.857142857142857,25.699684807256236,2,6.5,31.794761904761906
39085,67,1.9253731343283582,22.721295309168443,65,2,25.738576923076923,90,1.4666666666666666,30.174855555555556,15,3.8666666666666667,23.030785714285713,17,3.9411764705882355,26.158382352941178,12,3.5833333333333335,30.615583333333333,3,6,23.816984126984128,3,6.666666666666667,26.588055555555556,3,5,30.630666666666666
39087,80,2.025,22.21092380952381,60,2.683333333333333,26.661002777777778,98,1.6428571428571428,32.5688824101069,21,4.333333333333333,22.56828117913832,28,4.214285714285714,26.864470238095237,17,4.117647058823529,33.12649859943978,10,5.6,22.679057142857143,10,5.4,27.172766666666668,4,5.5,33.40678571428572
39089,88,1.8409090909090908,21.42375716991342,72,2.2777777777777777,25.424610339506174,106,1.528301886792453,31.042751572327045,17,4.117647058823529,21.786801820728293,20,4.65,25.80184722222222,11,4.454545454545454,31.323333333333334,5,6.2,21.98262619047619,7,6.857142857142857,26.03515873015873,4,6.25,31.698333333333334
39091,88,1.8295454545454546,21.35927178030303,74,2.2162162162162162,24.961111861861863,98,1.6734693877551021,30.345418367346937,19,3.8421052631578947,21.692679824561402,21,4.476190476190476,25.50748941798942,13,4.3076923076923075,30.613923076923076,3,6.666666666666667,22.277250000000002,7,6.571428571428571,25.649968253968254,4,6.5,30.71275
39093,72,1.7916666666666667,22.650643518518518,58,2.2241379310344827,25.869269020251778,83,1.5542168674698795,30.470799196787148,12,4.166666666666667,23.184277777777776,17,4.0588235294117645,26.34103548085901,11,3.909090909090909,30.850575757575758,4,5.25,23.481583333333333,4,6.75,26.61398412698413,3,5.333333333333333,31.071555555555555
39095,78,2.0641025641025643,21.89202503052503,74,2.175675675675676,25.52945962033462,102,1.5784313725490196,30.61950980392157,19,4.2631578947368425,22.200418546365913,23,4.043478260869565,26.009783126293996,12,4.083333333333333,30.883333333333333,8,5.625,22.291410714285714,7,6.142857142857143,26.265835034013605,5,5.4,31.201666666666668
39097,90,1.788888888888889,21.54170238095238,68,2.3823529411764706,25.35672794117647,102,1.5784313725490196,30.8311977124183,17,3.7058823529411766,21.849012605042017,23,4.391304347826087,25.617065217391303,11,4.818181818181818,31.11792424242424,2,7.5,22.48535714285714,7,6.571428571428571,25.919999999999998,5,6.4,31.5926
39099,72,1.8055555555555556,20.879549603174603,65,2,25.0460684981685,82,1.5731707317073171,30.838881242741,14,4,21.35804081632653,14,4.357142857142857,25.480318027210885,10,4.4,31.24682619047619,3,6.333333333333333,21.634190476190476,4,6.25,25.810904761904762,3,6.333333333333333,31.609142857142857
39101,88,1.8295454545454546,21.37505303030303,73,2.232876712328767,25.101689497716894,104,1.5576923076923077,30.519391025641024,18,3.7222222222222223,21.71609259259259,22,4.409090909090909,25.48060606060606,10,4.5,31.001166666666666,3,6,22.354333333333333,7,6.571428571428571,25.75190476190476,3,7,31.057222222222222
39103,87,1.8850574712643677,21.151569512862615,80,2.025,24.95379484126984,101,1.5940594059405941,30.391425742574256,19,3.789473684210526,21.560870927318295,18,4.277777777777778,25.414365961199294,12,4.25,30.714916666666667,4,5.75,22.15517857142857,4,6.75,25.89631349206349,4,5.75,30.95975
39105,74,2.175675675675676,22.072042792792793,57,2.8596491228070176,26.39243567251462,92,1.75,32.0526516563147,22,4.2272727272727275,22.39982575757576,24,4.708333333333333,26.629118055555555,17,4.117647058823529,32.61552661064426,6,6,22.649083333333333,11,5.909090909090909,26.808151515151515,4,5.75,33.09807142857143
39107,85,1.8941176470588235,21.72591960784314,67,2.417910447761194,25.355707296849086,97,1.6597938144329898,30.615969072164948,19,4.105263157894737,22.070429824561405,23,4.521739130434782,25.802712560386475,13,4.384615384615385,30.769538461538463,6,5.833333333333333,22.153166666666667,9,6.222222222222222,25.94943209876543,4,6.25,30.981416666666664
39109,91,1.7692307692307692,21.66835609628467,66,2.4393939393939394,25.441602693602693,105,1.542857142857143,31.014426984126985,17,3.7058823529411766,22.034729691876752,24,4.416666666666667,25.857115740740742,12,4.083333333333333,31.179152777777777,3,5.666666666666667,22.694857142857142,7,6.571428571428571,26.04463492063492,4,5.5,31.394333333333336
39111,82,1.975609756097561,21.23877555168409,60,2.716666666666667,25.478228174603174,88,1.8295454545454546,31.18871130952381,21,3.9523809523809526,21.478314058956915,26,4.346153846153846,25.721872710622712,19,4.105263157894737,31.496399749373435,5,5.6,21.97375238095238,11,5.7272727272727275,25.882229437229437,6,5.666666666666667,31.96540476190476
39113,89,1.8202247191011236,21.8948202247191,65,2.476923076923077,25.808081196581195,104,1.5865384615384615,31.46161858974359,15,4.133333333333334,22.222933333333334,26,4.384615384615385,26.119626068376068,13,3.923076923076923,31.693717948717946,4,6,22.652458333333335,8,6.375,26.395555555555553,3,5.666666666666667,31.76888888888889
39115,85,1.9294117647058824,21.576346778711486,59,2.7288135593220337,25.89635512510089,84,1.9166666666666667,31.602561507936507,18,4.222222222222222,21.9274708994709,23,4.739130434782608,26.154345755693583,19,4.105263157894737,31.92448245614035,7,5.428571428571429,22.304210884353743,11,6,26.28469264069264,7,5.571428571428571,32.192523809523806
39117,83,1.9397590361445782,21.19784208261618,69,2.3333333333333335,24.910987922705313,103,1.5631067961165048,30.19290776699029,18,4,21.471160714285716,23,4.3478260869565215,25.213833333333334,10,4.8,30.56245,5,6,21.740178571428572,7,6.571428571428571,25.506047619047617,3,7.333333333333333,30.574
39119,85,1.8941176470588235,21.505347899159663,63,2.5714285714285716,25.772613756613758,104,1.5576923076923077,31.486602106227107,16,4.5,21.851848214285713,22,4.636363636363637,26.027030303030305,12,4.166666666666667,31.961801587301586,6,6,22.153539682539684,10,6.1,26.259216666666667,4,6.25,32.492488095238095
39121,81,2,21.458163139329805,60,2.7333333333333334,25.724275,95,1.736842105263158,31.376942105263158,19,4.2105263157894735,21.82743233082707,24,4.5,25.964020833333333,17,4.235294117647059,31.847911764705884,6,5.5,22.1411746031746,10,5.8,26.14923333333333,7,5.428571428571429,32.17171428571429
39123,66,1.9545454545454546,22.632637085137084,61,2.1147540983606556,25.935371584699453,84,1.5476190476190477,30.69700821995465,14,4.285714285714286,22.99528911564626,18,3.888888888888889,26.369592592592593,11,3.8181818181818183,31.00306277056277,6,5.5,23.157063492063493,5,6,26.8762,2,6.5,31.844761904761906
39125,84,1.9166666666666667,21.68765376984127,71,2.295774647887324,25.387046165884193,103,1.5825242718446602,30.726558252427186,13,4.461538461538462,22.084070512820514,20,4.65,25.83476388888889,15,3.6666666666666665,30.822366666666667,5,6.2,22.314416666666666,10,6.1,25.98361111111111,2,5.5,31.360666666666667
39127,87,1.8620689655172413,21.496739463601532,63,2.5555555555555554,25.70924470899471,99,1.6262626262626263,31.36867700817701,17,4.235294117647059,21.838019607843137,24,4.375,25.95739236111111,12,4.25,31.760751984126983,7,5.571428571428571,22.224,7,6.571428571428571,26.270464285714286,4,6,32.10371428571429
39129,87,1.8505747126436782,21.78302463054187,68,2.3676470588235294,25.74477818627451,99,1.6262626262626263,31.390126022126022,18,3.9444444444444446,22.01184126984127,23,4.391304347826087,26.077387681159422,16,3.9375,31.644842261904763,4,6.25,22.314535714285714,7,6.428571428571429,26.35379761904762,4,5.75,31.991035714285715
39131,84,1.9166666666666667,21.96058701814059,65,2.476923076923077,26.28373076923077,97,1.6701030927835052,32.18134511536574,19,4.157894736842105,22.22917418546366,22,4.590909090909091,26.587386363636362,17,4.294117647058823,32.57679271708683,6,6,22.538912698412698,9,6.111111111111111,26.792407407407406,5,6.2,32.749761904761904
39133,87,1.8505747126436782,20.87765298303229,84,1.9285714285714286,24.828202239229025,100,1.61,30.34178904761905,18,4.055555555555555,21.30810052910053,17,4.294117647058823,25.364940476190476,11,4.545454545454546,30.77308225108225,5,6,21.70482857142857,4,6.5,25.82120535714286,5,5.8,30.918114285714285
39135,89,1.8202247191011236,21.680423220973783,65,2.476923076923077,25.567264102564103,100,1.62,31.233706666666667,16,4,21.977354166666668,27,4.222222222222222,25.88008024691358,13,4.076923076923077,31.523897435897435,3,6.333333333333333,22.590055555555555,9,5.666666666666667,26.08051851851852,4,5.5,31.442666666666668
39137,85,1.9058823529411764,21.680254901960783,70,2.3,25.35289603174603,98,1.653061224489796,30.623637755102042,15,4.266666666666667,22.05911111111111,22,4.363636363636363,25.770123737373737,15,4,30.7671,5,6.2,22.223,8,6.25,25.867319444444444,4,5.75,31.183083333333332
39139,86,1.8837209302325582,21.05956450719823,72,2.25,24.776698743386245,104,1.5480769230769231,30.068275183150185,16,4.1875,21.435159226190475,21,4.333333333333333,25.083443310657596,12,4.333333333333333,30.354218253968252,5,6,21.566842857142856,6,6.5,25.49413492063492,4,6.25,30.578071428571427
39141,77,1.6753246753246753,22.038795299938158,50,2.6,26.27591,80,1.6125,32.027145833333336,13,3.8461538461538463,22.359018315018314,19,4.473684210526316,26.479236842105262,12,4.25,32.39805555555556,4,5.5,22.66764285714286,7,6.142857142857143,26.685904761904762,4,5.5,32.58166666666667
39143,80,2.025,21.830988392857144,73,2.2054794520547945,25.447721461187214,101,1.603960396039604,30.583559641678455,17,4.470588235294118,22.016121848739495,22,4.2272727272727275,25.834030303030303,12,4.333333333333333,30.92079365079365,8,5.75,22.19602976190476,7,6.428571428571429,26.122904761904763,3,7,31.363174603174603
39145,74,2.189189189189189,22.19141891891892,58,2.7758620689655173,26.557686781609195,95,1.7157894736842105,32.388996992481204,22,4.363636363636363,22.41522727272727,27,4.296296296296297,26.744845679012347,18,4.333333333333333,32.82803968253968,9,5.888888888888889,22.625740740740742,10,5.6,27.0525,6,6,32.89328571428571
39147,83,1.9397590361445782,21.533302065404474,74,2.189189189189189,25.177846525096523,95,1.694736842105263,30.458357142857142,16,4,21.871816964285713,20,4.45,25.567032142857144,14,4.142857142857143,30.64813775510204,4,5.75,21.88247619047619,7,6.428571428571429,25.826639455782313,3,7,31.22186507936508
39149,89,1.8089887640449438,21.489229400749064,69,2.36231884057971,25.1705346215781,100,1.63,30.633076666666668,16,4.125,21.899151041666666,24,4.333333333333333,25.65237037037037,18,3.5,30.782925925925927,4,6.5,22.113062499999998,7,6.571428571428571,25.82122222222222,2,5,31.663
39151,87,1.8620689655172413,21.00117952928298,82,1.9634146341463414,24.921305894308944,104,1.5576923076923077,30.40984088827839,17,4.176470588235294,21.398095238095237,17,4.294117647058823,25.40482843137255,11,4.363636363636363,30.836222943722944,4,6.75,21.737321428571427,5,6,25.675416666666667,4,6,31.12357142857143
39153,88,1.8409090909090908,21.072181818181818,82,1.975609756097561,25.03191637630662,100,1.61,30.545419285714285,20,3.75,21.45835,17,4.352941176470588,25.54453781512605,12,4.416666666666667,30.98307738095238,4,5.75,22.069666666666667,4,6.75,25.945535714285715,5,5.8,31.083885714285714
39155,71,1.8169014084507042,20.929498658618378,67,1.955223880597015,25.048234896943853,85,1.5176470588235293,30.7539081232493,14,4,21.465671768707484,14,4.357142857142857,25.551195578231294,9,4.444444444444445,31.22468783068783,3,6.333333333333333,21.736190476190476,4,6.25,25.89522619047619,4,5.75,31.388464285714285
39157,86,1.872093023255814,21.166785714285716,75,2.16,25.197655555555556,104,1.5480769230769231,30.894027243589743,18,4.055555555555555,21.463809523809523,20,4.35,25.581708333333335,11,4.090909090909091,31.374439393939394,4,6.25,21.91797619047619,8,5.75,25.784166666666668,3,6.333333333333333,31.912666666666667
39159,91,1.7692307692307692,21.486892857142855,72,2.236111111111111,25.199641203703703,103,1.5631067961165048,30.60237055016181,15,4,21.852483333333332,23,4.260869565217392,25.55213768115942,11,4.363636363636363,30.86219696969697,3,7,22.297416666666667,7,6.571428571428571,25.825,3,7,31.12388888888889
39161,89,1.8202247191011236,21.66125,71,2.267605633802817,25.38868857589984,96,1.6875,30.661327256944443,15,4.066666666666666,22.20841666666667,20,4.5,25.890094444444443,14,4.5,30.91517261904762,4,6,22.359895833333333,9,6.111111111111111,26.09558024691358,5,6.8,30.88965
39163,68,1.8970588235294117,21.996086834733894,48,2.6875,26.38120138888889,80,1.6125,32.137233333333334,15,4.133333333333334,22.346260317460317,19,4.631578947368421,26.56356140350877,13,4,32.541051282051285,5,5.4,22.664114285714284,9,6,26.726592592592592,4,5.25,33.158833333333334
39165,97,1.7010309278350515,22.07417697594502,62,2.629032258064516,26.075373655913978,96,1.6770833333333333,31.78231597222222,16,4.0625,22.412197916666667,27,4.333333333333333,26.33696913580247,17,3.823529411764706,32.06719607843137,6,5.666666666666667,22.625722222222223,10,5.6,26.542566666666666,4,5.5,32.24225
39167,73,2.2054794520547945,21.806803000652316,60,2.683333333333333,26.111553571428573,92,1.75,31.815945652173912,22,4.2727272727272725,22.115528138528138,23,4.6521739130434785,26.4147049689441,17,4.176470588235294,32.20511764705882,9,5.333333333333333,22.22684656084656,10,6,26.605071428571428,5,6.2,32.72606666666667
39169,87,1.8620689655172413,21.1770425561029,80,2.0125,24.977371875,101,1.603960396039604,30.381631305987742,17,4.0588235294117645,21.53310014005602,18,4.222222222222222,25.415819444444445,11,4.545454545454546,30.70361471861472,4,6.5,21.92775892857143,6,5.833333333333333,25.764541666666666,5,5.8,30.822285714285716
39171,86,1.872093023255814,21.332669988925804,74,2.175675675675676,25.097124195624197,96,1.6770833333333333,30.46106770833333,14,4.5,21.678544217687076,21,4.285714285714286,25.543913832199546,17,3.764705882352941,30.50720588235294,6,6,21.856464285714285,7,6,25.91662244897959,4,5.5,30.80625
39173,80,2.0375,21.765834226190478,73,2.219178082191781,25.41167471189389,99,1.6363636363636365,30.501152356902356,16,4.5,22.165108630952382,23,4.173913043478261,25.83879365079365,16,3.8125,30.730255208333332,7,5.857142857142857,22.055367346938773,7,6.285714285714286,26.132702947845804,4,6,31.135604166666667
39175,85,1.8941176470588235,21.53013529411765,73,2.2054794520547945,25.11183409436834,96,1.6770833333333333,30.345428447420634,17,4,21.90979411764706,20,4.55,25.577444444444446,13,4.3076923076923075,30.64547161172161,4,5.75,21.82975,7,6.571428571428571,25.785079365079365,3,7,31.090099206349205
40001,84,1.9285714285714286,23.27979265873016,80,2.025,27.48184513888889,105,1.5333333333333334,33.66660997732426,20,4.05,23.410379166666665,16,4.75,27.730475694444443,13,3.769230769230769,33.76223443223443,5,5.8,23.564016666666667,7,6.571428571428571,27.769777777777776,3,6,33.96190476190476
40003,97,1.690721649484536,23.103132793323514,84,1.9404761904761905,26.88105328798186,123,1.3089430894308942,32.48965040650406,19,3.8947368421052633,23.23099373433584,19,4.105263157894737,27.044393483709275,5,4,33.0084,5,5.4,23.30794285714286,5,6,27.310361904761905,1,5,32.612
40005,86,1.9069767441860466,24.208021594684386,71,2.295774647887324,28.15123904968271,114,1.4298245614035088,34.30641812865497,18,4.777777777777778,24.375825396825398,18,4.944444444444445,28.299054029304028,11,3.1818181818181817,34.44469696969697,6,7.5,24.511365079365078,7,7.428571428571429,28.33030559916274,0,NA,NA
40007,97,1.6597938144329898,21.12210235640648,74,2.189189189189189,25.000619905619907,118,1.3644067796610169,30.84605790960452,14,4,21.395994897959184,20,4.6,25.126293650793652,8,3.875,30.79435416666667,3,6.333333333333333,21.28214285714286,7,6.714285714285714,25.200839002267575,2,5.5,30.933666666666667
40009,103,1.5922330097087378,22.027470873786406,83,1.9759036144578312,25.749503729202523,130,1.2538461538461538,31.20978205128205,16,3.375,22.10496875,18,4.222222222222222,25.878544973544972,6,4,31.056944444444444,2,5.5,22.565166666666666,6,6.5,25.92063492063492,1,6,31.2
40011,93,1.7419354838709677,22.858936763952894,73,2.232876712328767,26.493248858447487,124,1.314516129032258,31.89154569892473,17,3.9411764705882355,22.997418767507003,20,4.7,26.642858333333333,6,3.1666666666666665,31.916944444444447,4,5.5,23.05757142857143,9,6.444444444444445,26.677092592592594,0,NA,NA
40013,89,1.8089887640449438,24.418234593122232,70,2.3285714285714287,28.157914538635968,114,1.412280701754386,34.01501461988304,16,4.5625,24.611429924242426,21,4.714285714285714,28.29709608116751,12,3.25,34.341388888888886,5,7.4,24.59490909090909,7,7.428571428571429,28.319502529216816,0,NA,NA
40015,98,1.6428571428571428,23.09785860058309,74,2.2027027027027026,26.776988524238526,133,1.218045112781955,32.433521303258146,15,3.8,23.16867619047619,20,4.55,26.90935753968254,5,3,32.87266666666667,4,5.75,23.342535714285713,8,6.125,26.942873015873015,0,NA,NA
40017,94,1.7127659574468086,23.360639564336374,80,2.0375,26.969802083333335,129,1.248062015503876,32.53860465116279,17,4.176470588235294,23.518242296918768,19,4.578947368421052,27.12048245614035,5,3,33.254000000000005,4,5.75,23.52482142857143,7,6.571428571428571,27.207619047619048,0,NA,NA
40019,88,1.8522727272727273,24.057896374458874,73,2.232876712328767,27.837404653185477,122,1.319672131147541,33.88356557377049,17,4.411764705882353,24.20764005602241,22,4.545454545454546,27.925024531024533,6,3,34.114999999999995,5,6.4,24.240142857142857,9,6.222222222222222,28.043763668430337,0,NA,NA
40021,84,1.9166666666666667,23.93540554782519,73,2.219178082191781,27.987393944335725,105,1.5333333333333334,33.968927437641725,16,4.625,24.06244162608225,18,4.777777777777778,28.18609766313933,11,3.909090909090909,34.06385281385281,5,7.2,24.20497987012987,9,6.444444444444445,28.224510141093475,2,6.5,34.263690476190476
40023,94,1.7340425531914894,24.314679964539007,72,2.263888888888889,28.29821391263058,114,1.4210526315789473,34.45817251461988,18,4.055555555555555,24.45749537037037,17,5.235294117647059,28.471847159376573,10,3.4,34.747166666666665,5,5.8,24.65765,6,8.333333333333334,28.538150284900286,1,6,34.865
40025,92,1.7717391304347827,18.93965450310559,86,1.9069767441860466,22.877356589147286,137,1.197080291970803,29.519282238442823,16,4.0625,19.075513392857143,19,4,22.99382456140351,3,3,30.155555555555555,5,5.8,19.027142857142856,4,5.5,23.088166666666666,0,NA,NA
40027,88,1.8295454545454546,23.638850649350648,81,1.9876543209876543,27.288838695597956,126,1.2777777777777777,33.04563492063492,17,4.235294117647059,23.786991596638657,18,4.611111111111111,27.460329685746352,6,3,33.42333333333333,6,5.5,23.808698412698412,5,8,27.523020202020202,0,NA,NA
40029,91,1.8021978021978022,24.223287851037853,74,2.2162162162162162,28.075720163845165,117,1.3846153846153846,34.10941595441596,17,4.647058823529412,24.401717320261437,19,4.7368421052631575,28.172015374975903,9,3.2222222222222223,34.25296296296296,6,7,24.52986574074074,6,7.333333333333333,28.207076465201464,0,NA,NA
40031,95,1.7263157894736842,23.450374436090225,74,2.2162162162162162,27.116587837837837,126,1.2857142857142858,32.75302248677249,15,4.2,23.591038095238094,22,4.181818181818182,27.251704545454544,6,3.3333333333333335,33.15847222222222,6,5.833333333333333,23.57231746031746,7,5.857142857142857,27.34285714285714,0,NA,NA
40033,91,1.7802197802197801,23.71371062271062,72,2.25,27.251620535714284,132,1.2348484848484849,32.799362373737374,16,4.4375,23.829854166666667,23,4.217391304347826,27.375725155279504,5,3.2,33.506166666666665,8,5.625,23.819499999999998,7,6.142857142857143,27.51916836734694,0,NA,NA
40035,73,2.2054794520547945,24.11388812785388,76,2.1447368421052633,27.973067185007974,110,1.4727272727272727,33.79364242424242,18,4.777777777777778,24.26937962962963,22,4.2272727272727275,28.161959366391184,13,3.230769230769231,33.88351282051282,7,7.142857142857143,24.36697619047619,6,7,28.214823232323234,1,5,34.274
40037,81,2.0123456790123457,24.143298647854202,74,2.22972972972973,27.898657862407862,116,1.3879310344827587,33.72410201149425,16,4.875,24.346074404761904,22,4.454545454545454,27.998440082644628,11,3.1818181818181817,34.02189393939394,6,6.666666666666667,24.36897619047619,6,7.5,28.15191919191919,0,NA,NA
40039,100,1.63,22.55851,81,1.9876543209876543,26.251894473838917,128,1.2578125,31.825970052083335,15,3.466666666666667,22.672066666666666,16,4.5,26.426465773809525,4,3.5,31.874791666666667,2,5.5,23.023,7,5.714285714285714,26.438231292517006,0,NA,NA
40041,74,2.2162162162162162,23.541152743652745,72,2.236111111111111,27.698505877224626,103,1.5728155339805825,33.74121705963939,20,4.5,23.651515151515152,19,4.7368421052631575,27.90644332421964,14,3.642857142857143,33.83966836734694,5,8,23.80589393939394,8,6.875,27.886865395021644,2,6.5,33.842261904761905
40043,101,1.613861386138614,22.198577557755776,72,2.263888888888889,25.913013888888887,124,1.2983870967741935,31.37918682795699,17,3.6470588235294117,22.259196078431373,16,5.25,26.0248125,6,3.3333333333333335,31.47486111111111,3,5.666666666666667,22.563777777777776,9,6.777777777777778,26.05161111111111,0,NA,NA
40045,102,1.588235294117647,21.613382352941176,86,1.8953488372093024,25.36785737356958,120,1.35,31.04767361111111,16,3.4375,21.6825,18,4.388888888888889,25.54504078483245,8,3.5,31.040104166666666,1,6,22.101666666666667,5,7.2,25.64798015873016,1,5,30.74
40047,97,1.6701030927835052,23.25224349533628,79,2.037974683544304,27.05676250753466,121,1.3471074380165289,32.79500964187328,17,3.9411764705882355,23.376624649859945,22,3.909090909090909,27.18587445887446,8,3.625,32.873270833333336,5,5.6,23.469190476190477,6,5.666666666666667,27.370428571428572,1,5,32.732
40049,86,1.8837209302325582,23.755185908084165,69,2.3333333333333335,27.55251420519899,122,1.319672131147541,33.45295081967213,17,4.647058823529412,23.968881652661064,19,4.894736842105263,27.695972639933167,7,3,33.91428571428572,7,6,23.896569727891155,7,7,27.765140022675737,0,NA,NA
40051,92,1.75,23.44493969979296,77,2.142857142857143,27.0980345289631,126,1.2777777777777777,32.796031746031744,15,4.2,23.627296825396826,22,4.363636363636363,27.219939033189032,7,3.142857142857143,33.25142857142857,5,5.6,23.659057142857144,7,6.142857142857143,27.313260770975056,0,NA,NA
40053,90,1.8111111111111111,23.35883068783069,77,2.116883116883117,27.12050137741047,120,1.35,32.628191666666666,18,4,23.468597883597884,21,4.238095238095238,27.23850505050505,9,3.5555555555555554,32.721444444444444,5,5.4,23.554285714285715,6,6.166666666666667,27.433378787878787,1,5,33.058
40055,99,1.6262626262626263,22.581690235690235,75,2.1466666666666665,26.314055555555555,128,1.2578125,31.876692708333334,16,3.625,22.736708333333333,21,4.190476190476191,26.41376984126984,8,3.5,31.584583333333335,3,6,22.893,6,6.166666666666667,26.36625,1,5,31.5
40057,98,1.663265306122449,22.494738095238095,75,2.1466666666666665,26.2851426984127,134,1.2014925373134329,31.98544154228856,15,3.8,22.71028888888889,21,4,26.38241439909297,6,3.1666666666666665,32.08486111111111,3,6,22.807833333333335,6,6,26.343172619047618,0,NA,NA
40059,99,1.6262626262626263,21.90139057239057,75,2.16,25.75465783068783,125,1.296,31.480682666666667,18,3.611111111111111,22.117925925925928,18,4.722222222222222,25.91107429453263,7,3.857142857142857,31.538619047619047,3,5.666666666666667,22.14311111111111,8,6.5,26.03064632936508,1,5,31.822
40061,93,1.7419354838709677,24.5348064516129,72,2.263888888888889,28.42636182760141,106,1.528301886792453,34.39841352201258,14,4.857142857142857,24.753714285714285,19,4.7894736842105265,28.662265873015873,13,3.6153846153846154,34.63283333333333,6,7,24.827277777777777,8,6.375,28.702673115079364,3,5,34.902
40063,86,1.872093023255814,24.140741694352158,73,2.2054794520547945,27.912144389096444,117,1.3846153846153846,33.709649572649575,19,4.473684210526316,24.301778195488723,21,4.428571428571429,27.9726924001924,8,3.375,34.003,5,7.4,24.464590476190477,5,7.6,28.008474747474747,1,5,33.494
40065,96,1.7083333333333333,22.986720238095238,74,2.22972972972973,26.65804954954955,132,1.2196969696969697,32.39427777777778,17,4,23.121773109243698,20,4.45,26.791533333333334,5,3.4,32.52493333333333,4,6.25,23.161910714285714,7,6.142857142857143,26.710690476190475,1,5,32.007999999999996
40067,90,1.8111111111111111,23.920735802469135,71,2.323943661971831,27.555462441314553,118,1.3728813559322033,33.438848870056496,15,4.466666666666667,24.04874814814815,20,4.8,27.679391666666668,9,3.2222222222222223,33.819351851851856,5,6.4,24.043244444444444,9,6.333333333333333,27.778833333333335,0,NA,NA
40069,90,1.8222222222222222,24.31329351851852,73,2.2054794520547945,28.056564922140264,117,1.3846153846153846,33.847507122507125,17,4.764705882352941,24.502436274509805,19,4.578947368421052,28.19364417453891,11,3,34.121212121212125,7,6.428571428571429,24.582583333333336,6,7.5,28.229873219373218,0,NA,NA
40071,86,1.872093023255814,23.670127906976745,74,2.175675675675676,27.358588803088804,116,1.396551724137931,32.74386206896552,19,3.9473684210526314,23.793736842105265,19,4.684210526315789,27.467661654135338,12,3.5,33.034416666666665,5,5,23.7612,9,6,27.53673015873016,1,5,32.358
40073,90,1.788888888888889,23.451975925925925,78,2.08974358974359,27.09904981129981,120,1.3416666666666666,32.637166666666666,20,3.85,23.621641666666665,19,4.578947368421052,27.287415014809753,5,3.2,33.01,4,5.5,23.55925,8,6.125,27.332089826839827,0,NA,NA
40075,94,1.7446808510638299,22.906863475177303,72,2.25,26.544096395502645,124,1.314516129032258,32.10314112903226,18,3.888888888888889,23.012787037037036,18,4.666666666666667,26.673607804232805,8,3.5,31.9543125,4,6.25,23.035249999999998,8,6.125,26.708013392857143,1,5,31.881999999999998
40077,85,1.9058823529411764,23.76544117647059,73,2.2054794520547945,27.936570835557138,102,1.5784313725490196,34.171343370681605,17,4.9411764705882355,23.943382352941178,22,4.318181818181818,28.057712317985047,14,3.642857142857143,34.471215986394554,6,7.666666666666667,24.035972222222224,6,7,28.07050072150072,2,6.5,34.552261904761906
40079,68,1.9264705882352942,24.210393207282912,56,2.3214285714285716,28.47146194727891,87,1.4827586206896552,34.72375287356322,12,5.25,24.391394841269843,16,4.75,28.59980431547619,8,3.875,35.0195625,6,7.333333333333333,24.427095238095237,7,6.142857142857143,28.567647959183674,2,5.5,34.96033333333334
40081,84,1.9166666666666667,23.912761904761904,76,2.1184210526315788,27.647242794486214,123,1.3170731707317074,33.39281165311653,19,4.368421052631579,24.136684210526315,23,4.043478260869565,27.782410973084886,10,3.1,33.76658333333334,5,6.6,24.082066666666666,5,6.8,27.92192380952381,0,NA,NA
40083,86,1.9069767441860466,23.737553709856037,79,2.050632911392405,27.363879947759695,120,1.3416666666666666,32.95167361111111,20,4.1,23.928230952380954,21,4.190476190476191,27.516262660619805,8,3.125,33.22385416666667,5,5.8,23.906590476190477,5,6.4,27.665469841269843,0,NA,NA
40085,90,1.788888888888889,24.26583549382716,78,2.141025641025641,27.94420734714004,119,1.3529411764705883,34.012009803921565,15,4.4,24.382346296296298,18,4.722222222222222,28.109620726495727,8,3.125,34.18302083333333,5,6.4,24.368372222222224,4,9,28.101626602564103,0,NA,NA
40087,91,1.7802197802197801,23.574632653061226,77,2.103896103896104,27.25911209029066,125,1.296,33.026,17,4.176470588235294,23.721857142857143,20,4.4,27.391331547619046,8,3,33.4375,6,5.666666666666667,23.811928571428574,5,7,27.466159523809523,0,NA,NA
40089,65,1.9846153846153847,24.356270163170162,59,2.2033898305084745,28.427045668549905,91,1.4285714285714286,34.75231501831502,12,5.166666666666667,24.50688005050505,15,4.266666666666667,28.615046296296295,8,3.5,35.07570833333333,5,7.4,24.670345454545455,3,7.333333333333333,28.688564814814814,1,5,35.654
40091,83,1.9518072289156627,24.697055238269094,70,2.3285714285714287,28.341727040816327,105,1.542857142857143,33.863887301587305,17,4.764705882352941,24.822681457431457,22,4.454545454545454,28.472767857142856,12,4.083333333333333,34.09193055555556,5,8,24.998283621933624,9,6.111111111111111,28.518525132275133,4,5.75,34.08558333333333
40093,102,1.6176470588235294,23.037049253034546,75,2.1466666666666665,26.762985396825396,126,1.2857142857142858,32.3881626984127,18,3.5555555555555554,23.163834656084656,21,4.285714285714286,26.921852607709752,4,3.75,32.612125,2,6,23.12742857142857,8,5.75,26.960488095238095,1,5,32.256
40095,96,1.6770833333333333,24.525091145833333,73,2.219178082191781,28.145544198571596,116,1.396551724137931,33.89497126436782,16,4.1875,24.733046875,19,4.7368421052631575,28.32051192082771,9,3,33.95851851851852,3,7.333333333333333,24.617361111111112,7,7,28.268532356532358,0,NA,NA
40097,85,1.9294117647058824,24.186911764705883,75,2.1466666666666665,28.13196059163059,110,1.5,33.922030303030304,16,4.6875,24.38046875,19,4.578947368421052,28.350370756436547,11,3.4545454545454546,34.067121212121215,6,7,24.52513888888889,6,7.333333333333333,28.324507395382398,1,6,33.71
40099,87,1.8735632183908046,23.81529720853859,74,2.175675675675676,27.574423745173746,117,1.3846153846153846,33.5367094017094,18,4.333333333333333,23.99004761904762,20,4.7,27.691867857142856,8,3,33.7775,5,6.2,23.991171428571427,8,6.5,27.780919642857143,0,NA,NA
40101,81,2,24.651902388078312,71,2.2816901408450705,28.399885758998433,105,1.5333333333333334,34.053446031746034,17,5.176470588235294,24.779652554961377,20,4.65,28.557844444444445,9,3.7777777777777777,34.15298148148148,6,8,24.84082112794613,10,6.1,28.612355555555556,2,5.5,34.334666666666664
40103,82,1.9634146341463414,23.733231949283777,74,2.2027027027027026,27.402368306618307,123,1.3089430894308942,32.99250677506775,16,4.875,23.903751240079366,18,5,27.491403038319703,10,3.4,33.14983333333333,7,6.285714285714286,23.872621882086168,9,6.555555555555555,27.559380150713483,0,NA,NA
40105,84,1.9285714285714286,24.222426587301587,74,2.189189189189189,28.043820463320465,107,1.5046728971962617,33.75676947040498,18,4.388888888888889,24.438824074074073,24,3.9583333333333335,28.13490476190476,12,3.8333333333333335,33.837444444444444,7,6.142857142857143,24.484238095238094,6,6.5,28.23434126984127,3,5.333333333333333,33.61811111111111
40107,82,1.975609756097561,24.092859078590784,75,2.1733333333333333,27.82369256854257,115,1.4086956521739131,33.61384057971014,18,4.5,24.284413580246913,23,4.086956521739131,27.930736636551856,9,3.2222222222222223,33.85574074074074,6,6.666666666666667,24.32212962962963,4,8,28.092777326839826,0,NA,NA
40109,91,1.7802197802197801,23.56075928833072,81,1.9876543209876543,27.246572016460906,126,1.2936507936507937,32.91685185185185,16,4.375,23.774318452380953,19,4.2631578947368425,27.398280701754384,5,3,33.49066666666667,6,5.5,23.734849206349207,4,7.5,27.523083333333332,0,NA,NA
40111,85,1.8941176470588235,24.328566666666667,79,2.037974683544304,28.048864627285514,108,1.4907407407407407,33.81213425925926,16,4.5,24.517072916666667,20,4.3,28.190515277777777,11,3.3636363636363638,34.13822727272727,4,7.5,24.643083333333333,7,6.285714285714286,28.232781746031744,1,5,33.828
40113,87,1.8620689655172413,23.995804324028462,83,1.963855421686747,27.790679445052938,113,1.4336283185840708,33.4412005899705,18,4.166666666666667,24.183887566137567,18,4.444444444444445,27.919799663299663,13,3.1538461538461537,33.653128205128205,4,6.25,24.271035714285716,6,6.833333333333333,28.004815656565658,1,5,33.694
40115,74,2.175675675675676,23.82928753753754,73,2.2054794520547945,27.840631767775605,106,1.5188679245283019,33.79994968553459,20,4.95,23.98336388888889,20,4.45,28.033055952380952,12,3.3333333333333335,33.88122222222222,7,8,24.048896825396824,7,6.714285714285714,28.125755102040817,1,5,34.358
40117,82,1.9634146341463414,24.031302458381727,80,2.025,27.78279569805195,113,1.424778761061947,33.422317109144544,18,4.388888888888889,24.259544532627867,19,4.473684210526316,27.886771360218727,11,3.4545454545454546,33.72289393939394,6,6,24.294883597883597,6,7.333333333333333,28.008248196248196,2,5,33.328
40119,86,1.9069767441860466,23.97604388150609,77,2.116883116883117,27.686595238095236,116,1.3879310344827587,33.44049568965517,20,4.2,24.14423869047619,19,4.631578947368421,27.768570175438597,11,3.272727272727273,33.66159090909091,6,5.833333333333333,24.13635119047619,6,7.5,27.92602777777778,0,NA,NA
40121,91,1.7692307692307692,24.285743066457353,74,2.22972972972973,28.103322447447447,115,1.4,34.00186811594203,18,4.5,24.459589947089945,21,4.476190476190476,28.239564814814816,10,3.7,34.31248333333333,6,6.666666666666667,24.597242063492065,10,5.9,28.258836111111112,3,5,34.548
40123,93,1.7311827956989247,23.924780337941627,74,2.189189189189189,27.685353067353066,121,1.3636363636363635,33.58850550964188,16,4.5,24.148723214285713,20,4.6,27.84380634920635,6,3.3333333333333335,34.01652777777778,6,6.166666666666667,24.22492857142857,6,6.833333333333333,27.9018544973545,0,NA,NA
40125,82,1.9634146341463414,23.82568089430894,80,2.0125,27.534115476190475,121,1.3471074380165289,33.36283746556474,19,4.421052631578948,24.004780701754385,22,4.045454545454546,27.68360173160173,7,3.2857142857142856,33.67619047619048,6,6,24.00861111111111,4,7.25,27.763559523809523,0,NA,NA
40127,90,1.788888888888889,24.036905555555556,77,2.090909090909091,28.095056443556444,103,1.5631067961165048,34.27210194174757,16,4.625,24.19915625,15,5,28.26295641025641,15,3.533333333333333,34.44643333333333,8,5.875,24.36425,5,8.2,28.321535897435897,2,5.5,34.712833333333336
40129,103,1.5825242718446602,21.81168284789644,79,2.037974683544304,25.561274261603376,127,1.2755905511811023,30.900629921259842,13,3.3846153846153846,21.844871794871796,15,4.6,25.64637777777778,5,3.2,31.079,2,5.5,22.34166666666667,7,6.285714285714286,25.748428571428573,0,NA,NA
40131,86,1.872093023255814,24.350073643410852,73,2.219178082191781,28.159043275217932,111,1.4504504504504505,33.85335585585585,16,4.4375,24.569145833333334,21,4.523809523809524,28.28143614718615,12,3.25,34.122708333333335,5,6.4,24.6321,8,6.75,28.28647821969697,1,5,34.160000000000004
40133,84,1.9404761904761905,23.995416950113377,73,2.2054794520547945,27.743607305936074,117,1.3846153846153846,33.56325356125356,18,4.666666666666667,24.190834656084657,23,4.130434782608695,27.836014492753623,7,3.4285714285714284,33.825809523809525,6,6.833333333333333,24.20722619047619,4,8,27.897083333333335,1,5,33.804
40135,68,1.9558823529411764,24.367041141456582,60,2.1666666666666665,28.47483888888889,93,1.3870967741935485,34.54120250896057,15,4.8,24.486253174603174,15,4.733333333333333,28.703688888888887,9,3.3333333333333335,34.78798148148148,6,7.166666666666667,24.583410714285716,6,6.333333333333333,28.710055555555556,1,5,35.576
40137,88,1.8295454545454546,23.600799512987013,73,2.287671232876712,27.280433789954337,124,1.3064516129032258,33.01310483870968,17,4.235294117647059,23.76090336134454,23,4.521739130434782,27.383550724637683,7,3.2857142857142856,33.30142857142857,5,6.4,23.746904761904762,9,6.222222222222222,27.4775,0,NA,NA
40139,106,1.528301886792453,20.523331087151842,77,2.103896103896104,24.396768089053804,126,1.2777777777777777,30.40218121693122,10,3.9,20.810309523809522,17,4.823529411764706,24.49359663865546,5,3.8,30.673966666666665,1,7,20.87142857142857,9,6,24.44457142857143,1,5,31.134
40141,98,1.6428571428571428,23.33704081632653,73,2.219178082191781,26.892833333333332,132,1.2272727272727273,32.427512626262626,15,4,23.473,19,4.684210526315789,27.00509649122807,5,3.2,32.483333333333334,3,6.333333333333333,23.49,7,6.714285714285714,27.060261904761905,0,NA,NA
40143,86,1.872093023255814,24.245230172927847,80,2.025,28.108124715909092,110,1.4727272727272727,34.033242424242424,16,4.5625,24.47967467948718,18,4.444444444444445,28.22722095959596,14,3.2142857142857144,34.18154761904762,4,7.25,24.548698717948717,6,7.166666666666667,28.357635101010104,0,NA,NA
40145,86,1.8953488372093024,24.418858527131782,68,2.3676470588235294,28.255762079831932,103,1.5631067961165048,33.99479126213592,16,4.8125,24.627927083333333,21,4.714285714285714,28.37937244897959,13,3.6153846153846154,34.09142307692308,6,6.5,24.62461111111111,9,6.666666666666667,28.428813492063494,2,5.5,33.9905
40147,91,1.8021978021978022,24.038285975928833,76,2.1184210526315788,27.896751993620416,107,1.5046728971962617,33.658102803738316,18,4.111111111111111,24.241334656084657,20,4.4,28.023407575757574,15,3.466666666666667,33.705799999999996,6,5.666666666666667,24.275809523809524,8,6.25,28.047685606060604,2,5,33.381
40149,100,1.61,22.493438333333334,77,2.090909090909091,26.190244588744587,131,1.2442748091603053,31.721783715012723,14,3.5714285714285716,22.558845238095238,17,4.411764705882353,26.306401960784314,6,3.5,31.671444444444443,2,5.5,22.970666666666666,6,6.166666666666667,26.390777777777778,1,5,31.732
40151,100,1.61,22.749825833333333,81,2.0246913580246915,26.571999608073682,123,1.3089430894308942,32.21861111111111,16,3.875,22.938911458333333,18,4.555555555555555,26.751776014109346,6,4.166666666666667,32.49486111111111,3,6,22.781416666666665,7,6.428571428571429,26.850519274376417,2,5.5,32.682500000000005
40153,99,1.6464646464646464,21.967402356902358,75,2.1466666666666665,25.753662328042328,127,1.2755905511811023,31.40746062992126,15,3.8666666666666667,22.03818888888889,17,5.235294117647059,25.876157329598506,10,3.2,31.66675,4,6,22.112583333333333,10,6.7,25.858384126984127,0,NA,NA
41001,88,1.8409090909090908,13.557748737373737,71,2.2816901408450705,19.94741918175721,99,1.6262626262626263,27.994715488215487,19,3.789473684210526,14.0416783625731,23,4.3478260869565215,20.28464182194617,17,3.411764705882353,28.279519607843138,2,7,14.401777777777777,8,6.5,20.44761607142857,2,5,28.037999999999997
41003,63,1.5396825396825398,14.821243386243387,56,1.75,21.201136904761903,66,1.4848484848484849,29.170580808080807,7,3.857142857142857,15.776904761904762,11,3.4545454545454546,21.766242424242424,7,3.4285714285714284,30.021190476190476,1,6,15.446666666666667,1,5,22.992,0,NA,NA
41005,81,1.6049382716049383,15.565617283950617,63,2.0476190476190474,22.095196649029983,68,1.8970588235294117,29.255263888888887,11,4,16.246363636363636,16,4.125,22.502961805555557,15,4,29.506862962962963,3,6,16.164166666666667,4,6,22.617055555555556,3,6.333333333333333,29.169037037037036
41007,87,1.4942528735632183,14.415009578544062,77,1.6753246753246753,18.700054112554113,89,1.4606741573033708,24.67062734082397,8,3.625,14.648854166666666,12,3.0833333333333335,19.16034722222222,6,3.1666666666666665,25.166805555555555,1,6,14.923333333333334,0,NA,NA,0,NA,NA
41009,80,1.6125,15.036895833333334,64,2.015625,21.40019010416667,86,1.5,29.038207364341083,12,3.5,15.696388888888889,15,3.7333333333333334,21.79447777777778,9,3.7777777777777777,29.847314814814816,1,6,15.831666666666667,2,5.5,22.03483333333333,1,6,30.686666666666667
41011,66,1.4848484848484849,14.25270202020202,58,1.6896551724137931,18.295272988505747,68,1.4558823529411764,24.29558823529412,6,3.6666666666666665,14.409722222222221,10,3.5,18.676083333333334,7,3.5714285714285716,24.554285714285715,1,6,14.69,1,6,19.05,1,6,24.92
41013,69,1.8695652173913044,14.369788757136583,59,2.2203389830508473,20.099081920903956,88,1.4772727272727273,27.48944318181818,17,3.8823529411764706,14.682966131907309,17,4.176470588235294,20.487401960784315,10,3.6,27.8516,3,7,14.725696969696969,3,7.333333333333333,20.8475,1,5,28.016
41015,56,1.7321428571428572,15.073065476190475,52,1.8653846153846154,18.799096153846154,63,1.5396825396825398,23.771878306878307,13,3.4615384615384617,15.249358974358975,9,3.888888888888889,19.27311111111111,7,3.857142857142857,24.411190476190477,1,6,16.073333333333334,2,5.5,19.852333333333334,1,6,25.101666666666667
41017,54,1.7962962962962963,13.462938271604939,47,2.0638297872340425,19.79471631205674,68,1.4264705882352942,27.489267156862745,10,3.6,14.015366666666667,12,3.5833333333333335,20.33972222222222,5,3.6,27.927033333333334,2,5.5,13.905166666666666,1,8,19.994999999999997,1,5,27.766000000000002
41019,83,1.5662650602409638,14.585506310958118,70,1.8428571428571427,20.89632142857143,83,1.5542168674698795,28.38918875502008,10,3.9,15.15570238095238,14,3.7142857142857144,21.482678571428572,11,3.4545454545454546,28.852969696969698,1,7,15.312857142857142,3,5,21.656666666666666,2,5,28.673000000000002
41021,78,2.076923076923077,16.600394716394717,68,2.3676470588235294,21.517988678804855,97,1.6597938144329898,27.444044182621504,18,4.333333333333333,16.99282154882155,21,4.619047619047619,21.954915721844294,15,4,27.826485714285713,4,7.5,17.011655303030302,6,7.666666666666667,22.113732804232804,4,5.75,27.92932142857143
41023,86,1.872093023255814,13.542606404577334,70,2.3142857142857145,19.889130952380953,103,1.5825242718446602,27.222263754045308,18,4.222222222222222,13.997730599647266,24,4.083333333333333,20.180173611111112,14,3.7142857142857144,27.687369047619047,6,6,14.35416402116402,7,5.857142857142857,20.537738095238097,3,5,27.798
41025,63,2.0634920634920637,14.219635928445452,53,2.490566037735849,19.698649371069184,76,1.6973684210526316,26.408649122807017,19,4,14.534582289055974,17,4.705882352941177,19.994906862745097,16,3.5625,26.748583333333332,4,6.5,14.963849206349206,7,6.571428571428571,20.39525,2,5,26.872
41027,73,1.7808219178082192,15.216086757990867,58,2.2241379310344827,21.61749808429119,94,1.372340425531915,29.142804964539007,13,4.3076923076923075,15.644948717948719,14,4.785714285714286,22.03213492063492,8,3.375,29.308583333333335,4,6.75,16.07754166666667,6,6.333333333333333,22.199703703703705,1,5,29.122
41029,66,1.9696969696969697,15.380106643356644,48,2.7083333333333335,21.799314236111112,70,1.8428571428571427,29.498085714285715,16,4.125,15.756064903846154,18,4.666666666666667,22.12122685185185,13,3.769230769230769,29.38469230769231,3,8,15.874846153846153,5,7,22.076916666666666,2,5.5,29.508833333333335
41031,64,2.015625,14.977884114583333,62,2.129032258064516,20.958807603686637,88,1.4659090909090908,28.23754734848485,14,4.357142857142857,15.302113095238095,15,4.4,21.27207142857143,8,3.125,28.908645833333335,5,6.4,15.42075,4,7.25,21.38818452380952,0,NA,NA
41033,61,2.1147540983606556,15.865715846994537,51,2.5686274509803924,22.263779411764705,77,1.6883116883116882,29.94453308596166,17,4.176470588235294,16.344627450980393,20,4.15,22.5428875,12,3.6666666666666665,30.3240873015873,5,6,16.2114,4,6,22.469437499999998,1,7,29.915714285714287
41035,54,2.388888888888889,15.43233281893004,45,2.888888888888889,20.330177008177007,79,1.6582278481012658,27.892649789029537,21,3.857142857142857,15.628141534391535,19,4.842105263157895,20.516998177261335,15,3.466666666666667,28.23762222222222,3,7.333333333333333,16.23421296296296,7,7,20.792685528756955,3,5.333333333333333,28.278111111111112
41037,59,2.1864406779661016,14.028184300633454,51,2.5294117647058822,19.4705873015873,75,1.72,26.84718,15,4.4,14.46985824915825,19,4.2631578947368425,19.775786967418547,14,3.5714285714285716,27.33882142857143,4,7.5,14.587176767676768,9,5.444444444444445,20.09869841269841,2,5,26.898000000000003
41039,65,1.4923076923076923,14.907743589743589,55,1.7636363636363637,21.23481515151515,61,1.6065573770491803,28.400163934426228,5,4,15.840666666666666,10,3.7,21.869983333333334,8,3.75,29.03875,1,6,15.21,2,5,22.117,2,5,28.515
41041,86,1.5232558139534884,13.84389534883721,76,1.6973684210526316,17.57688596491228,94,1.3936170212765957,22.58413829787234,12,3.3333333333333335,14.021666666666667,14,3.4285714285714284,17.766309523809525,9,3.2222222222222223,22.526,0,NA,NA,0,NA,NA,1,5,22.834
41043,63,1.5396825396825398,15.161891534391534,53,1.849056603773585,21.478443396226414,57,1.7017543859649122,28.523694235588973,6,4,15.903194444444445,10,3.8,22.02025,9,3.888888888888889,28.96895238095238,1,6,15.681666666666667,1,6,22.786666666666665,2,6,29.030285714285714
41045,64,2.015625,17.52192993551587,59,2.1864406779661016,23.054235472154964,84,1.5357142857142858,30.44713492063492,14,4.5,18.08667970521542,15,4.466666666666667,23.440992857142856,9,3.4444444444444446,30.702703703703705,5,6.2,18.12286984126984,6,6.166666666666667,23.712343253968253,1,5,31.006
41047,63,1.5396825396825398,15.49755291005291,52,1.8653846153846154,21.93229967948718,58,1.6724137931034482,29.402947454844007,6,4,16.29013888888889,11,4,22.280871212121212,10,3.7,29.811095238095238,1,6,16.061666666666667,1,8,22.833750000000002,1,7,29.894285714285715
41049,89,1.8089887640449438,18.139734082397002,64,2.53125,23.111864025297617,99,1.6262626262626263,29.495184824434823,14,4.285714285714286,18.402595238095238,24,4.583333333333333,23.39413740079365,13,4.230769230769231,29.858715201465202,4,6,18.5995,10,6.4,23.56059642857143,3,6.666666666666667,30.332488095238094
41051,78,1.6538461538461537,15.938336080586081,64,2.03125,22.37433420138889,70,1.8428571428571427,29.779265873015873,12,3.9166666666666665,16.50335119047619,16,4.125,22.822649305555554,14,3.9285714285714284,30.15954365079365,3,6,16.47312698412698,4,6.25,22.816222222222223,2,7,29.753888888888888
41053,67,1.462686567164179,14.998544776119402,54,1.7962962962962963,21.434274691358024,63,1.5396825396825398,29.315436507936507,5,4.2,16.0765,11,3.6363636363636362,21.92189393939394,8,3.375,30.1053125,1,6,15.690000000000001,1,6,22.876666666666665,0,NA,NA
41055,76,2.1184210526315788,15.968587719298245,64,2.515625,21.314128579319984,108,1.4907407407407407,27.902194444444444,18,4.666666666666667,16.332925925925927,20,4.85,21.710211453823952,13,3.6153846153846154,28.09476923076923,5,8,16.468533333333333,9,6.666666666666667,21.79352545294212,3,5,28.034000000000002
41057,88,1.5113636363636365,14.023683712121212,76,1.6973684210526316,18.827883771929823,91,1.4175824175824177,25.06291208791209,9,3.6666666666666665,14.446574074074073,12,3.1666666666666665,19.492847222222224,7,3.142857142857143,25.63357142857143,1,5,14.63,0,NA,NA,0,NA,NA
41059,90,1.8,17.015985185185187,59,2.7288135593220337,22.718972356739307,97,1.6701030927835052,29.256369988545245,20,3.65,17.343683333333335,23,4.739130434782608,22.974103002070393,16,3.9375,29.492368055555556,4,5,17.633,9,6.777777777777778,23.01270767195767,3,6.666666666666667,29.73374074074074
41061,82,1.9634146341463414,13.595925232288037,68,2.3823529411764706,20.206946078431372,109,1.4770642201834863,27.813,20,4.05,13.988543452380952,24,4.166666666666667,20.466555555555555,14,3.4285714285714284,28.369071428571427,6,5.833333333333333,14.139172619047619,8,6,20.609875,1,5,28.032
41063,88,1.8295454545454546,12.737666847041847,75,2.1733333333333333,19.464871851851854,98,1.6428571428571428,27.086462585034013,18,4,13.156649029982363,18,4.722222222222222,20.015021604938273,17,3.4705882352941178,27.634019607843136,5,6.2,13.405936507936508,7,7,20.161484126984128,2,5,27.939999999999998
41065,92,1.75,15.710034420289855,75,2.1733333333333333,21.898498888888888,107,1.5046728971962617,28.92227414330218,16,4.5625,16.213947916666665,19,4.421052631578948,22.291969298245615,14,3.4285714285714284,29.139166666666668,5,6.6,16.528299999999998,7,6.142857142857143,22.577607142857143,2,5.5,28.986666666666665
41067,79,1.6329113924050633,15.54187552742616,62,2.0806451612903225,22.19653046594982,79,1.6455696202531647,30.129243520192887,12,3.6666666666666665,16.184013888888888,15,4.133333333333334,22.60065925925926,13,3.6153846153846154,30.512710622710625,2,5.5,16.892833333333332,3,6.666666666666667,22.534962962962965,1,7,31.00857142857143
41069,66,1.9696969696969697,14.451710497835498,52,2.480769230769231,20.048042582417583,83,1.5542168674698795,26.72082329317269,17,4,14.74722899159664,17,4.470588235294118,20.329600840336134,11,3.3636363636363638,27.17939393939394,5,6,14.845578571428572,5,7,20.358309523809524,0,NA,NA
41071,68,1.4264705882352942,15.31109068627451,48,2.0416666666666665,21.869921875,62,1.564516129032258,30.114376344086022,6,4,16.359861111111112,11,3.909090909090909,22.205568181818183,8,4,30.387666666666668,1,6,15.761666666666667,1,8,22.93625,2,5.5,30.518166666666666
42001,71,1.8169014084507042,21.962900067069082,55,2.3636363636363638,26.01293246753247,86,1.5116279069767442,31.65729069767442,14,4.071428571428571,22.195778911564627,18,4.277777777777778,26.281738095238097,10,4,32.1417,4,6,22.605642857142858,8,5.5,26.564535714285714,2,5.5,32.852666666666664
42003,86,1.872093023255814,20.91467580287929,74,2.175675675675676,25.113050514800516,91,1.7692307692307692,31.08715934065934,16,4.3125,21.27231994047619,21,4.285714285714286,25.440749433106575,17,4,31.443029411764705,5,6.2,21.65042380952381,8,5.875,25.71352976190476,4,5.75,31.94975
42005,68,1.8970588235294117,20.4856831232493,63,2.0476190476190474,24.661681405895692,75,1.7333333333333334,30.481857777777776,14,4.142857142857143,20.86617517006803,15,4.266666666666667,25.068728571428572,12,4.166666666666667,30.86411111111111,4,6.5,21.19307142857143,6,5.666666666666667,25.307515873015873,4,5.5,30.997333333333334
42007,74,1.7432432432432432,21.04098166023166,62,2.1129032258064515,25.127886712749618,83,1.5662650602409638,30.91901950659782,13,4,21.45058791208791,16,4.25,25.51556101190476,10,4.3,31.339361904761905,4,5.5,21.661285714285714,5,6.2,25.691295238095236,3,6,31.69453968253968
42009,71,1.8169014084507042,20.24375989268947,57,2.2982456140350878,24.40639807852966,84,1.5357142857142858,30.215194444444446,12,4.25,20.5376626984127,17,4.529411764705882,24.735275910364145,10,4.1,30.598633333333332,4,6.25,20.60444642857143,8,5.75,24.865482142857143,4,5.5,31.049500000000002
42011,81,1.617283950617284,21.66563683127572,61,2.1147540983606556,25.832229508196722,84,1.5595238095238095,31.412914682539682,9,4.888888888888889,22.117953703703705,17,4.117647058823529,26.14770588235294,12,4.083333333333333,31.68623611111111,5,6,22.102149999999998,5,5.8,26.6282,4,5.25,32.08475
42013,77,1.7012987012987013,19.97931586270872,55,2.3636363636363638,24.215775324675324,82,1.5975609756097562,29.99691056910569,12,4.166666666666667,20.425193452380952,18,4.333333333333333,24.551535714285713,12,3.9166666666666665,30.35638888888889,2,7.5,20.631160714285713,7,5.571428571428571,24.87382993197279,4,5.25,30.993333333333332
42015,100,1.62,19.475418333333334,75,2.1466666666666665,23.704048571428572,105,1.5333333333333334,29.435215873015874,18,3.7222222222222223,19.907046296296297,19,4.421052631578948,24.139402255639098,13,3.923076923076923,29.80251282051282,3,6,20.00311111111111,7,6,24.4688537414966,3,5.333333333333333,30.211444444444442
42017,79,1.6582278481012658,22.522605485232067,64,2.046875,26.33866666666667,84,1.5357142857142858,31.67517857142857,13,4,22.77121794871795,18,4.055555555555555,26.621092592592593,12,3.75,31.98125,4,6,23.13125,6,5.666666666666667,26.978833333333334,3,5.333333333333333,32.36055555555556
42019,71,1.8169014084507042,20.601521126760563,64,2.015625,24.74774330357143,78,1.6666666666666667,30.584307692307693,12,4.416666666666667,21.050666666666668,13,4.461538461538462,25.261967032967032,12,4.166666666666667,30.87591666666667,4,6.5,21.244500000000002,5,5.8,25.439780952380953,4,5.75,31.088166666666666
42021,77,1.6753246753246753,19.518421459492888,60,2.1666666666666665,23.572131746031747,80,1.6125,29.3137375,9,4.777777777777778,20.061494708994708,18,4.166666666666667,23.911550264550264,11,4.181818181818182,29.827636363636366,4,6.25,20.404196428571428,6,5.5,24.131873015873015,4,5,30.2635
42023,74,1.7432432432432432,19.337848455598454,57,2.263157894736842,23.544626984126985,76,1.736842105263158,29.163991228070177,12,4.583333333333333,19.812565476190475,19,4,23.924670426065163,12,4.083333333333333,29.62736111111111,6,5.666666666666667,20.03304761904762,5,5.8,24.23024761904762,3,6,30.084444444444443
42025,71,1.8169014084507042,20.708990945674046,63,2.0476190476190474,24.76472978080121,88,1.4772727272727273,30.23552462121212,15,3.933333333333333,20.92055714285714,16,4.1875,25.12362351190476,11,3.909090909090909,30.64692424242424,4,5.75,21.381464285714287,4,6.25,25.472202380952382,3,5.333333333333333,31.065666666666665
42027,81,1.6049382716049383,19.833298647854203,59,2.1864406779661016,24.108479015334947,77,1.6753246753246753,29.840797155225726,9,4.666666666666667,20.44968783068783,16,4.375,24.54782886904762,11,4.090909090909091,30.327852813852815,4,6,20.752214285714285,7,5.571428571428571,24.78539455782313,3,5.666666666666667,30.98990476190476
42029,73,1.7808219178082192,22.433098173515983,62,2.096774193548387,26.27718701996928,75,1.72,31.68536,14,4.142857142857143,22.804369047619048,16,4.1875,26.64503720238095,13,3.923076923076923,31.954,5,5.6,22.9004,5,6,26.969285714285714,3,5.333333333333333,32.211777777777776
42031,89,1.8202247191011236,19.767630016051363,78,2.0641025641025643,23.938304487179487,98,1.6428571428571428,29.705341350826046,16,4.3125,20.099004464285713,18,4.333333333333333,24.378763888888887,14,4.142857142857143,30.084175170068026,6,6.166666666666667,20.335539682539682,6,6,24.621152777777777,4,6,30.055238095238096
42033,77,1.6753246753246753,19.534840445269015,62,2.1129032258064515,23.668265360983103,81,1.5925925925925926,29.330139917695472,11,4.636363636363637,20.142974025974027,16,4.25,24.117340773809524,11,4,29.82648484848485,6,5.666666666666667,20.36295238095238,5,5.8,24.346657142857143,2,5.5,30.669833333333333
42035,79,1.6329113924050633,20.089332127787824,59,2.2203389830508473,24.477293381759484,77,1.6753246753246753,30.184753246753246,10,4.7,20.50922380952381,17,4.117647058823529,24.88884173669468,11,4.181818181818182,30.676,4,6.5,20.805142857142858,6,5.5,25.1299126984127,3,5.666666666666667,31.19311111111111
42037,77,1.7142857142857142,20.6393293135436,64,2.046875,24.808973958333333,81,1.5925925925925926,30.35574279835391,12,4.25,21.01277976190476,16,4.3125,25.131208333333333,10,4,30.696516666666668,4,5.75,21.395214285714285,6,5.666666666666667,25.4435,3,5.333333333333333,31.132
42039,77,1.6883116883116882,20.135547619047617,59,2.2033898305084745,24.307466505246165,80,1.6125,29.882528571428573,15,3.8,20.46981111111111,14,4.357142857142857,24.818608843537415,11,4.090909090909091,30.22248051948052,5,5.2,21.0366,4,6,25.16638095238095,4,5.5,30.238071428571427
42041,72,1.8194444444444444,21.708356812169313,60,2.15,25.946932936507938,85,1.5294117647058822,31.777119607843137,14,4.357142857142857,21.96404931972789,17,4.176470588235294,26.292998599439777,10,3.9,32.15351666666667,6,5.833333333333333,22.19597619047619,6,5.666666666666667,26.61502380952381,3,5.333333333333333,32.637
42043,72,1.8055555555555556,21.75202876984127,61,2.1147540983606556,25.947761514441844,82,1.5731707317073171,31.75849593495935,15,4.066666666666666,21.98707142857143,17,4.0588235294117645,26.3237324929972,9,4.333333333333333,32.12518518518519,5,5.6,22.397380952380953,4,6,26.77690476190476,4,5.25,32.374583333333334
42045,77,1.6753246753246753,22.87582683982684,65,2,26.593353846153846,81,1.6049382716049383,31.929816872427985,13,4,23.278358974358976,16,4.25,26.9301875,11,3.8181818181818183,32.160015151515154,4,5.5,23.666333333333334,6,5.833333333333333,27.2905,2,5,32.593
42047,72,1.7916666666666667,19.20718716931217,59,2.1864406779661016,23.320382163034704,77,1.6753246753246753,28.9333658008658,13,4.384615384615385,19.771344322344323,18,4,23.758752645502646,12,4,29.38951388888889,6,5.5,19.798190476190477,3,6,24.297238095238097,3,6,29.741111111111113
42049,69,1.8695652173913044,21.349274327122153,59,2.1864406779661016,24.81421549636804,80,1.6125,29.691983333333333,14,4.214285714285714,21.733923469387754,16,4.375,25.344294642857143,12,3.75,30.043222222222223,6,5.5,22.145126984126982,5,6,25.543076190476192,1,5,29.932
42051,64,2.03125,20.496798363095238,54,2.388888888888889,24.636586419753087,79,1.6329113924050633,30.42179535864979,16,4.3125,20.771880952380954,16,4.5,25.018166666666666,12,4,30.961402777777778,4,6.25,20.990440476190475,9,5.333333333333333,25.04877777777778,3,5.666666666666667,31.12588888888889
42053,96,1.6770833333333333,19.278569940476192,73,2.2054794520547945,23.5080102739726,102,1.588235294117647,29.134289215686273,15,4.2,19.881514285714285,21,4.190476190476191,23.860940476190475,14,3.857142857142857,29.568749999999998,6,5.5,20.058785714285715,5,6.2,24.18095,3,6.333333333333333,29.646666666666665
42055,70,1.8428571428571427,21.37961700680272,53,2.4339622641509435,25.66491015274034,81,1.5925925925925926,31.372216049382715,12,4.5,21.683599206349207,19,4.157894736842105,25.882380952380952,14,3.642857142857143,31.744964285714286,4,6.75,22.093714285714285,8,5.375,26.259821428571428,4,5,32.223
42057,69,1.8695652173913044,20.973817632850242,55,2.3454545454545452,25.238703896103896,85,1.5176470588235293,31.108498039215686,13,4.230769230769231,21.257570512820514,17,4.352941176470588,25.615512605042017,10,3.9,31.524733333333334,4,6.25,21.8548125,7,5.571428571428571,25.85648299319728,3,5,32.368
42059,66,2,21.012109307359307,55,2.381818181818182,25.232478787878787,81,1.617283950617284,31.09498353909465,14,4.285714285714286,21.376729591836735,16,4.5625,25.632583333333333,12,4.083333333333333,31.60447222222222,4,6,21.648761904761905,9,5.444444444444445,25.622,4,5.75,31.647166666666667
42061,75,1.72,20.55304253968254,58,2.3448275862068964,24.83372865353038,81,1.5925925925925926,30.620480893592006,10,4.8,21.034319047619046,19,4.368421052631579,25.15348746867168,10,3.8,31.06389523809524,5,6.2,21.32897142857143,8,5.5,25.519220238095237,2,6,32.021142857142856
42063,73,1.7808219178082192,20.25357958251794,60,2.1666666666666665,24.303149206349207,79,1.6455696202531647,30.03285654008439,12,4.416666666666667,20.656775793650795,17,4.235294117647059,24.67493837535014,12,4.083333333333333,30.47463888888889,5,6.2,20.95342857142857,6,5.666666666666667,24.91093650793651,3,5.333333333333333,30.76688888888889
42065,86,1.872093023255814,19.494062015503875,76,2.1315789473684212,23.585502192982457,99,1.6262626262626263,29.27519696969697,18,4.222222222222222,19.86162962962963,21,4.285714285714286,23.979198412698413,15,3.933333333333333,29.742966666666668,6,6.166666666666667,20.12988888888889,7,5.857142857142857,24.238309523809523,3,5.333333333333333,30.08288888888889
42067,74,1.7432432432432432,20.988948841698843,56,2.3035714285714284,25.341964710884355,80,1.6125,31.088171428571428,11,4.454545454545454,21.44611038961039,17,4.411764705882353,25.66029551820728,9,4.111111111111111,31.57652380952381,5,5.8,21.671942857142856,8,5.375,25.979065476190478,2,6,32.32685714285714
42069,78,1.6538461538461537,19.925726495726497,66,1.9545454545454546,23.9937702020202,93,1.3978494623655915,29.45877240143369,11,4,20.53060606060606,16,4,24.415864583333335,9,3.7777777777777777,29.898425925925924,2,6.5,20.689166666666665,5,5.2,24.762266666666665,2,5.5,30.284166666666664
42071,73,1.7808219178082192,22.279666666666667,58,2.2241379310344827,26.163778735632185,77,1.7012987012987013,31.52217316017316,13,4.3076923076923075,22.609666666666666,17,4.117647058823529,26.447009803921567,13,4.153846153846154,31.771333333333335,5,5.4,22.950466666666667,5,6,26.820333333333334,4,5.5,32.00475
42073,70,1.8571428571428572,20.78097448979592,63,2.0476190476190474,24.937220332577475,82,1.5731707317073171,30.69190331010453,14,4.285714285714286,21.166658163265307,13,4.615384615384615,25.407298534798535,13,3.769230769230769,31.07085164835165,4,6.5,21.40142857142857,5,6,25.507142857142856,2,6.5,31.722619047619048
42075,79,1.6582278481012658,21.62130349608198,63,2.0634920634920637,25.796873771730915,81,1.5925925925925926,31.406364197530863,11,4.454545454545454,21.98254329004329,16,4.1875,26.198002976190477,10,4.3,31.84355,5,6,22.24342857142857,5,6,26.575276190476192,4,5.5,32.02741666666667
42077,76,1.6973684210526316,21.358153822055137,62,2.1129032258064515,25.615276497695852,85,1.5176470588235293,31.277225490196077,10,4.4,21.855469047619046,19,3.9473684210526314,25.841428571428573,11,4,31.65310606060606,4,6,22.067214285714286,4,6.25,26.371785714285714,3,5,32.24666666666667
42079,74,1.7432432432432432,20.26809749034749,66,1.9545454545454546,24.357979797979798,85,1.5411764705882354,29.838364705882352,12,4,20.67035119047619,15,4.133333333333334,24.783444444444445,9,4.222222222222222,30.297333333333334,3,6,21.026126984126982,4,5.75,25.152083333333334,3,5.666666666666667,30.517
42081,83,1.5662650602409638,20.22648565691337,60,2.15,24.691158333333334,77,1.6753246753246753,30.367093073593075,9,4.444444444444445,20.82092328042328,16,4.25,25.06496875,11,4.090909090909091,30.808742424242425,3,6.333333333333333,20.86638095238095,6,5.5,25.374777777777776,3,5.666666666666667,31.31511111111111
42083,89,1.8202247191011236,18.730339218833603,75,2.16,22.82857619047619,102,1.607843137254902,28.351573062558355,15,4.4,19.2470126984127,20,4.2,23.274410714285715,13,4.230769230769231,28.87311172161172,8,5.375,19.30252380952381,5,6.2,23.718476190476192,4,6,29.123238095238094
42085,73,1.7945205479452055,20.550285714285714,63,2.0476190476190474,24.709620181405896,81,1.5925925925925926,30.40102763080541,13,4.076923076923077,21.00621978021978,14,4.285714285714286,25.226147959183674,11,4.2727272727272725,30.81983982683983,4,5.75,21.378547619047616,4,6,25.56422619047619,4,5.75,30.90122619047619
42087,75,1.72,20.64612984126984,55,2.3636363636363638,24.99355367965368,81,1.6049382716049383,30.6808392122281,11,4.454545454545454,21.069521645021645,19,4.2105263157894735,25.26686591478697,10,4.1,31.12979761904762,5,5.8,21.382114285714287,8,5.375,25.659119047619047,2,6.5,31.95440476190476
42089,74,1.7432432432432432,20.55106467181467,64,2.015625,24.631302083333335,86,1.5116279069767442,30.02281395348837,14,3.857142857142857,20.90848469387755,16,4,25.015208333333334,12,3.5833333333333335,30.3435,3,6,21.452650793650793,3,6,25.484444444444446,2,5,31.231
42091,77,1.6753246753246753,22.506417748917748,66,1.9545454545454546,26.378166666666665,81,1.5925925925925926,31.820814814814817,12,4.166666666666667,22.925763888888888,17,4,26.73464705882353,12,3.9166666666666665,32.07091666666667,4,6.5,23.041458333333335,5,5.8,27.144133333333333,3,5.333333333333333,32.412
42093,78,1.6666666666666667,20.74293711843712,64,2.046875,24.95003125,80,1.6125,30.539677083333334,13,4,21.060699633699635,17,4.235294117647059,25.26335294117647,12,3.8333333333333335,30.827430555555555,4,5.5,21.489357142857145,6,5.666666666666667,25.59311111111111,3,5,31.5
42095,76,1.6973684210526316,21.30506453634085,63,2.0476190476190474,25.547084278155708,87,1.5172413793103448,31.066264367816093,11,4.090909090909091,21.740900432900432,16,4.125,25.877581845238094,12,3.75,31.465833333333332,3,6,22.223857142857142,4,6.25,26.287619047619046,2,5,32.385000000000005
42097,74,1.7432432432432432,20.82804633204633,64,2.03125,25.064916666666665,84,1.5357142857142858,30.69133134920635,13,4.384615384615385,21.13734065934066,17,4.235294117647059,25.37556862745098,10,3.9,31.060183333333335,5,6,21.43275238095238,6,5.666666666666667,25.69661111111111,3,5,31.622
42099,68,1.8970588235294117,21.425693277310923,61,2.1311475409836067,25.59435362997658,82,1.5853658536585367,31.38338211382114,16,4.125,21.646383928571428,18,4.111111111111111,25.922531746031748,10,4.1,31.631733333333333,6,5.666666666666667,21.86452380952381,6,5.666666666666667,26.351484126984126,3,5.666666666666667,32.14077777777778
42101,77,1.6753246753246753,22.923625541125542,64,2.015625,26.6444609375,82,1.5731707317073171,31.91641869918699,12,4.25,23.28201388888889,16,4.1875,26.97128125,10,3.8,32.32463333333333,4,6.25,23.65375,6,5.666666666666667,27.36438888888889,3,5,32.589333333333336
42103,74,1.7567567567567568,20.287228764478765,63,2.0476190476190474,24.365529100529102,90,1.4333333333333333,29.714425925925926,13,4.153846153846154,20.69537912087912,17,3.8823529411764706,24.72578431372549,9,3.5555555555555554,30.311481481481483,4,6,20.96727380952381,3,6,25.163333333333334,1,6,31.221666666666668
42105,87,1.8505747126436782,18.54831964969896,76,2.1184210526315788,22.597213502506264,91,1.7692307692307692,28.120967032967034,16,4.375,19.033050595238095,19,4.421052631578948,23.101222431077694,16,4.0625,28.5295625,7,5.571428571428571,19.08530612244898,7,6,23.2876037414966,4,5.75,28.639916666666668
42107,77,1.6753246753246753,20.717814780457637,62,2.096774193548387,24.850293394777268,82,1.5731707317073171,30.441115853658538,12,4,21.140978174603173,17,4.235294117647059,25.178422969187675,9,4.333333333333333,30.78238888888889,4,5.75,21.49147619047619,6,5.833333333333333,25.48886507936508,3,5.666666666666667,31.205777777777776
42109,76,1.7105263157894737,21.042713032581453,61,2.1311475409836067,25.323727166276345,83,1.5542168674698795,31.015706827309238,10,4.5,21.43861904761905,18,4.222222222222222,25.65040873015873,11,3.727272727272727,31.43669696969697,3,7,21.654285714285713,6,5.666666666666667,25.95997619047619,3,5,32.010666666666665
42111,71,1.8169014084507042,19.367760563380283,61,2.1311475409836067,23.378487509758003,81,1.5925925925925926,29.079699588477368,13,4,19.70046153846154,18,4.055555555555555,23.67348544973545,14,3.7142857142857144,29.54647619047619,2,6.5,19.9805,5,5.6,23.944714285714287,3,5.333333333333333,30.15077777777778
42113,76,1.6973684210526316,19.366786967418545,60,2.1666666666666665,23.506272222222222,80,1.65,29.106639583333333,14,4.071428571428571,19.740414965986396,18,4.055555555555555,23.808962962962962,15,3.8666666666666667,29.408077777777777,4,5.75,19.802702380952383,6,5.5,24.204666666666668,3,5.333333333333333,29.706222222222223
42115,80,1.625,19.57319791666667,58,2.2413793103448274,23.697278735632185,88,1.4659090909090908,29.24291287878788,15,3.7333333333333334,19.900055555555557,17,4.117647058823529,24.060127450980392,9,3.888888888888889,29.825703703703706,3,5.666666666666667,19.991666666666667,6,5.333333333333333,24.386333333333333,2,5.5,30.134
42117,93,1.7311827956989247,19.018041474654378,77,2.090909090909091,23.17474644403216,95,1.694736842105263,28.88278245614035,16,4.125,19.49955357142857,21,4.142857142857143,23.61073696145125,15,4.2,29.272955555555555,4,6.25,19.541339285714287,8,5.5,23.83797619047619,4,5.75,29.70275
42119,79,1.6329113924050633,20.598613622664256,63,2.0476190476190474,25.085803476946335,81,1.5925925925925926,30.880076131687243,10,4.6,21.03454761904762,17,4.176470588235294,25.435624649859946,11,3.909090909090909,31.302833333333332,3,7,21.15904761904762,5,5.8,25.865123809523812,3,5.333333333333333,31.80177777777778
42121,78,1.6666666666666667,19.952713675213676,62,2.0806451612903225,24.169344086021507,77,1.6753246753246753,29.87515367965368,12,4,20.435555555555556,15,4.133333333333334,24.66162222222222,12,4,30.212652777777777,5,5.2,20.838666666666665,4,5.75,25.020666666666667,4,5.5,30.211083333333335
42123,76,1.6973684210526316,19.296605263157893,61,2.1147540983606556,23.520338407494144,73,1.7808219178082192,29.18055609915199,12,4.25,19.910583333333335,15,4.333333333333333,24.019709523809524,13,4.230769230769231,29.34735347985348,5,5.2,20.1594,4,6,24.425785714285716,3,6.333333333333333,29.86547619047619
42125,81,1.9876543209876543,20.889440623162844,75,2.1466666666666665,24.987584761904763,94,1.7127659574468086,30.901544326241133,18,4.222222222222222,21.219705026455028,20,4.35,25.357192857142856,15,4.066666666666666,31.24101111111111,5,6.6,21.535938095238095,8,5.875,25.59402380952381,5,5.6,31.546533333333333
42127,77,1.6753246753246753,19.721620284477428,66,1.9545454545454546,23.819994949494948,90,1.4333333333333333,29.278574074074076,12,4.083333333333333,20.27873015873016,15,4,24.24331111111111,9,3.5555555555555554,29.66296296296296,3,6.333333333333333,20.111587301587303,3,5.333333333333333,24.786,1,6,30.688333333333333
42129,67,1.9253731343283582,20.705426616915425,62,2.0806451612903225,24.784144393241167,77,1.6753246753246753,30.6825,14,4.214285714285714,21.040970238095237,15,4.4,25.26613015873016,11,4.090909090909091,31.100227272727274,4,6.25,21.4288125,7,5.571428571428571,25.372421768707483,4,5.25,31.390416666666667
42131,77,1.6753246753246753,20.216400123685837,65,1.9846153846153847,24.369707692307692,83,1.5542168674698795,29.87678313253012,12,4.083333333333333,20.72856746031746,16,3.9375,24.7800625,11,3.8181818181818183,30.348454545454548,3,6,20.562603174603176,5,5.2,25.1302,2,5.5,30.644833333333334
42133,75,1.7466666666666666,22.027572698412698,57,2.263157894736842,26.003914786967417,83,1.5542168674698795,31.649046184738957,15,4.066666666666666,22.305196825396827,17,4.235294117647059,26.276949579831932,10,3.9,32.032583333333335,5,5.6,22.635257142857142,6,5.666666666666667,26.689690476190474,3,5.333333333333333,32.28888888888889
44001,72,1.8055555555555556,22.166096064814816,64,2.015625,25.567186011904763,83,1.5542168674698795,30.451224899598394,14,4.285714285714286,22.469565476190475,20,3.65,25.83574523809524,14,3.357142857142857,30.92154761904762,5,6,22.473283333333335,4,5.5,26.191642857142856,0,NA,NA
44003,72,1.7916666666666667,21.92923611111111,65,2,25.514956043956044,87,1.4942528735632183,30.73316091954023,14,4.285714285714286,22.225714285714286,20,3.7,25.90835714285714,11,3.4545454545454546,31.363636363636363,5,6.2,21.899666666666665,5,5.4,26.06142857142857,0,NA,NA
44005,68,1.911764705882353,22.15263112745098,58,2.2241379310344827,24.794108784893268,81,1.6049382716049383,28.86750411522634,15,4.4,22.41392777777778,19,3.9473684210526314,25.032279448621555,15,3.4,29.066855555555556,4,6.25,22.505145833333334,5,5.8,25.14982857142857,2,5.5,28.8885
44007,74,1.7432432432432432,21.77150225225225,66,1.9848484848484849,25.574905483405484,87,1.4942528735632183,30.958431034482757,15,3.8666666666666667,22.063077777777778,20,3.7,26.012188095238095,11,3.6363636363636362,31.635772727272727,4,5.75,21.775083333333335,4,5.75,26.042607142857143,1,5,31.986
44009,72,1.8055555555555556,22.031069444444444,65,2,25.079573626373627,81,1.5925925925925926,29.622112286890065,16,4.125,22.2316875,20,3.65,25.331114285714285,14,3.5714285714285716,29.91400680272109,5,6,22.135733333333334,4,5.75,25.56432142857143,2,6,29.779714285714284
45001,69,2.3333333333333335,23.66032850241546,67,2.4477611940298507,27.61987290818634,104,1.5480769230769231,33.97708066239316,22,4.5,23.838757575757576,25,4.32,27.761659393939393,14,3.7142857142857144,34.09938492063492,7,6.857142857142857,23.938714285714287,7,6.285714285714286,27.74092640692641,2,7.5,34.00194444444445
45003,75,2.16,23.723083333333335,62,2.596774193548387,27.590096966205838,106,1.5377358490566038,33.805769317160824,22,4.590909090909091,23.88914772727273,21,5.142857142857143,27.753619614512473,11,4.2727272727272725,34.07104978354978,8,6.625,23.964427083333334,8,7.375,27.723355654761903,3,6.333333333333333,33.89301587301587
45005,77,2.103896103896104,24.063693849440604,69,2.3333333333333335,27.734305288913983,108,1.5,33.89560339506173,19,4.7368421052631575,24.19944349510139,23,4.434782608695652,27.890741953698477,10,3.9,34.21451666666667,8,6.625,24.379199134199133,6,7.5,27.997566378066377,3,5,34.08866666666667
45007,60,2.7333333333333334,23.227165151515152,64,2.546875,27.19825967261905,110,1.4636363636363636,33.5778,25,4.8,23.321996363636362,26,4.230769230769231,27.380139194139193,13,3.230769230769231,33.79523076923077,7,8.285714285714286,23.454510822510823,8,6.125,27.354410714285713,1,5,33.558
45009,77,2.090909090909091,24.13863172541744,70,2.3285714285714287,27.697054761904763,110,1.481818181818182,33.75827424242424,17,5.117647058823529,24.306743697478993,22,4.454545454545454,27.91994696969697,12,3.5833333333333335,34.01793055555555,6,8,24.4721626984127,5,7.8,28.052599999999998,2,5,33.678
45011,71,2.2816901408450705,23.99650464324408,66,2.4393939393939394,27.62007106782107,102,1.588235294117647,33.70201633986928,20,4.95,24.087091483516485,21,4.666666666666667,27.808318594104307,15,3.6,33.95804444444445,7,7.714285714285714,24.267285190999477,6,7.666666666666667,27.875642857142857,2,5,33.861999999999995
45013,70,1.8857142857142857,25.41990714285714,52,2.480769230769231,28.29782783882784,88,1.4659090909090908,33.337348484848484,13,4.3076923076923075,25.549115384615384,19,4.473684210526316,28.45773934837093,9,4,33.62574074074074,5,5.6,25.611866666666668,9,5.888888888888889,28.527542328042326,4,5.25,33.919583333333335
45015,68,1.911764705882353,25.02234698879552,60,2.1666666666666665,28.384558333333334,96,1.3854166666666667,34.153817708333335,16,3.75,25.184662202380952,18,4.055555555555555,28.564083333333333,7,3.857142857142857,34.48235714285715,4,5.5,25.328857142857142,5,5.6,28.734866666666665,2,5.5,34.452
45017,71,2.295774647887324,24.08870288397049,71,2.267605633802817,27.652246478873238,112,1.4642857142857142,33.57724702380953,18,5.222222222222222,24.254883597883598,23,4.304347826086956,27.842152173913043,15,3.2666666666666666,33.937111111111115,8,7.375,24.311508928571428,7,6.428571428571429,27.814809523809522,1,5,33.77
45019,71,1.8450704225352113,25.486924547283703,60,2.25,28.37837222222222,93,1.3870967741935485,33.41550051203277,16,3.6875,25.644165178571427,18,4.166666666666667,28.59124074074074,9,3.6666666666666665,33.685171957671955,3,6,25.893047619047618,6,5.333333333333333,28.636777777777777,1,7,33.54571428571428
45021,67,2.4776119402985075,22.831850272447287,64,2.53125,27.14520138888889,106,1.528301886792453,33.695353773584905,21,4.809523809523809,22.95018896447468,26,4.115384615384615,27.297226495726495,16,3.125,33.89328125,7,7.714285714285714,23.022233560090704,7,5.857142857142857,27.469460317460317,0,NA,NA
45023,61,2.1311475409836067,23.498366368604074,65,2.0307692307692307,27.64851794871795,89,1.4606741573033708,34.14098314606741,18,4.111111111111111,23.650574915824915,17,3.7058823529411766,27.83256862745098,10,3.2,34.29025,3,8.666666666666666,23.697060606060607,4,5.25,27.972583333333333,0,NA,NA
45025,78,2.0641025641025643,23.68257020757021,74,2.175675675675676,27.550774774774773,112,1.4553571428571428,33.71272172619047,21,4.190476190476191,23.842403628117914,23,4,27.69944927536232,13,3.230769230769231,34.0603717948718,7,5.714285714285714,23.91578231292517,6,5.833333333333333,27.884138888888888,1,5,33.874
45027,79,2.037974683544304,24.640620554550935,66,2.5,27.935057359307358,120,1.3416666666666666,33.54519444444445,20,4.2,24.77045119047619,27,4.037037037037037,28.113473544973544,10,3.2,33.97833333333333,8,5.5,24.86602380952381,7,5.714285714285714,28.128278911564625,0,NA,NA
45029,87,1.8505747126436782,24.365730706075535,71,2.295774647887324,28.031939820742636,103,1.5631067961165048,34.10905825242718,17,4.117647058823529,24.56550420168067,25,4.04,28.210109090909093,13,3.769230769230769,34.331384615384614,4,6.5,24.755892857142857,6,6.833333333333333,28.373232323232322,3,5.333333333333333,34.416
45031,79,2.050632911392405,24.083561784207355,75,2.16,27.622332063492063,116,1.3879310344827587,33.46531609195402,20,4.3,24.31156904761905,23,4.043478260869565,27.819778467908904,12,3.3333333333333335,33.82013888888889,8,5.625,24.326526785714286,7,5.571428571428571,27.97951020408163,0,NA,NA
45033,81,1.9876543209876543,24.189960023515578,69,2.347826086956522,27.728398550724638,112,1.4642857142857142,33.65083333333333,15,4.666666666666667,24.473450793650795,25,4.04,27.90018,15,3.2,33.85088888888889,7,6.285714285714286,24.54834693877551,8,5.75,28.083375,0,NA,NA
45035,79,2.037974683544304,24.679748342374925,72,2.2916666666666665,28.193063236531987,106,1.5188679245283019,34.15682704402516,21,3.857142857142857,24.8321485260771,24,4.291666666666667,28.402106376262626,13,3.4615384615384617,34.465666666666664,5,5.8,25.004857142857144,6,7,28.534675505050505,2,5.5,34.72683333333333
45037,70,2.3,23.698212121212123,63,2.5555555555555554,27.60055675233056,108,1.4907407407407407,33.829685185185184,24,4.375,23.85020202020202,21,4.9523809523809526,27.771194066515495,11,4.454545454545454,34.20781818181818,7,6.428571428571429,23.954145021645022,8,7.125,27.66709275793651,4,6.5,33.929
45039,64,2.015625,23.953127232142858,60,2.15,27.907282936507936,93,1.3870967741935485,34.075430107526884,18,3.7777777777777777,24.080563492063494,17,3.9411764705882355,28.06452801120448,7,3.2857142857142856,34.32857142857143,4,5.5,24.171285714285716,4,6,28.121535714285713,1,5,34.4
45041,73,1.7671232876712328,24.386495433789953,65,2.046153846153846,27.908258974358976,98,1.3265306122448979,33.740042517006806,13,3.8461538461538463,24.721089743589744,17,3.9411764705882355,28.11157843137255,8,3.125,34.262395833333336,3,5.333333333333333,24.74111111111111,6,5.333333333333333,28.153777777777776,0,NA,NA
45043,66,1.9848484848484849,25.221151515151515,63,2.0476190476190474,28.25737566137566,91,1.4175824175824177,33.602021193092625,19,3.6315789473684212,25.362947368421054,19,3.736842105263158,28.457350877192983,11,3.727272727272727,33.982175324675325,3,5.333333333333333,25.204777777777778,5,5.4,28.598266666666667,1,7,33.68142857142857
45045,62,2.096774193548387,22.493092619745845,52,2.480769230769231,26.921652777777776,87,1.4942528735632183,33.6028275862069,15,4.866666666666666,22.730116161616163,19,4.157894736842105,27.0847865497076,13,3.230769230769231,33.689692307692304,6,7.333333333333333,22.83598484848485,6,5.833333333333333,27.014462962962963,1,5,33.866
45047,67,2.417910447761194,23.517697938877042,69,2.3333333333333335,27.59006038647343,104,1.5480769230769231,34.08258012820513,23,4.391304347826087,23.655033126293997,24,4.208333333333333,27.72309027777778,15,3.6666666666666665,34.24988888888889,7,7,23.758442176870748,6,6.166666666666667,27.728055555555557,2,7,34.2475
45049,78,2.0641025641025643,24.140393772893773,73,2.2054794520547945,27.859340459388406,102,1.607843137254902,34.03502450980392,17,4.588235294117647,24.309747899159664,22,4.2727272727272725,28.051675160697886,15,3.7333333333333334,34.25216666666667,7,6.428571428571429,24.46986394557823,5,7.6,28.23720404040404,4,5,34.39
45051,71,1.8591549295774648,25.016514084507044,59,2.2203389830508473,28.161790960451977,95,1.368421052631579,33.48072055137845,17,4,25.200441176470587,20,3.8,28.342033333333333,11,3.5454545454545454,34.048041125541125,4,5.75,25.271250000000002,5,5.4,28.3688,1,7,33.80428571428571
45053,66,1.9696969696969697,24.695831409331408,54,2.388888888888889,28.23317680776014,89,1.4606741573033708,34.26351123595506,12,4.916666666666667,24.79832275132275,21,4.095238095238095,28.34174036281179,7,4.285714285714286,34.70892857142857,6,6.5,24.877756613756613,6,6.166666666666667,28.645813492063493,3,5.333333333333333,34.928333333333335
45055,77,2.090909090909091,23.827424242424243,66,2.4696969696969697,27.707988636363638,118,1.3728813559322033,33.828868644067796,19,4.421052631578948,24.084298245614036,28,4.035714285714286,27.803830357142857,9,3.4444444444444446,34.38905555555556,6,6.333333333333333,24.079166666666666,8,6,27.904135416666666,1,5,34.144
45057,75,2.2,23.317025396825397,71,2.295774647887324,27.381274647887324,114,1.4210526315789473,33.74031140350877,22,4.363636363636363,23.49417748917749,25,4,27.49142,12,3.4166666666666665,34.068375,6,7,23.527261904761904,8,5.625,27.5844375,1,5,33.978
45059,69,2.347826086956522,23.235175324675325,68,2.3676470588235294,27.432701797385622,100,1.61,34.01602,19,4.894736842105263,23.369584073820917,26,4,27.576489316239314,15,3.7333333333333334,34.23413333333333,8,6.875,23.514116341991343,8,5.625,27.621402777777778,3,6,34.20066666666666
45061,74,2.175675675675676,24.12138524238524,75,2.16,27.607303333333334,117,1.393162393162393,33.43314814814815,21,4.476190476190476,24.28392894935752,26,3.8846153846153846,27.815490384615384,12,3.3333333333333335,33.80027777777778,9,5.777777777777778,24.383611992945326,7,5.714285714285714,27.948845238095238,1,5,33.63
45063,66,2.4393939393939394,23.914805916305916,62,2.6129032258064515,27.743247311827957,114,1.4210526315789473,33.855134502923974,24,4.458333333333333,24.053632936507938,27,4.296296296296297,27.843382716049383,12,3.5,34.24961111111111,8,6.25,24.107982142857143,9,6.111111111111111,27.856259259259257,2,5.5,33.93516666666667
45065,71,2.3098591549295775,24.123154538341158,64,2.53125,27.973018956304113,116,1.396551724137931,34.04596264367816,20,4.8,24.34144861111111,22,4.954545454545454,28.099691509248327,7,4.285714285714286,34.45738095238095,9,6.777777777777778,24.278682098765433,9,7.111111111111111,28.05915331890332,2,7.5,34.3125
45067,83,1.9397590361445782,24.287179862306367,67,2.462686567164179,27.815191542288556,115,1.4086956521739131,33.64107246376812,17,4.470588235294118,24.55240756302521,25,4.24,27.998313333333332,8,3.625,34.056041666666665,9,5.444444444444445,24.609269841269843,10,5.7,28.0192,1,5,33.83
45069,79,2.037974683544304,23.96973367490456,71,2.2816901408450705,27.639751844399733,114,1.4210526315789473,33.69277777777778,19,4.368421052631579,24.161261069340018,21,4.142857142857143,27.828446712018142,14,3.0714285714285716,33.96333333333333,6,6.333333333333333,24.204132275132274,8,5.625,27.930714285714288,0,NA,NA
45071,72,2.2777777777777777,23.686016624579125,70,2.3714285714285714,27.739370634920636,114,1.4298245614035088,34.03584210526316,24,4.166666666666667,23.875133207070707,27,4.037037037037037,27.882812757201645,12,3.6666666666666665,34.363416666666666,5,7.4,23.945139393939396,7,6,27.893587301587303,2,6.5,34.25675
45073,64,2.53125,22.68768996888528,65,2.4923076923076923,26.908964102564102,103,1.5728155339805825,33.1539142394822,21,5.142857142857143,22.852483714698,23,4.565217391304348,27.097942028985507,17,3.5294117647058822,33.302539215686274,9,7.444444444444445,22.91709163059163,11,6.090909090909091,27.166151515151515,3,5.666666666666667,33.611333333333334
45075,78,2.076923076923077,24.18215394790395,69,2.3333333333333335,27.72290890269151,104,1.5576923076923077,33.656375,15,5.6,24.394867195767194,23,4.260869565217392,27.871987577639754,15,3.4,34.03953333333333,8,7.375,24.430375992063492,6,7.166666666666667,27.994007936507938,2,5.5,33.474000000000004
45077,55,2.3454545454545452,22.444469696969698,50,2.6,26.807836666666667,86,1.5,33.31752906976744,14,5.428571428571429,22.662916666666668,20,4.2,26.928841666666667,11,3.1818181818181817,33.48840909090909,7,7.428571428571429,22.67404761904762,7,5.857142857142857,27.011333333333333,0,NA,NA
45079,71,2.295774647887324,23.876146881287728,64,2.53125,27.792928819444445,113,1.4336283185840708,33.937438053097345,24,4.291666666666667,24.046726190476193,26,4.269230769230769,27.912978632478634,13,3.4615384615384617,34.282346153846156,6,6.333333333333333,24.066904761904762,8,6.25,27.924055555555555,2,5.5,34.12483333333333
45081,67,2.4328358208955225,23.725975835110162,65,2.5076923076923077,27.679268376068375,110,1.4636363636363636,33.98385101010101,24,4.458333333333333,23.87043253968254,22,4.590909090909091,27.86897474747475,13,3.8461538461538463,34.391431623931624,7,7,23.908744897959185,8,6.375,27.780722222222224,2,7.5,34.21138888888889
45083,74,2.2027027027027026,22.64656592956593,60,2.7,26.969783333333332,105,1.5333333333333334,33.52061587301587,20,4.5,22.789043939393938,27,4.2592592592592595,27.11451851851852,17,3.3529411764705883,33.67145098039216,5,8,23.065509090909092,9,5.888888888888889,27.168185185185184,2,5,33.869
45085,76,2.1315789473684212,24.257296052631578,71,2.3098591549295775,27.729865414710485,117,1.376068376068376,33.521182336182335,20,4.15,24.461475,25,4.12,27.914617777777778,11,3.4545454545454546,33.943939393939395,7,5.428571428571429,24.571714285714286,8,5.75,27.966305555555557,1,6,33.85666666666667
45087,74,2.2162162162162162,23.291680862680863,68,2.3970588235294117,27.59311274509804,108,1.4907407407407407,34.173389329806,21,4.285714285714286,23.46330399230399,25,4.12,27.743666666666666,11,3.727272727272727,34.40827705627706,5,7.2,23.652543434343436,8,5.75,27.790625,2,6,34.283857142857144
45089,71,1.8309859154929577,24.646863849765257,63,2.0952380952380953,28.097550264550264,97,1.3298969072164948,33.980438144329895,16,3.75,24.868583333333333,17,3.9411764705882355,28.404156862745097,7,3.142857142857143,34.68678571428572,4,5,25.011000000000003,5,5.4,28.362133333333333,0,NA,NA
45091,62,2.129032258064516,23.273645417306707,54,2.4074074074074074,27.439478395061727,90,1.4444444444444444,33.82983333333333,14,4.642857142857143,23.434715419501135,19,4.052631578947368,27.524570175438598,10,3.3,34.104,4,7.5,23.524420634920634,7,5.285714285714286,27.582761904761906,0,NA,NA
46003,87,1.8505747126436782,21.54308839627805,72,2.263888888888889,25.799527612433863,115,1.4173913043478261,31.238315942028986,17,4.411764705882353,22.00639355742297,22,4.318181818181818,26.168681277056276,11,3.4545454545454546,31.313757575757577,8,5.625,22.22139880952381,7,6,26.500260204081634,1,5,31.538
46005,86,1.8837209302325582,21.545863372093024,75,2.1466666666666665,25.834335555555555,104,1.5480769230769231,31.356764423076925,16,4.5625,22.088078125,17,4.764705882352941,26.24177450980392,14,3.857142857142857,31.375964285714286,8,5.75,22.346260416666667,8,6.25,26.575541666666666,4,5.25,31.747333333333334
46007,84,1.5595238095238095,19.599367063492064,65,1.9846153846153847,23.847166666666666,103,1.2524271844660195,29.858582524271846,11,3.5454545454545454,19.770166666666665,18,3.6666666666666665,24.018101851851853,6,3.5,29.994833333333332,2,5,19.968,3,5.333333333333333,24.128888888888888,1,5,30.224
46009,81,1.9876543209876543,22.027785322359396,79,2.037974683544304,26.126296564195297,114,1.412280701754386,31.391656432748537,18,4.444444444444445,22.291145061728397,19,4.368421052631579,26.459338345864662,11,3.727272727272727,31.519439393939393,7,6.142857142857143,22.561873015873015,6,6.166666666666667,26.51929365079365,2,5.5,31.90566666666667
46011,86,1.8837209302325582,20.933445090439278,77,2.090909090909091,25.108066790352506,105,1.5523809523809524,30.245275056689344,15,4.866666666666666,21.462751851851852,18,4.555555555555555,25.495619047619048,11,4.454545454545454,30.539443722943723,8,6,21.626305555555557,7,6.428571428571429,25.827544217687073,4,6,30.788678571428573
46013,84,1.9166666666666667,20.94690476190476,82,1.9634146341463414,25.222443089430893,110,1.4636363636363636,30.808127272727273,23,3.869565217391304,21.213043478260868,17,4.235294117647059,25.743549019607844,13,3.769230769230769,31.158,6,5.666666666666667,21.518611111111113,6,5.666666666666667,26.150055555555554,3,5.333333333333333,31.131333333333334
46015,91,1.7692307692307692,21.619069597069597,75,2.1466666666666665,25.795078888888888,121,1.3305785123966942,31.28085950413223,19,3.8421052631578947,21.878701754385965,24,4.208333333333333,26.078579861111113,7,3.7142857142857144,31.494142857142858,5,5.6,22.34306666666667,8,5.75,26.36084375,2,5,31.652
46017,90,1.8,21.565685361552028,81,1.9876543209876543,25.722816872427984,120,1.3583333333333334,31.2716875,17,4.117647058823529,21.933628384687207,20,4.4,26.106408333333334,8,3.625,31.3909375,4,6.75,22.526253968253968,7,6.285714285714286,26.467238095238095,2,5,31.595
46019,80,1.625,18.1922375,72,1.8055555555555556,22.980960978835977,108,1.1944444444444444,29.762993827160493,13,3.769230769230769,18.398,12,4.666666666666667,23.39743253968254,5,3.2,30.18166666666667,2,5,18.072000000000003,4,7,23.468964285714286,0,NA,NA
46021,87,1.8505747126436782,20.38271264367816,84,1.9166666666666667,24.55468282312925,110,1.4727272727272727,30.067981818181817,18,3.888888888888889,20.730611111111113,18,4.222222222222222,25.15240873015873,12,3.75,30.35775,4,5.5,20.979,8,5.5,25.224273809523808,4,5,30.5345
46023,82,1.9634146341463414,21.789869047619046,77,2.103896103896104,25.95452257266543,117,1.3846153846153846,31.273237891737892,17,4.352941176470588,22.179956582633054,20,4.35,26.296661904761905,8,3.5,31.652979166666665,7,5.571428571428571,22.33620408163265,8,5.75,26.431238095238093,1,5,31.907999999999998
46025,83,1.9397590361445782,20.757275100401607,76,2.1315789473684212,24.96250657894737,105,1.5523809523809524,30.213973015873016,16,4.625,21.373677083333334,17,4.882352941176471,25.342970588235293,12,4.166666666666667,30.419763888888887,7,6.142857142857143,21.631857142857143,8,6.375,25.707041666666665,5,5.2,30.29693333333333
46027,84,1.9166666666666667,22.1071556122449,77,2.090909090909091,26.226865903937334,116,1.4137931034482758,31.50936206896552,18,4.333333333333333,22.391170634920634,20,4.45,26.50443373015873,12,3.5,31.663,7,6.142857142857143,22.602891156462583,8,6.375,26.560563492063494,2,5,32.098
46029,83,1.9397590361445782,20.561470166379806,78,2.076923076923077,24.763303724053724,106,1.5377358490566038,29.906311320754718,18,4.222222222222222,21.205945767195768,15,4.866666666666666,25.246179365079364,13,4,30.16646153846154,6,5.833333333333333,21.47436507936508,7,6.142857142857143,25.45121768707483,4,5.5,30.206000000000003
46031,88,1.8409090909090908,19.99375505050505,83,1.9397590361445782,24.31781554790591,113,1.424778761061947,29.91851179941003,20,3.95,20.546522222222222,19,4.2631578947368425,24.7896679197995,11,4.090909090909091,30.014257575757576,6,5.666666666666667,20.840629629629632,7,5.857142857142857,25.26778911564626,5,5.2,30.132533333333335
46033,84,1.5357142857142858,16.212886904761906,72,1.8055555555555556,21.149242283950617,104,1.2403846153846154,27.55448717948718,12,3.6666666666666665,16.355208333333334,14,4.071428571428571,21.41788888888889,4,3,27.789166666666667,1,9,16.343333333333334,3,6.333333333333333,21.35125925925926,0,NA,NA
46035,83,1.963855421686747,21.75759939759036,71,2.267605633802817,26.023679745137493,113,1.424778761061947,31.438401179941003,17,4.470588235294118,22.230044117647058,20,4.65,26.391063095238096,10,3.8,31.361933333333333,9,5.666666666666667,22.36212037037037,8,6.25,26.448595238095237,3,5,31.698666666666668
46037,83,1.9518072289156627,20.477543602983364,84,1.9166666666666667,24.601500566893424,107,1.514018691588785,29.736819314641746,20,4.1,20.961055952380953,16,4.4375,25.199440476190475,13,3.923076923076923,30.141897435897437,7,5.857142857142857,21.320755102040817,7,5.857142857142857,25.444197278911563,4,5.25,29.999499999999998
46039,83,1.9397590361445782,20.612558232931725,77,2.103896103896104,24.814130179344463,102,1.588235294117647,30.013686274509805,20,4.15,21.031866666666666,17,4.823529411764706,25.138119047619046,10,4.5,30.3196,6,5.833333333333333,21.4815,7,6.571428571428571,25.526503401360543,4,5.75,30.3365
46041,80,2.025,20.192959375,81,2.0123456790123457,24.40884832451499,118,1.3728813559322033,29.942381355932202,22,4.045454545454546,20.507806818181816,17,4.529411764705882,24.917747899159664,11,4,30.18418181818182,7,5.571428571428571,20.747511904761904,8,5.875,25.197714285714284,3,6,30.375333333333334
46043,85,1.9058823529411764,21.71459691876751,73,2.219178082191781,25.92126696020874,117,1.3846153846153846,31.280021367521368,17,4.235294117647059,22.10739635854342,20,4.55,26.255124404761904,11,3.5454545454545454,31.511136363636364,7,5.571428571428571,22.333081632653062,8,6.125,26.43510267857143,1,5,31.880000000000003
46045,88,1.8636363636363635,20.434525974025973,80,2.0125,24.804566666666666,108,1.4907407407407407,30.387527777777777,19,4.052631578947368,20.905962406015036,16,4.625,25.332208333333334,13,3.769230769230769,30.776384615384615,6,5.666666666666667,21.130825396825397,9,5.555555555555555,25.483185185185185,4,5.25,30.704916666666666
46047,86,1.5116279069767442,18.24240891472868,72,1.8055555555555556,22.86460648148148,103,1.2524271844660195,29.198220064724918,10,3.6,18.465216666666667,12,4.083333333333333,23.11347222222222,5,3.2,29.140333333333334,1,5,17.998,3,5.666666666666667,22.83111111111111,0,NA,NA
46049,83,1.9518072289156627,20.78521638936699,80,2.025,25.129002083333333,107,1.5046728971962617,30.761392523364485,18,4.555555555555555,21.243220017636684,16,4.75,25.655947916666666,14,3.9285714285714284,31.07207142857143,8,6,21.454224206349206,7,6.285714285714286,25.98609523809524,4,5.25,30.931416666666667
46051,90,1.788888888888889,21.030083333333334,81,1.9876543209876543,25.287169606114052,109,1.4862385321100917,30.606715596330275,19,3.8947368421052633,21.56776315789474,18,4.166666666666667,25.66337433862434,11,3.8181818181818183,30.732454545454544,5,5.6,22.002666666666666,6,6,26.128595238095237,2,5.5,31.195999999999998
46053,96,1.6875,21.128123263888888,84,1.9404761904761905,25.36873511904762,120,1.35,30.934375,16,3.875,21.51123958333333,21,4,25.654940476190475,7,3.5714285714285716,31.20357142857143,5,5.2,21.567466666666665,4,6,25.9378125,0,NA,NA
46055,80,1.6125,20.551791666666666,66,2,24.86742845117845,98,1.3265306122448979,30.659095238095237,12,3.5,20.718611111111112,15,4.133333333333334,25.211018518518518,8,3.625,30.766416666666665,3,5,21.04,4,6.25,25.39736111111111,2,5.5,31.10066666666667
46057,79,2.037974683544304,20.749510548523208,77,2.090909090909091,24.904608843537414,102,1.5784313725490196,30.10130882352941,18,4.666666666666667,21.27285185185185,15,5.2,25.384992063492064,13,4,30.319115384615383,9,6,21.461814814814815,8,6.5,25.552172619047617,4,5.5,30.36025
46059,86,1.872093023255814,21.073558139534885,82,1.9634146341463414,25.366741869918698,112,1.4375,30.983129464285714,16,4.375,21.6519375,16,4.6875,25.922989583333333,13,3.5384615384615383,30.988115384615384,6,6,22.187666666666665,6,6.333333333333333,26.393944444444443,1,5,31.738
46061,85,1.8941176470588235,21.740737254901962,72,2.236111111111111,25.97873693783069,115,1.4,31.296853623188404,17,4.0588235294117645,22.256333333333334,20,4.65,26.310202976190475,10,3.7,31.384816666666666,7,5.285714285714286,22.495619047619048,8,6.25,26.409465773809522,2,5,31.417
46063,88,1.8295454545454546,18.325085768398267,80,2.0125,22.808209523809523,122,1.3278688524590163,28.842896174863387,15,4.333333333333333,18.62216984126984,16,4.8125,23.126672619047618,9,3.4444444444444446,28.919814814814814,6,5.5,18.573619047619047,7,6.428571428571429,23.273108843537415,0,NA,NA
46065,86,1.8837209302325582,21.493458333333333,84,1.9404761904761905,25.578832671957674,119,1.361344537815126,31.02405742296919,18,4,21.707634259259258,18,4.277777777777778,26.02983024691358,8,4,31.427854166666666,4,6.25,22.253104166666667,6,5.833333333333333,26.42574074074074,3,5.333333333333333,31.30177777777778
46067,88,1.8295454545454546,21.762445075757576,74,2.189189189189189,25.96896492921493,115,1.4,31.268572463768116,17,4.117647058823529,22.200303921568626,20,4.55,26.26992023809524,9,3.7777777777777777,31.371203703703703,7,5.285714285714286,22.385380952380952,8,6,26.365738095238097,3,5,31.483333333333334
46069,85,1.9058823529411764,20.88251568627451,83,1.9397590361445782,25.11277108433735,120,1.35,30.715127777777777,17,4.294117647058823,21.333166666666667,17,4.529411764705882,25.597941176470588,10,3.8,30.642533333333333,6,5.833333333333333,21.853277777777777,7,6,25.930238095238096,2,5,30.951
46071,84,1.5714285714285714,20.27700992063492,64,2.015625,24.641446428571427,101,1.2772277227722773,30.545488448844885,13,3.5384615384615383,20.43952564102564,17,3.8823529411764706,24.869268907563026,6,3.8333333333333335,30.649055555555556,2,5,20.779,4,5.75,25.028142857142857,2,5.5,31.013833333333334
46073,85,1.9058823529411764,21.37333370681606,75,2.1733333333333333,25.62829111111111,113,1.4336283185840708,31.12135250737463,15,4.933333333333334,21.88522433862434,19,4.473684210526316,25.98693859649123,10,3.8,31.260783333333332,8,6.25,22.00875396825397,7,6.285714285714286,26.43395238095238,2,5.5,31.497666666666667
46075,82,1.5731707317073171,20.975471544715447,73,1.7671232876712328,25.25426516634051,93,1.3870967741935485,31.080401433691755,13,3.5384615384615383,21.016051282051283,13,4,25.69125824175824,8,3.625,31.402791666666666,2,5,21.256,5,5.4,25.88377142857143,2,5,31.222
46077,82,1.975609756097561,21.002025842044134,77,2.090909090909091,25.172735415378273,108,1.4907407407407407,30.315762345679012,18,4.555555555555555,21.562006613756612,14,5.142857142857143,25.73647335600907,12,3.9166666666666665,30.620194444444444,9,5.888888888888889,21.752439153439152,7,6.571428571428571,25.856637188208616,4,5,30.796
46079,82,1.9634146341463414,21.092168118466898,78,2.08974358974359,25.222581501831502,106,1.5188679245283019,30.436495283018868,19,4.421052631578948,21.528041353383458,17,4.705882352941177,25.664491596638655,11,4.2727272727272725,30.49531818181818,7,5.857142857142857,21.76408843537415,7,6.428571428571429,25.880551020408163,4,6,30.732541666666666
46081,77,1.7142857142857142,16.66610544217687,74,1.7432432432432432,21.750958494208493,111,1.1711711711711712,28.803603603603605,11,4.545454545454546,16.845010822510822,12,4.583333333333333,22.130077380952383,2,3.5,29.475,3,7,16.78031746031746,4,6.75,22.15627380952381,0,NA,NA
46083,88,1.8295454545454546,21.562257575757577,77,2.090909090909091,25.740299783549784,113,1.4424778761061947,31.06020796460177,18,4.055555555555555,21.91187037037037,19,4.526315789473684,26.163320175438596,13,3.769230769230769,31.115653846153847,7,5.285714285714286,22.344333333333335,7,6.285714285714286,26.374964285714285,3,5.333333333333333,31.42088888888889
46085,96,1.6770833333333333,21.38088454861111,79,2.037974683544304,25.649699015471167,117,1.3846153846153846,31.201289173789174,15,4.066666666666666,21.79166111111111,22,4.136363636363637,25.999828282828283,11,3.4545454545454546,31.331439393939394,5,5.8,22.06465,6,6,26.458259259259258,2,5,31.515
46087,84,1.9166666666666667,21.501400793650795,76,2.1710526315789473,25.66111904761905,113,1.424778761061947,30.995699115044246,18,4.166666666666667,21.949037037037037,19,4.578947368421052,26.054213032581455,11,3.8181818181818183,31.04172727272727,7,5.428571428571429,22.226809523809525,8,6,26.22406845238095,3,5.333333333333333,31.218555555555554
46089,88,1.8295454545454546,20.226352272727272,81,2,24.50647119341564,112,1.4375,30.024004464285714,21,3.857142857142857,20.501142857142856,18,4.444444444444445,24.933287037037037,12,3.9166666666666665,30.55195833333333,5,5.4,20.8518,9,5.555555555555555,25.144814814814815,4,5.5,30.334416666666666
46091,93,1.7419354838709677,20.613786738351255,82,1.9634146341463414,24.90421544715447,106,1.5377358490566038,30.18736635220126,20,3.7,21.081358333333334,21,4,25.246222222222222,12,4.416666666666667,30.64173611111111,4,5.5,21.86325,6,5.666666666666667,25.779555555555554,4,6,30.615833333333335
46093,74,1.7567567567567568,17.87209716859717,72,1.8194444444444444,22.659895833333334,106,1.2169811320754718,28.94986635220126,11,4.545454545454546,17.836380952380953,12,4.666666666666667,22.988958333333333,4,3.25,29.562708333333333,5,5.8,17.757371428571428,4,7,22.949583333333333,0,NA,NA
46095,81,1.5925925925925926,20.806300411522635,67,1.9253731343283582,25.081528073916132,96,1.34375,30.960647569444443,12,3.5833333333333335,20.800444444444445,15,4.066666666666666,25.347158730158732,8,3.625,31.305895833333334,2,5.5,20.959333333333333,6,5.333333333333333,25.48761904761905,2,5,31.274
46097,80,2.0125,21.41972842261905,75,2.1466666666666665,25.565367936507936,107,1.5046728971962617,30.777372274143303,19,4.578947368421052,21.789909147869675,18,4.611111111111111,25.93264417989418,12,3.6666666666666665,30.925319444444444,9,5.888888888888889,21.994808201058202,7,6.285714285714286,26.187037414965985,2,5,31.109
46099,89,1.8089887640449438,21.434526217228463,81,2.0123456790123457,25.611693856554968,111,1.4504504504504505,30.969166666666666,18,4,21.827657407407408,18,4.444444444444445,26.03290013227513,11,4.2727272727272725,31.051136363636363,7,5.285714285714286,22.226,6,6.333333333333333,26.38703373015873,4,6.25,31.248958333333334
46101,85,1.8941176470588235,21.06591960784314,75,2.1866666666666665,25.196809523809524,104,1.5480769230769231,30.423297275641026,18,4.277777777777778,21.450175925925926,21,4.380952380952381,25.464795918367347,11,4.2727272727272725,30.691174242424243,7,5.571428571428571,21.776047619047617,7,6.285714285714286,25.91248299319728,4,6.25,30.784895833333334
46102,84,1.5357142857142858,19.320878968253968,68,1.9264705882352942,23.634901960784312,106,1.2169811320754718,29.82069182389937,11,3.727272727272727,19.45989393939394,17,3.823529411764706,23.794313725490195,5,3.4,30.000666666666667,3,5,19.636,4,5.25,23.937083333333334,0,NA,NA
46103,81,1.617283950617284,17.88936302175191,70,1.8714285714285714,22.70920170068027,107,1.205607476635514,29.17626168224299,11,4.363636363636363,17.939400432900435,13,4.615384615384615,22.96608608058608,5,3.2,29.271,3,5.666666666666667,17.75752380952381,4,7,23.07540476190476,0,NA,NA
46105,89,1.8202247191011236,19.09865543071161,84,1.9166666666666667,23.42889484126984,112,1.4375,29.232029761904762,16,3.875,19.409083333333335,16,4.5,23.955447916666667,9,4,29.273037037037035,5,5,19.8204,6,6,24.25938888888889,2,5.5,29.631999999999998
46107,84,1.9166666666666667,20.556381944444446,85,1.8941176470588235,24.685087955182073,112,1.4553571428571428,30.20445386904762,18,4.166666666666667,21.065893518518518,16,4.5625,25.269217261904764,13,3.769230769230769,30.350294871794873,6,5.666666666666667,21.347680555555556,8,5.75,25.52260119047619,4,5.25,30.497833333333332
46109,86,1.8953488372093024,20.72812679955703,80,2.0125,25.014735416666667,109,1.4862385321100917,30.234449541284405,22,3.8181818181818183,21.163359307359308,18,4.111111111111111,25.411046296296295,11,3.909090909090909,30.595454545454547,6,5.5,21.547873015873016,5,5.8,26.0516,2,6,30.811666666666667
46111,86,1.8837209302325582,21.69120265780731,71,2.2816901408450705,25.952881455399062,112,1.4375,31.369900297619047,17,4.588235294117647,22.15755462184874,20,4.5,26.267229166666667,11,3.727272727272727,31.37171212121212,8,6,22.356157738095238,9,5.888888888888889,26.524675925925926,3,5,31.806
46115,88,1.8295454545454546,21.315416666666668,82,1.9634146341463414,25.54934349593496,110,1.4727272727272727,31.14578787878788,16,4.5,21.875416666666666,16,4.75,26.064135416666666,12,3.5,31.45138888888889,7,6,22.24452380952381,6,6.5,26.573944444444443,1,5,31.88
46117,87,1.8505747126436782,21.481543103448274,85,1.8941176470588235,25.57742222222222,117,1.376068376068376,31.059206552706552,17,4.0588235294117645,21.701426470588235,18,4.222222222222222,26.03338271604938,8,4,31.485270833333335,5,5.8,22.083016666666666,7,5.714285714285714,26.343698412698412,3,5.333333333333333,31.365444444444446
46119,85,1.8941176470588235,21.03067156862745,82,1.9634146341463414,25.16239121176926,120,1.3416666666666666,30.5737625,18,3.9444444444444446,21.424837962962965,17,4.647058823529412,25.62800466853408,9,4.111111111111111,30.781277777777778,4,5.75,22.1371875,8,5.875,25.890968253968254,4,5.25,30.791416666666667
46121,84,1.5833333333333333,20.30040873015873,71,1.8169014084507042,24.58931757209926,101,1.2871287128712872,30.52101320132013,15,3.3333333333333335,20.33128888888889,16,3.8125,24.844471726190477,6,3.6666666666666665,30.817888888888888,2,5,20.567999999999998,4,5.5,25.153928571428573,2,5,30.977
46123,100,1.62,21.065273333333334,81,1.9876543209876543,25.327473251028806,121,1.3305785123966942,31.15005096418733,15,3.8666666666666667,21.30548888888889,20,4.1,25.600516666666667,6,3.5,31.175194444444443,3,5.333333333333333,21.39911111111111,6,5.5,25.937416666666667,1,5,31.692
46125,92,1.7608695652173914,21.7256884057971,75,2.1733333333333333,25.908721904761904,110,1.4636363636363636,31.181693939393938,19,3.8947368421052633,22.088859649122806,20,4.5,26.22320714285714,12,3.8333333333333335,31.25261111111111,6,5.333333333333333,22.462777777777777,7,6.428571428571429,26.43273469387755,3,5.333333333333333,31.462666666666667
46127,81,2,22.103333039388595,77,2.090909090909091,26.192953205524635,114,1.412280701754386,31.47319736842105,17,4.588235294117647,22.389998599439775,20,4.45,26.49761984126984,12,3.5833333333333335,31.788291666666666,8,6.25,22.533434523809525,8,6.375,26.563424603174603,2,5,32.036
46129,80,2.025,20.56406398809524,84,1.9523809523809523,24.73269954648526,114,1.4210526315789473,30.278077485380116,21,4.095238095238095,21.003815192743765,18,4.388888888888889,25.29537566137566,12,3.75,30.43340277777778,6,5.666666666666667,21.233214285714286,8,5.75,25.655428571428573,4,5,30.5875
46135,83,1.9397590361445782,22.175781793842035,77,2.103896103896104,26.239649969078542,113,1.424778761061947,31.448508849557523,19,4.2105263157894735,22.429204678362574,21,4.142857142857143,26.528716553287982,10,3.7,31.52565,7,6,22.728079365079363,5,6.4,26.744609523809526,3,5,31.654666666666667
46137,82,1.9634146341463414,20.130333333333333,82,1.975609756097561,24.356587108013937,123,1.3089430894308942,29.935212737127372,22,3.909090909090909,20.39601515151515,18,4.555555555555555,24.84723015873016,9,3.7777777777777777,30.352907407407407,6,5.666666666666667,20.55927777777778,7,6.285714285714286,25.120258503401363,2,5.5,30.697666666666667
47001,73,2.219178082191781,22.345005218525767,69,2.3333333333333335,26.83361904761905,107,1.5046728971962617,33.06986604361371,23,4.391304347826087,22.554146997929607,22,4.5,27.117487012987013,15,3.466666666666667,33.32637777777778,9,6.111111111111111,22.72226455026455,8,6.375,27.26704761904762,1,5,32.534
47003,80,2.025,22.96686755952381,66,2.4696969696969697,27.1543799001924,104,1.5576923076923077,33.57373878205128,23,4.043478260869565,23.14280020703934,20,5.1,27.40870367063492,10,3.8,33.90088333333333,6,6.5,23.32156746031746,8,7.75,27.6086341765873,2,6.5,34.09275
47005,88,1.8295454545454546,23.95533942099567,66,2.4393939393939394,27.997420274170274,100,1.62,33.86739166666667,16,4.625,24.21936681547619,20,4.6,28.229236904761905,13,4.153846153846154,34.095320512820514,6,7,24.41289484126984,8,6.625,28.360175595238097,2,8,34.40625
47007,69,2.347826086956522,21.702670556496642,65,2.476923076923077,26.071723931623932,98,1.6428571428571428,32.313063654033044,21,4.809523809523809,21.90329849515564,24,4.708333333333333,26.329668981481483,15,3.6,32.58468253968254,8,7.25,21.97053354978355,9,7,26.503654320987653,2,6.5,32.86845238095238
47009,63,2.0476190476190474,22.014043461829175,51,2.5294117647058822,26.486727124183005,90,1.4333333333333333,32.60190740740741,13,5.230769230769231,22.317287545787547,19,4.473684210526316,26.667793859649123,7,4.142857142857143,33.023809523809526,9,5.888888888888889,22.375063492063493,8,5.875,26.79965625,3,5.333333333333333,33.15277777777778
47011,69,2.3333333333333335,22.7645291005291,68,2.3676470588235294,27.031992296918766,103,1.5631067961165048,33.25178317152103,18,5.333333333333333,23.011528218694885,23,4.434782608695652,27.255455486542445,12,3.8333333333333335,33.433638888888886,11,6.545454545454546,23.021137085137084,7,6.428571428571429,27.36673469387755,2,5.5,34.08266666666667
47013,69,2.347826086956522,21.788413733609385,70,2.3,26.221297959183673,107,1.5327102803738317,32.34063862928349,23,4.695652173913044,21.999589026915114,24,4.25,26.51211904761905,14,3.4285714285714284,32.578809523809525,10,6.5,22.08055476190476,8,6.5,26.672607142857142,1,6,32.88166666666667
47015,81,2,22.584422692533803,69,2.347826086956522,26.789742753623187,106,1.528301886792453,33.13312893081761,20,4.4,22.848661904761904,21,4.523809523809524,27.092488095238096,10,3.8,33.492666666666665,7,6.428571428571429,22.899867346938773,8,6.625,27.383822916666666,1,8,34.015
47017,88,1.8522727272727273,23.651373106060607,66,2.4393939393939394,27.884337481962483,104,1.5673076923076923,33.91138782051282,16,4.5,23.895052083333333,23,4.304347826086956,28.055924948240165,13,3.6923076923076925,34.17071794871795,5,7,24.15233333333333,8,6.5,28.201825892857144,2,6.5,34.643
47019,58,2.2413793103448274,19.83121538662487,53,2.490566037735849,24.29693710691824,85,1.5294117647058822,30.410617647058825,15,5,20.05836616161616,19,4.421052631578948,24.520666666666667,8,3.5,30.3696875,6,7.666666666666667,20.170637626262625,9,5.666666666666667,24.517518518518518,1,5,30.62
47021,91,1.7802197802197801,23.275661957090527,71,2.295774647887324,27.44635345405768,101,1.613861386138614,33.72309488448845,16,4.3125,23.581577380952382,18,4.888888888888889,27.73922751322751,10,4.6,34.324758333333335,4,7,23.82422619047619,5,9,28.15455238095238,3,8,34.22002777777778
47023,86,1.8837209302325582,23.641593576965672,71,2.295774647887324,27.849270791415158,106,1.5188679245283019,34.005999213836475,22,3.8636363636363638,23.796002164502166,19,4.631578947368421,28.09832769423559,13,3.923076923076923,34.4746858974359,4,6,24.086345238095237,8,6.375,28.30269494047619,3,6.333333333333333,34.60669444444444
47025,52,2.5,21.84464194139194,53,2.4339622641509435,26.209947888589397,83,1.5662650602409638,32.43018072289156,19,4.526315789473684,21.962177944862155,20,4.2,26.414361904761904,10,3.8,32.549,8,6.25,22.088714285714286,8,5.75,26.59819642857143,2,5.5,32.67666666666666
47027,77,2.090909090909091,22.775324675324676,67,2.4328358208955225,26.878660379421575,104,1.5576923076923077,32.94314663461538,18,4.722222222222222,23.0575,19,5.052631578947368,27.175012916907654,12,4.166666666666667,33.32185416666667,8,6.5,23.120625,8,7.375,27.313364010989012,3,6.333333333333333,33.526583333333335
47029,57,2.280701754385965,21.002391138101665,56,2.3214285714285716,25.65504081632653,91,1.4505494505494505,31.88830769230769,14,5.142857142857143,21.23902106227106,17,4.529411764705882,25.894840336134454,8,3.75,32.198875,6,7.666666666666667,21.330076923076923,8,5.75,25.984244047619047,2,5,32.203
47031,70,2.3,22.610465723562154,74,2.2162162162162162,26.687817084942086,102,1.5784313725490196,32.94170751633987,21,4.714285714285714,22.78798098330241,22,4.454545454545454,26.98038474025974,12,3.5833333333333335,33.13409722222222,9,6.555555555555555,22.920381553631554,9,6.222222222222222,27.238810846560845,1,8,33.775
47033,94,1.7234042553191489,23.992214539007094,76,2.1447368421052633,27.917637374686716,103,1.5631067961165048,33.928851132686084,18,3.9444444444444446,24.24712037037037,18,4.722222222222222,28.201135582010583,14,4,34.12547619047619,6,5.333333333333333,24.477333333333334,8,6.75,28.37651339285714,2,8,34.39375
47035,66,1.9545454545454546,21.402463383838384,59,2.1864406779661016,25.670516949152542,82,1.5731707317073171,32.0604718350755,17,4.352941176470588,21.572210784313725,19,4.105263157894737,25.943184210526315,9,3.7777777777777777,32.27929894179894,7,6.285714285714286,21.726321428571428,6,5.833333333333333,26.206333333333333,1,7,32.612857142857145
47037,86,1.872093023255814,23.40483527131783,74,2.175675675675676,27.65821836121836,94,1.7234042553191489,34.01605319148936,21,3.9523809523809526,23.68503968253968,20,4.5,27.94490793650794,14,4.428571428571429,34.34314285714286,6,6,23.890138888888888,6,7.333333333333333,28.290248677248677,4,7.25,34.28745833333333
47039,83,1.963855421686747,23.687007171543318,70,2.342857142857143,27.83592568027211,99,1.6262626262626263,34.001344837261506,20,4.4,23.89882976190476,20,4.6,28.09248988095238,13,4.538461538461538,34.34793376068376,6,7,24.125821428571427,9,6.222222222222222,28.28238492063492,5,6.8,34.34312777777778
47041,74,2.175675675675676,22.641478603603602,72,2.236111111111111,26.83019642857143,103,1.5631067961165048,33.01403721682848,21,4.476190476190476,22.9061626984127,21,4.476190476190476,27.121625850340134,12,3.75,33.18256944444445,8,6.5,22.98440625,7,6.571428571428571,27.428925170068027,1,8,33.86
47043,91,1.8021978021978022,23.098416535845107,70,2.3714285714285714,27.287237840136054,105,1.5333333333333334,33.54783333333334,17,4.0588235294117645,23.382406162464985,23,4.521739130434782,27.46420212215321,10,4.4,34.22325,3,7.666666666666667,23.78530158730159,6,8.166666666666666,27.767219246031747,3,7.333333333333333,34.24388888888889
47045,93,1.7741935483870968,24.299988991295443,76,2.1184210526315788,28.11707064536341,100,1.61,33.96085166666667,21,3.9047619047619047,24.486379818594106,19,4.526315789473684,28.426440476190475,16,3.6875,34.17876041666667,5,5.6,24.809961904761906,9,6.111111111111111,28.481744708994707,3,5.333333333333333,34.44533333333333
47047,85,1.8941176470588235,24.030171568627452,68,2.3823529411764706,28.052018148926237,107,1.5327102803738317,34.13714096573209,19,4.368421052631579,24.25734649122807,20,4.8,28.284861706349208,11,4.363636363636363,34.525371212121215,8,5.875,24.36453125,10,6.4,28.482056746031745,3,7,34.70941666666667
47049,79,2.037974683544304,21.488902953586496,69,2.3333333333333335,25.701451690821255,111,1.4594594594594594,31.966343843843845,20,4.5,21.637916666666666,23,4.3478260869565215,26.027615942028984,9,4.111111111111111,32.23601851851852,8,6.125,21.763958333333335,7,6.714285714285714,26.226333333333333,2,7,32.585
47051,69,2.3333333333333335,22.692656377438986,67,2.417910447761194,26.853746150201374,105,1.5333333333333334,33.047201587301586,22,4.636363636363637,22.864240456513183,22,4.863636363636363,27.09890873015873,14,3.5,33.31044047619048,9,6.666666666666667,23.023513708513708,9,7,27.297332451499116,2,5.5,33.671
47053,87,1.8505747126436782,23.896127805145046,70,2.3,27.931631632653062,102,1.5784313725490196,33.84981045751634,17,4.294117647058823,24.15371288515406,23,4.3478260869565215,28.088444099378883,13,3.8461538461538463,34.14774358974359,7,5.714285714285714,24.217231292517006,9,6.333333333333333,28.340375661375663,2,6.5,34.52825
47055,82,2,23.10420775261324,66,2.4545454545454546,27.256940656565657,102,1.588235294117647,33.561928104575166,20,4.3,23.297501785714285,20,4.9,27.476904166666667,16,3.5625,33.84822916666667,7,6.142857142857143,23.434647959183675,8,7.5,27.712364583333333,2,6,34.445
47057,55,2.3454545454545452,22.0765943001443,55,2.4,26.353863636363638,82,1.5731707317073171,32.6655487804878,17,4.823529411764706,22.237510971055087,20,4.2,26.605625,11,3.727272727272727,32.86863636363636,7,6.857142857142857,22.340026643990928,8,5.75,26.751875000000002,1,6,33.19833333333333
47059,58,2.2413793103448274,20.94916883116883,58,2.2413793103448274,25.626785303776682,88,1.4886363636363635,31.98287878787879,14,5.071428571428571,21.1901280148423,17,4.294117647058823,25.92285574229692,10,3.4,32.00083333333333,7,7,21.251446505875077,7,5.714285714285714,26.01443537414966,1,5,32.28
47061,69,2.347826086956522,21.50679026287722,67,2.4328358208955225,25.835193556029378,99,1.6464646464646464,32.135705387205384,17,5.764705882352941,21.74314871403107,23,4.782608695652174,26.108389924085575,15,3.8666666666666667,32.29998888888889,10,7.3,21.71426948051948,10,6.5,26.37463015873016,4,5.75,32.45558333333334
47063,56,2.375,22.091037202380953,56,2.3214285714285716,26.4251037414966,91,1.4175824175824177,32.776007326007324,17,4.764705882352941,22.239887254901962,17,4.352941176470588,26.745929971988794,7,3.4285714285714284,32.985952380952384,6,7.5,22.419125,7,6,26.81118707482993,0,NA,NA
47065,69,2.3333333333333335,22.622760179434092,72,2.263888888888889,27.078449074074072,100,1.61,33.42658,21,4.9523809523809526,22.923592970521543,24,4.291666666666667,27.352638888888887,15,3.8,33.74186666666667,9,7.111111111111111,22.976253968253967,8,5.625,27.483125,3,5.333333333333333,34.15211111111111
47067,58,2.2241379310344827,21.401844006568144,54,2.425925925925926,25.837992063492063,80,1.6125,32.12192916666667,15,4.466666666666667,21.547796825396826,20,4.25,26.004078571428572,10,3.6,32.37193333333333,5,6.6,21.80805714285714,8,5.875,26.16852976190476,1,5,32.236000000000004
47069,87,1.8620689655172413,23.789001915708813,69,2.3333333333333335,27.93881038647343,107,1.514018691588785,34.030154316866934,18,4.222222222222222,24.00073148148148,19,4.7894736842105265,28.151206140350876,14,4.214285714285714,34.30725085034014,7,5.714285714285714,24.067476190476192,9,6.444444444444445,28.374675925925924,4,6.5,34.50850297619048
47071,78,2.0641025641025643,23.851453296703298,66,2.4393939393939394,27.93434096921597,104,1.5480769230769231,34.00409375,19,4.7894736842105265,24.07543984962406,23,4.3478260869565215,28.13050017253278,14,4,34.38005357142857,8,6.875,24.176982142857142,7,6.714285714285714,28.487000566893425,4,6,34.5751875
47073,52,2.480769230769231,21.247521214896214,50,2.58,25.811750317460316,87,1.5057471264367817,32.13145402298851,15,5.2,21.371073544973545,19,4.526315789473684,26.060132414369257,8,3.75,32.4433125,7,7.285714285714286,21.49468140589569,8,6.375,26.147606150793653,2,5,32.592
47075,94,1.7127659574468086,24.06369883485309,74,2.175675675675676,27.976461872586874,108,1.4907407407407407,33.99762345679012,17,4.235294117647059,24.315746498599438,20,4.55,28.23340892857143,13,4.076923076923077,34.17448717948718,6,5.666666666666667,24.47947619047619,9,6.222222222222222,28.367112433862435,2,8,34.66
47077,83,1.9518072289156627,23.6070430292599,72,2.263888888888889,27.836421296296297,99,1.6363636363636365,33.98196801346801,22,4,23.810662337662336,21,4.285714285714286,28.039873015873017,13,4.230769230769231,34.32921794871795,5,7,24.06924761904762,6,7,28.407333333333334,5,6,34.28163333333333
47079,88,1.875,23.74110028860029,65,2.4923076923076923,27.892140842490843,100,1.65,33.8021375,18,4.5,23.97787918871252,28,3.9285714285714284,28.004612670068028,16,4,33.966484375,6,6.5,24.206415343915342,6,6.333333333333333,28.27458134920635,3,7.333333333333333,34.09041666666666
47081,90,1.788888888888889,23.13715171957672,72,2.25,27.34998897707231,100,1.61,33.589956111111114,19,4,23.37624498746867,19,4.684210526315789,27.5849582289056,14,4.071428571428571,34.02361507936508,5,6.2,23.61839761904762,5,8.8,27.95734126984127,3,7.333333333333333,34.360203703703704
47083,85,1.8941176470588235,23.638075350140056,68,2.3823529411764706,27.63968493761141,104,1.5480769230769231,33.59886057692308,17,4.176470588235294,23.8459649859944,20,4.8,27.893678787878788,11,4.2727272727272725,33.97740909090909,5,6.8,24.098780952380952,7,7.571428571428571,27.96312987012987,3,7,34.0755
47085,86,1.8953488372093024,23.541139396456256,71,2.2816901408450705,27.64284055850253,104,1.5480769230769231,33.655444711538465,19,4.2631578947368425,23.72989411027569,18,5,27.918982202982203,12,4.166666666666667,34.06677083333334,4,7.75,24.091997023809526,8,7.25,27.980626623376622,3,7,34.25791666666667
47087,74,2.175675675675676,22.863759974259974,69,2.3333333333333335,26.93519703243616,108,1.5,32.946201278659615,21,4.523809523809524,23.120392290249434,22,4.545454545454546,27.20516341991342,13,3.769230769230769,33.30305677655678,9,6.333333333333333,23.184619047619048,9,6.333333333333333,27.428825396825395,2,6,33.580285714285715
47089,53,2.4339622641509435,21.921664645103323,53,2.4339622641509435,26.311306154537288,89,1.4606741573033708,32.637715623327985,15,5.2,22.11021507936508,18,4.444444444444445,26.563012566137566,9,3.888888888888889,32.86796560846561,8,7.125,22.164153273809525,8,6,26.648653273809522,2,6,32.79542857142857
47091,55,2.3636363636363638,18.836276911976913,53,2.4339622641509435,23.14741599281222,91,1.4175824175824177,29.160919413919412,17,4.882352941176471,19.00089589169001,20,4.3,23.39340238095238,5,3.4,29.247733333333333,6,7.5,19.03517724867725,8,5.625,23.366839285714285,1,5,29.682
47093,57,2.280701754385965,22.176727652464496,54,2.4074074074074074,26.707402777777776,82,1.5975609756097562,33.04520905923345,18,4.611111111111111,22.37908201058201,19,4.315789473684211,26.949986842105265,12,3.9166666666666665,33.18767857142857,10,5.9,22.46234761904762,8,5.875,26.978197916666666,3,6,33.46515873015873
47095,83,1.9518072289156627,24.363898881239244,73,2.2054794520547945,28.205118395303327,104,1.5576923076923077,33.92118509615385,16,5.0625,24.70928794642857,22,4.318181818181818,28.47039285714286,14,3.9285714285714284,34.16380357142857,7,6.714285714285714,24.635277210884354,9,5.777777777777778,28.652349206349207,3,6,34.619416666666666
47097,88,1.8522727272727273,24.35183603896104,73,2.2054794520547945,28.105922537508153,109,1.4862385321100917,33.94553516819572,22,3.909090909090909,24.54370779220779,20,4.6,28.392367261904763,14,4,34.12952380952381,5,5.8,24.796314285714285,9,6.333333333333333,28.566742063492065,2,7,34.48958333333333
47099,84,1.9404761904761905,22.966656887755104,62,2.596774193548387,27.17030241935484,104,1.5480769230769231,33.46630608974359,21,4,23.194246598639456,23,4.521739130434782,27.36429347826087,17,3.2941176470588234,33.74710784313726,5,6.2,23.371002380952383,9,6.666666666666667,27.64263888888889,1,6,35.21
47101,88,1.8409090909090908,22.98496726190476,64,2.578125,27.12489025297619,100,1.61,33.42678333333333,21,3.8095238095238093,23.22700566893424,22,4.7727272727272725,27.361271645021645,16,3.8125,33.73489583333333,4,6.25,23.555946428571428,9,7,27.538015873015873,2,8.5,34.123333333333335
47103,74,2.189189189189189,23.133033242658243,69,2.347826086956522,27.282765269151138,110,1.4727272727272727,33.506181818181815,21,4.428571428571429,23.24830761698619,20,5.05,27.48854017857143,10,3.6,33.9055,7,6.857142857142857,23.476589517625232,8,7.75,27.66832961309524,1,6,34.87166666666667
47105,61,2.180327868852459,22.65256381733021,57,2.263157894736842,26.948147034252298,88,1.4659090909090908,33.06069264069264,19,4.473684210526316,22.899546992481202,18,4.111111111111111,27.2113544973545,8,3.75,33.444494047619045,9,6,22.968395502645503,6,6.166666666666667,27.221007936507938,1,7,33.604285714285716
47107,65,2.476923076923077,22.48374652014652,72,2.236111111111111,26.799699404761906,108,1.5,33.09077006172839,21,4.9523809523809526,22.686596371882086,19,4.842105263157895,27.10622932330827,13,3.4615384615384617,33.3779358974359,10,6.6,22.800685714285713,10,6.2,27.11891904761905,2,5,33.977000000000004
47109,88,1.8636363636363635,23.697302083333334,67,2.4029850746268657,27.897735074626866,101,1.5940594059405941,34.04422607260726,18,4.388888888888889,23.90847685185185,23,4.304347826086956,28.078836956521737,16,4.0625,34.329177083333335,7,5.857142857142857,24.01465476190476,8,6.25,28.424989583333332,5,6,34.567366666666665
47111,78,2.08974358974359,22.79515811965812,69,2.3333333333333335,26.977485162180816,100,1.61,33.166016666666664,19,4.473684210526316,23.07064912280702,20,4.8,27.27982380952381,14,3.7857142857142856,33.39369047619048,8,6,23.117166666666666,8,7.125,27.45310119047619,2,6.5,33.8725
47113,86,1.872093023255814,23.812849114064232,73,2.2465753424657535,27.869983365949118,103,1.5728155339805825,33.8967427184466,19,4.052631578947368,24.009738095238095,22,4.363636363636363,28.08130844155844,13,4.153846153846154,34.22688461538461,6,5.666666666666667,24.175420634920634,8,6.5,28.37599404761905,3,7,34.38483333333333
47115,76,2.1578947368421053,22.375235845295055,77,2.1298701298701297,26.763296897546898,94,1.7127659574468086,33.01968262411348,20,4.85,22.70464621212121,21,4.761904761904762,27.13137433862434,17,3.764705882352941,33.22353921568627,8,7.125,22.74192803030303,8,6.875,27.302461805555556,3,5.333333333333333,33.99144444444444
47117,81,1.9876543209876543,22.98699074074074,66,2.4393939393939394,27.201050715488215,101,1.603960396039604,33.63657590759076,21,4.238095238095238,23.154821428571427,21,4.809523809523809,27.409492724867725,10,4.1,33.83141666666667,8,6,23.290989583333335,7,8,27.65026388888889,2,7,33.957499999999996
47119,84,1.9285714285714286,23.06812570861678,64,2.515625,27.313926649305557,103,1.5631067961165048,33.66300431499461,20,4.25,23.269627976190478,21,4.809523809523809,27.50506216931217,10,4.4,34.02044444444444,8,5.875,23.422715773809525,7,8,27.770424603174604,2,8.5,34.29263888888889
47121,73,2.2054794520547945,23.01679712981083,70,2.3142857142857145,27.37385283446712,101,1.603960396039604,33.548210749646394,20,4.75,23.333559523809523,19,4.947368421052632,27.667615705931496,13,3.8461538461538463,33.87802197802198,8,6.875,23.332440476190477,8,6.75,27.618295634920635,3,6.333333333333333,34.145873015873015
47123,54,2.4074074074074074,22.405782186948855,56,2.3035714285714284,26.705451955782312,89,1.449438202247191,32.83006367041199,17,5,22.58366106442577,18,4.333333333333333,26.942517195767195,10,3.4,33.21706666666667,8,6.875,22.68757142857143,8,5.5,27.002017857142857,2,5,33.802
47125,77,2.090909090909091,23.395327767470626,68,2.3970588235294117,27.51749404761905,99,1.6666666666666667,33.792700336700335,19,4.368421052631579,23.62185463659148,17,5.352941176470588,27.763505602240897,13,4.230769230769231,34.03017948717949,5,6.6,23.723380952380953,7,8.285714285714286,28.086132653061224,3,7,34.263
47127,68,2.3823529411764706,22.970797157499362,67,2.4029850746268657,27.021447524283346,104,1.5480769230769231,33.285452724358976,19,5.105263157894737,23.141010879471406,21,5,27.257475434618293,10,4,33.40020833333333,10,6.9,23.228087337662338,8,8,27.427123015873015,2,7,33.59729166666666
47129,70,2.3142857142857145,21.720326530612244,73,2.232876712328767,26.094502609262882,109,1.4770642201834863,32.2861620795107,24,4.5,21.923869047619046,23,4.260869565217392,26.408856107660455,10,3.6,32.82866666666666,10,6.1,22.03011904761905,7,6.428571428571429,26.592074829931974,1,6,33.17333333333333
47131,83,1.9759036144578312,24.131669104991396,72,2.263888888888889,28.015007936507935,102,1.5784313725490196,33.81485130718954,20,4.35,24.299176785714288,24,4.166666666666667,28.200232142857143,12,4.166666666666667,34.195819444444446,6,6.5,24.484894841269842,8,6.125,28.44632142857143,4,5.75,34.44975
47133,76,2.1710526315789473,22.242631892230577,66,2.4393939393939394,26.332612914862914,107,1.5046728971962617,32.45201401869159,23,4.3478260869565215,22.432174948240167,22,4.545454545454546,26.55761147186147,9,4,32.62338888888889,9,5.666666666666667,22.61083597883598,9,6.333333333333333,26.741661375661376,2,6,33.009
47135,83,1.963855421686747,23.427238812392428,68,2.3676470588235294,27.542422385620917,103,1.5631067961165048,33.70348597626753,23,3.9130434782608696,23.6217748447205,19,4.7368421052631575,27.79840643274854,12,4.416666666666667,34.087837962962965,6,6,23.826664682539683,7,7.142857142857143,28.014722222222222,4,6.75,34.20122222222222
47137,77,2.103896103896104,22.536862399505257,71,2.267605633802817,26.669433601609658,107,1.5046728971962617,32.82308299955496,21,4.523809523809524,22.74778117913832,21,4.619047619047619,26.975465986394557,10,4,33.0124880952381,8,6.25,22.88219642857143,8,6.5,27.13486904761905,1,7,33.98571428571429
47139,51,2.5294117647058822,22.180660597572363,56,2.3392857142857144,26.51557142857143,84,1.5357142857142858,32.69656944444444,17,5.117647058823529,22.30580532212885,18,4.333333333333333,26.749277777777777,10,3.7,33.104683333333334,9,6.555555555555555,22.431243386243388,6,6.333333333333333,26.923944444444444,3,5,33.332
47141,75,2.1733333333333333,22.424026666666666,71,2.3098591549295775,26.446643863179073,110,1.4727272727272727,32.46569588744589,22,4.5,22.64872727272727,23,4.521739130434782,26.738552795031055,11,3.8181818181818183,32.72241341991342,8,6.375,22.831916666666668,9,6.333333333333333,26.895931216931217,2,6,33.097857142857144
47143,76,2.1315789473684212,22.51228909394699,68,2.3823529411764706,26.930417717086836,98,1.6428571428571428,33.09675655976676,20,4.55,22.791948556998555,20,5,27.23942023809524,16,3.75,33.441696428571426,6,7.5,22.88899518999519,8,7.25,27.24334226190476,3,6.333333333333333,33.761269841269844
47145,77,2.103896103896104,22.718546536796538,70,2.3,27.048601360544218,103,1.5631067961165048,33.18314031437818,23,4.217391304347826,22.98578623188406,21,4.476190476190476,27.387956916099775,15,3.533333333333333,33.36689682539683,7,6.428571428571429,23.23329761904762,7,6.285714285714286,27.466727891156463,1,7,33.494285714285716
47147,85,1.9058823529411764,23.181854341736695,72,2.236111111111111,27.30853406084656,96,1.6875,33.55406423611111,16,4.625,23.49110119047619,18,4.444444444444445,27.642747354497356,13,4.3076923076923075,33.82924358974359,7,6.285714285714286,23.529421768707483,6,6.666666666666667,27.964769841269842,3,8,33.92311111111111
47149,86,1.872093023255814,23.233519102990034,69,2.347826086956522,27.47308776167472,103,1.5922330097087378,33.83581148867314,20,4.15,23.504382142857143,21,4.666666666666667,27.7253835978836,15,3.6,34.06723888888889,6,6.166666666666667,23.64849603174603,8,7.125,27.99923611111111,2,6.5,34.320125000000004
47151,79,2.0759493670886076,21.60175678119349,69,2.3333333333333335,25.93895790200138,108,1.4907407407407407,32.161435185185184,22,4.363636363636363,21.76676298701299,24,4.25,26.193670634920636,9,4.111111111111111,32.38611111111111,8,6,21.857035714285715,8,6.375,26.332886904761907,2,6,32.84833333333333
47153,74,2.22972972972973,21.687744383994385,76,2.1447368421052633,26.18441134085213,99,1.6262626262626263,32.5553771043771,19,5.052631578947368,21.890951811346547,22,4.636363636363637,26.528193722943723,16,3.6875,32.72858333333333,8,7.5,21.950906385281385,8,6.625,26.750136904761906,3,5.333333333333333,33.06744444444445
47155,60,2.1666666666666665,21.39984861111111,53,2.4339622641509435,26.01024707996406,86,1.5,32.21641334440753,17,4.647058823529412,21.620642156862743,17,4.647058823529412,26.244593837535014,10,3.8,32.456654761904765,7,6.714285714285714,21.709416666666666,8,6.125,26.37684523809524,1,7,32.69571428571429
47157,83,1.9518072289156627,24.300341508892714,67,2.417910447761194,28.349439824686094,104,1.5673076923076923,34.2975641025641,20,4.5,24.546917261904763,21,4.761904761904762,28.59106991685563,13,4.076923076923077,34.74628205128205,9,5.777777777777778,24.677501322751322,11,6.181818181818182,28.759921356421355,2,8,34.93
47159,73,2.219178082191781,23.162198630136984,72,2.25,27.418853835978837,102,1.588235294117647,33.51969526143791,22,4.590909090909091,23.38775,21,4.619047619047619,27.658213151927438,13,3.6923076923076925,33.87722435897436,9,6.555555555555555,23.466074074074072,8,7,27.968434523809524,2,6.5,34.214875
47161,86,1.8953488372093024,23.91053488372093,64,2.53125,27.817761532738096,103,1.5631067961165048,33.588169902912625,16,4.5,24.149124999999998,23,4.434782608695652,28.007032091097308,11,4.363636363636363,33.93422727272727,7,6.142857142857143,24.274190476190476,8,6.625,28.12438392857143,3,7,34.0305
47163,52,2.5,20.444084783272285,49,2.6530612244897958,25.028656462585033,80,1.6125,31.328389583333333,14,5.285714285714286,20.568029195011338,20,4.4,25.255458333333333,12,3.75,31.330930555555554,7,7.571428571428571,20.682248866213154,8,6,25.33125,3,5,31.420666666666666
47165,79,2.050632911392405,23.387938517179023,73,2.2054794520547945,27.507086105675146,96,1.6875,33.63526215277778,22,4.090909090909091,23.625551948051946,20,4.35,27.802614285714284,13,4.384615384615385,33.96885897435897,7,5.857142857142857,23.822448979591837,6,6.666666666666667,28.20288095238095,4,7.25,34.05316666666667
47167,87,1.8735632183908046,24.345261904761905,67,2.4029850746268657,28.15398329779673,104,1.5576923076923077,34.07134615384616,19,4.368421052631579,24.61698872180451,19,5,28.447204260651628,14,3.857142857142857,34.35285714285714,7,6,24.735278911564627,11,6.2727272727272725,28.551080086580086,2,7,34.78333333333333
47169,71,2.295774647887324,23.36198792756539,73,2.2739726027397262,27.500664383561645,99,1.6464646464646464,33.60888131313131,21,4.619047619047619,23.573149659863947,21,4.714285714285714,27.75111904761905,11,4.545454545454546,34.04675,9,6.333333333333333,23.684015873015873,9,6.777777777777778,28.004,4,7.25,34.034395833333335
47171,56,2.3035714285714284,19.327916666666667,59,2.2033898305084745,23.875104519774013,88,1.4772727272727273,30.08995265151515,15,5,19.56422222222222,17,4.235294117647059,24.137127450980394,7,3.4285714285714284,30.200833333333332,7,7,19.642380952380954,7,5.571428571428571,24.237190476190477,0,NA,NA
47173,58,2.2241379310344827,22.17537725779967,56,2.3214285714285716,26.532352465986396,87,1.4827586206896552,32.80917624521073,18,4.5,22.33704894179894,18,4.388888888888889,26.81731878306878,10,3.7,32.96733333333333,7,6.428571428571429,22.471340136054422,8,5.875,26.89875892857143,1,6,33.516666666666666
47175,73,2.2054794520547945,21.66215679297871,64,2.53125,25.87700818452381,103,1.5631067961165048,32.12225427646787,19,4.894736842105263,21.838549783549784,22,4.863636363636363,26.136296536796536,11,4,32.267017316017316,8,7.25,21.975305735930736,10,6.7,26.28885238095238,4,5.75,32.31013095238095
47177,79,2.1012658227848102,22.44352154912598,69,2.347826086956522,26.669034161490682,100,1.61,32.93335,18,4.888888888888889,22.771011243386244,23,4.521739130434782,26.930580745341615,12,3.6666666666666665,33.121249999999996,9,6.444444444444445,22.77470767195767,9,6.444444444444445,27.14657671957672,1,8,33.677499999999995
47179,58,2.2241379310344827,20.496881400208988,53,2.509433962264151,25.098754716981134,87,1.4942528735632183,31.345892720306512,14,5.142857142857143,20.7438658008658,19,4.368421052631579,25.314947368421052,6,3.5,31.50127777777778,6,7.666666666666667,20.830131313131314,8,5.625,25.343833333333333,1,5,31.326
47181,86,1.8837209302325582,23.233443521594683,65,2.4923076923076923,27.353981074481077,99,1.6363636363636365,33.53200252525252,20,4.25,23.457057142857142,20,4.9,27.61868849206349,18,3.6666666666666665,33.869347222222224,6,6.333333333333333,23.705190476190477,9,6.777777777777778,27.842548500881836,3,6.333333333333333,34.19413888888889
47183,86,1.8837209302325582,23.82419342930971,68,2.411764705882353,27.921362570028013,97,1.6701030927835052,33.85501288659794,17,4.588235294117647,24.021507936507938,27,4.111111111111111,28.011579805996472,12,4.333333333333333,34.2321875,5,7.2,24.212626984126985,8,6.25,28.265956845238094,5,5.6,34.25575
47185,77,2.1298701298701297,22.379637445887447,71,2.323943661971831,26.48488128772636,105,1.561904761904762,32.55384240362812,21,4.571428571428571,22.63390873015873,23,4.434782608695652,26.791155279503105,13,3.5384615384615383,32.704496336996336,8,6.5,22.76921875,8,6.375,26.994988095238096,1,7,33.38428571428572
47187,86,1.8837209302325582,23.06430633997785,72,2.236111111111111,27.269190145502645,94,1.7127659574468086,33.63270390070922,23,3.869565217391304,23.294145445134575,23,4.304347826086956,27.462899585921324,14,4.357142857142857,33.91458333333333,5,6.4,23.537402380952383,7,6.714285714285714,27.769646258503403,3,8,34.1325
47189,79,2.037974683544304,23.352276522001205,73,2.219178082191781,27.527333333333335,95,1.694736842105263,33.75421052631579,22,4.181818181818182,23.619083874458873,20,4.4,27.82176666666667,14,4.285714285714286,33.975,8,6,23.68445982142857,7,6.428571428571429,28.08909523809524,4,7.25,34.04020833333333
48001,84,1.9166666666666667,24.63826893939394,71,2.267605633802817,28.11966739832937,114,1.4210526315789473,34.490156432748535,17,4.529411764705882,24.828211229946525,18,5.166666666666667,28.269521404521406,10,3.9,34.750283333333336,6,7,24.820070707070705,7,7.571428571428571,28.422102659245517,3,5.666666666666667,34.71066666666667
48003,98,1.653061224489796,20.619445578231293,76,2.1315789473684212,24.258017230576442,125,1.304,30.176273333333334,18,3.388888888888889,20.67337037037037,19,4.631578947368421,24.427858395989976,8,3.125,30.001145833333332,2,5,21.076999999999998,6,7.166666666666667,24.365440476190475,0,NA,NA
48005,74,2.22972972972973,24.838518232518233,69,2.347826086956522,28.40033519982433,118,1.3644067796610169,34.82773163841808,19,5.2631578947368425,25.026334168755223,15,6,28.525208585858586,6,4.833333333333333,35.17288888888889,9,7.444444444444445,25.071798059964728,7,8.714285714285714,28.55794696969697,4,5.75,35.22683333333333
48007,75,2.1733333333333333,26.509534603174604,72,2.236111111111111,28.355786477411478,101,1.603960396039604,32.28442244224422,17,5.294117647058823,26.66147619047619,19,4.684210526315789,28.496664545980334,16,3.3125,32.57822916666667,6,8.5,26.695571428571427,6,7.5,28.556382173382175,0,NA,NA
48009,97,1.6701030927835052,23.881539273441334,77,2.116883116883117,27.27153071531643,127,1.2677165354330708,32.97510761154856,16,4.125,23.956831845238096,20,4.55,27.425893253968255,5,3.4,33.23773333333333,5,5.6,24.012361904761903,8,6.375,27.4754623015873,1,5,33.772
48011,103,1.5728155339805825,20.080686084142396,80,2.075,23.829439285714287,124,1.3064516129032258,29.893961021505376,16,3.4375,20.131604166666666,18,4.722222222222222,23.961674603174604,9,3.4444444444444446,29.664018518518517,1,5,20.604,7,7,24.051925170068028,1,5,30.061999999999998
48013,89,1.8426966292134832,24.82995939734423,75,2.1866666666666665,27.848970634920637,111,1.4594594594594594,33.35474624624624,16,4.75,24.971649147727273,17,5.117647058823529,27.999282212885156,11,3.272727272727273,33.42971212121212,6,7,25.044675505050506,7,7.857142857142857,28.00170918367347,1,5,33.356
48015,73,2.2054794520547945,25.261423227457474,68,2.3823529411764706,28.138063629997454,118,1.3728813559322033,34.24296610169492,20,4.7,25.39594478021978,17,5.647058823529412,28.23607804940158,8,3.25,34.450625,5,9.2,25.61027912087912,8,8.375,28.30968668831169,0,NA,NA
48017,106,1.5471698113207548,19.373561320754717,78,2.0641025641025643,23.29310576923077,131,1.2366412213740459,29.690604325699745,17,3.176470588235294,19.53485294117647,21,4.333333333333333,23.464392857142858,6,3.1666666666666665,29.583194444444445,0,NA,NA,4,8.25,23.39452083333333,0,NA,NA
48019,88,1.8522727272727273,23.267722402597403,72,2.236111111111111,26.572988636363636,119,1.3697478991596639,32.234303921568625,13,5.615384615384615,23.437274725274726,19,5.052631578947368,26.71000956937799,10,3.5,32.629216666666665,10,6.3,23.48487380952381,8,7.625,26.75460606060606,1,5,32.368
48021,86,1.872093023255814,24.741346899224805,69,2.3333333333333335,27.774188625384276,110,1.481818181818182,33.743228787878785,15,5.133333333333334,24.889722222222222,15,6.066666666666666,27.91060101010101,9,3.4444444444444446,33.981685185185185,6,7.833333333333333,25.037222222222223,7,9.142857142857142,27.98926406926407,1,5,34.006
48023,95,1.694736842105263,23.407587719298245,77,2.090909090909091,26.83286186540732,129,1.248062015503876,32.448165374677004,16,3.875,23.481302083333333,19,4.473684210526316,26.96844019138756,6,3,33.22888888888889,4,5.25,23.40625,6,6.5,26.973949494949494,0,NA,NA
48025,74,2.2162162162162162,25.52741151866152,71,2.2816901408450705,28.00573439119566,120,1.35,33.203743055555556,19,5,25.656497493734335,16,5.5,28.120133860930736,9,3.3333333333333335,33.47990740740741,9,6.777777777777778,25.697050264550263,8,7.625,28.158809388528137,0,NA,NA
48027,88,1.8636363636363635,24.20384090909091,73,2.26027397260274,27.4469499792445,116,1.3879310344827587,33.42435344827586,15,4.933333333333334,24.417866666666665,16,5.5,27.611396780303032,9,3.111111111111111,33.51166666666667,7,6.571428571428571,24.503047619047617,9,7.333333333333333,27.640446127946127,0,NA,NA
48029,90,1.8333333333333333,24.29726388888889,73,2.219178082191781,27.506314267923855,113,1.4424778761061947,33.17492330383481,14,5.214285714285714,24.438839285714288,17,5.0588235294117645,27.691525974025975,13,3.3076923076923075,33.42164102564102,8,6.375,24.47734375,6,8.166666666666666,27.74862914862915,1,5,33.198
48031,78,2.0641025641025643,23.369991452991453,71,2.2816901408450705,26.574493293091884,121,1.3388429752066116,32.39006198347107,19,4.7894736842105265,23.500491228070175,17,5.352941176470588,26.71582492997199,7,3.142857142857143,32.61535714285714,6,7.666666666666667,23.62488888888889,7,8.428571428571429,26.80724149659864,0,NA,NA
48033,104,1.5480769230769231,21.38806891025641,78,2.076923076923077,25.015431623931622,117,1.3846153846153846,30.873468660968662,13,3.769230769230769,21.5799358974359,20,4.45,25.178933333333333,12,3.0833333333333335,31.004236111111112,1,10,21.74,4,8.5,25.159666666666666,0,NA,NA
48035,85,1.9529411764705882,24.137976139546726,66,2.4696969696969697,27.44440513423,119,1.3529411764705883,33.454740896358544,16,4.9375,24.37049824134199,15,6.333333333333333,27.562715923945337,7,3.142857142857143,33.82416666666666,5,8.2,24.45576103896104,9,8.444444444444445,27.603600613982966,0,NA,NA
48037,77,2.090909090909091,24.75065826165177,64,2.53125,28.711020833333333,103,1.5631067961165048,35.030183772538145,18,4.666666666666667,24.922815897065895,23,4.434782608695652,28.87044927536232,11,4.090909090909091,35.28581168831169,7,6.285714285714286,24.977359925788498,6,7.5,28.874916666666667,3,6.666666666666667,35.518253968253966
48039,64,2.078125,25.759036973443223,60,2.15,28.476241666666667,92,1.4021739130434783,34.16830797101449,14,4.714285714285714,25.945240450026166,15,4.533333333333333,28.576633333333334,7,3.2857142857142856,34.252761904761904,5,7.2,26.020006593406595,5,6.4,28.5494,1,5,34.196
48041,82,2,24.89396980255517,75,2.1466666666666665,28.07592398268398,124,1.3064516129032258,34.16764112903226,19,4.7368421052631575,25.061606516290727,16,5.5,28.23089366883117,8,3.25,34.6771875,7,7,25.15817006802721,7,8,28.258233147804578,0,NA,NA
48043,91,1.7912087912087913,18.82177838827839,70,2.3142857142857145,22.60718253968254,127,1.2913385826771653,29.4148687664042,18,3.6666666666666665,18.944546296296295,23,4.3478260869565215,22.755772946859903,11,3.1818181818181817,29.60030303030303,2,5.5,18.904666666666667,8,6.125,22.828680555555554,0,NA,NA
48045,100,1.61,20.51866904761905,76,2.1578947368421053,24.356726086048454,136,1.1911764705882353,30.25265931372549,15,3.533333333333333,20.62979365079365,26,3.730769230769231,24.422353174603174,6,3.3333333333333335,30.28861111111111,1,7,20.48857142857143,5,6.2,24.43806984126984,0,NA,NA
48047,82,1.975609756097561,25.49352748741773,68,2.411764705882353,28.06386887254902,111,1.4594594594594594,32.9581981981982,18,4.722222222222222,25.60190299823633,20,5.25,28.170654166666665,11,3.909090909090909,32.941818181818185,8,6,25.664698412698414,10,7,28.240808333333334,3,5.666666666666667,32.99222222222222
48049,76,2.1184210526315788,23.321421982987772,63,2.5873015873015874,26.481820083588993,115,1.4086956521739131,32.278971014492754,18,4.777777777777778,23.486003928170593,18,5.611111111111111,26.590259181450357,9,3.4444444444444446,32.38796296296296,7,6.714285714285714,23.60591486291486,6,10.333333333333334,26.71647198879552,0,NA,NA
48051,82,1.9878048780487805,24.912403600464575,77,2.142857142857143,27.94621237420588,113,1.424778761061947,33.989417404129796,17,5,25.056005602240894,13,6.384615384615385,28.12410406260406,12,3.3333333333333335,34.207430555555554,8,7,25.172761904761906,7,9,28.171074211502784,0,NA,NA
48053,84,1.9285714285714286,23.763401502267573,71,2.267605633802817,27.012454728370223,115,1.4086956521739131,32.92775362318841,15,5.066666666666666,23.95471507936508,13,6.153846153846154,27.144945054945055,8,3.125,32.88520833333333,8,6.5,24.023319940476192,6,9.5,27.271686507936508,0,NA,NA
48055,84,1.9285714285714286,24.67178231292517,67,2.417910447761194,27.684501066098083,115,1.4,33.52584782608696,17,4.647058823529412,24.836159663865548,18,5.444444444444445,27.817031746031745,10,3.5,33.69075,5,7.6,25.02227619047619,7,8.571428571428571,27.923319727891155,1,5,34.68
48057,74,2.27027027027027,26.34137931887932,72,2.2777777777777777,28.47975,113,1.4336283185840708,33.08103982300885,20,5,26.47210347985348,22,4.2727272727272725,28.54509090909091,14,3.2142857142857144,33.18017857142857,7,8,26.543628990057563,7,6.571428571428571,28.668380952380954,0,NA,NA
48059,81,2,22.667809425827944,68,2.411764705882353,26.00227438622508,124,1.2983870967741935,31.75503629032258,18,4.666666666666667,22.822086860670193,24,4.708333333333333,26.094777427637723,7,3.5714285714285716,32.20492857142857,4,9,22.85418253968254,6,8.833333333333334,26.15466526610644,1,5,32.502
48061,71,2.295774647887324,26.157364855801475,55,3,28.16516240981241,106,1.5377358490566038,31.868852201257862,16,5.8125,26.29486904761905,21,5.714285714285714,28.267806311413455,13,3.6923076923076925,32.03371794871795,11,6.909090909090909,26.3555670995671,12,7.416666666666667,28.31373048941799,3,5.333333333333333,32.278333333333336
48063,80,2.0375,24.624350126262627,65,2.4923076923076923,28.493403646353645,108,1.5,34.793935185185184,18,4.722222222222222,24.775445005611672,23,4.6521739130434785,28.620271174477697,8,4.5,35.245625,6,7,24.77216835016835,6,8.166666666666666,28.754789502164503,3,6.666666666666667,35.76833333333333
48065,103,1.5631067961165048,20.158480582524273,79,2.050632911392405,23.899935804701627,118,1.3644067796610169,29.911720338983052,15,3.3333333333333335,20.2239,18,4.666666666666667,24.01777380952381,9,3.7777777777777777,29.633111111111113,1,5,20.686,7,6.714285714285714,24.10177551020408,2,5.5,29.737333333333332
48067,80,2.0125,24.632309686147185,65,2.5076923076923077,28.58793846153846,105,1.5523809523809524,35.0624658008658,17,4.470588235294118,24.846457346574994,22,4.590909090909091,28.772318181818182,10,4.7,35.35089090909091,5,7,24.978621645021644,5,9.2,28.9157,4,7.25,35.60306060606061
48069,103,1.5728155339805825,19.387831715210357,79,2.0759493670886076,23.284886075949366,126,1.2777777777777777,29.736937830687832,17,3.2941176470588234,19.53450980392157,21,4.142857142857143,23.425761904761906,5,3.4,29.877833333333335,0,NA,NA,5,6.6,23.483700000000002,0,NA,NA
48071,60,2.183333333333333,25.65601746031746,61,2.1147540983606556,28.54416393442623,93,1.3978494623655915,34.52012186379928,16,4.8125,25.746315476190475,18,3.888888888888889,28.644944444444445,8,3.25,34.626416666666664,7,6.857142857142857,25.8550306122449,4,5.25,28.743916666666667,1,5,34.938
48073,72,2.2777777777777777,24.518872655122657,70,2.357142857142857,28.05439874586198,108,1.4907407407407407,34.531604938271606,17,5.176470588235294,24.717578304048892,17,5.588235294117647,28.214288953549335,13,3.769230769230769,34.796410256410255,8,7.125,24.653603896103895,8,8.125,28.257551526292335,3,6,35.045
48075,99,1.6363636363636365,22.345754208754208,76,2.1184210526315788,26.098519214703426,131,1.2290076335877862,31.83145038167939,15,3.8,22.523644444444443,22,3.9545454545454546,26.176248196248196,6,3.3333333333333335,31.829166666666666,3,6,22.52766666666667,6,6.166666666666667,26.155132275132274,0,NA,NA
48077,96,1.71875,23.97181376262626,71,2.2816901408450705,27.465120892018778,124,1.2983870967741935,33.27290994623656,14,4.642857142857143,24.06993722943723,20,4.65,27.608929166666666,5,3.2,33.72816666666667,5,6.8,24.14549090909091,8,6.5,27.67784375,0,NA,NA
48079,98,1.663265306122449,19.411416666666668,83,2.0120481927710845,23.294238955823293,133,1.2330827067669172,29.499486215538848,21,3.619047619047619,19.528277777777777,17,5,23.447754901960785,5,3,29.573333333333334,2,5.5,19.539833333333334,5,9,23.408533333333335,0,NA,NA
48081,81,2,22.511240366629256,75,2.2,25.890606984126983,112,1.4375,31.617723214285714,19,4.2631578947368425,22.67107735247209,22,4.5,26.037069264069263,12,3.3333333333333335,31.78875,5,6.8,22.575260606060606,8,6.625,26.114023809523808,0,NA,NA
48083,74,2.175675675675676,23.003204954954956,68,2.4558823529411766,26.235187283737023,118,1.3728813559322033,31.995896892655367,18,4.888888888888889,23.138175925925925,20,5.3,26.33413676470588,7,3.4285714285714284,32.1422619047619,6,7.833333333333333,23.24577777777778,7,8.857142857142858,26.386819327731093,0,NA,NA
48085,84,1.9166666666666667,24.421317649281935,74,2.175675675675676,27.92234664209664,124,1.314516129032258,33.84247311827957,16,4.875,24.51973015873016,21,4.428571428571429,28.08779292929293,7,3.5714285714285716,34.10095238095238,5,8.6,24.587469841269844,6,7.166666666666667,28.150747474747476,1,6,34.410000000000004
48087,96,1.6875,21.891619791666667,76,2.1315789473684212,25.71839515455305,132,1.2196969696969697,31.316584595959597,18,3.5555555555555554,22.012805555555556,22,3.909090909090909,25.844001443001442,6,3.5,31.25736111111111,2,6,22.209000000000003,6,6.166666666666667,25.774949735449734,0,NA,NA
48089,74,2.2567567567567566,25.274690047190045,72,2.3055555555555554,28.080330176767678,116,1.3879310344827587,34.08037356321839,19,5.052631578947368,25.424582289055973,17,5.529411764705882,28.201104278074865,7,3.142857142857143,34.38404761904762,5,9.8,25.625912698412698,8,7.875,28.25182575757576,0,NA,NA
48091,88,1.8636363636363635,24.039758116883117,74,2.175675675675676,27.23300957207207,113,1.424778761061947,32.98730825958702,15,5.2,24.22124761904762,14,5.571428571428571,27.43376488095238,11,3.272727272727273,33.3305303030303,7,7.142857142857143,24.309102040816327,5,9.4,27.513375,0,NA,NA
48093,77,2.1298701298701297,23.541479142070052,67,2.4776119402985075,26.69939318115306,115,1.4086956521739131,32.615375362318844,17,5.117647058823529,23.662581996434938,19,5.526315789473684,26.815491744066048,13,3.3076923076923075,32.81985897435897,7,7.571428571428571,23.674722943722944,5,11.6,26.95336862745098,1,5,32.623999999999995
48095,74,2.175675675675676,22.577921171171173,75,2.1866666666666665,25.84206931216931,117,1.376068376068376,31.791688034188034,21,4.571428571428571,22.79100793650794,16,5.5625,26.02626240079365,8,3.25,31.8284375,9,6.333333333333333,22.82651851851852,9,7.333333333333333,26.066040564373896,0,NA,NA
48097,95,1.7157894736842105,24.153025146198832,75,2.1466666666666665,27.802230113960114,123,1.3252032520325203,33.96981707317073,13,4.6923076923076925,24.271722222222223,17,5,27.9207210910005,7,3.142857142857143,34.176071428571426,6,6.5,24.211787037037038,7,7.285714285714286,27.949489316239315,0,NA,NA
48099,85,1.9058823529411764,23.93157908496732,70,2.3285714285714287,27.114973106060607,113,1.4336283185840708,33.07214601769912,15,5.066666666666666,24.143948148148148,13,6.538461538461538,27.2852398018648,9,3.3333333333333335,33.31472222222222,8,6.5,24.18761111111111,8,8.625,27.33236884469697,0,NA,NA
48101,108,1.5,22.34071913580247,74,2.175675675675676,26.01940915915916,129,1.2713178294573644,31.791020671834627,12,3.8333333333333335,22.46397222222222,21,4.238095238095238,26.08791798941799,6,3.1666666666666665,31.746944444444445,3,5.333333333333333,22.660333333333334,6,6.666666666666667,26.082296296296295,0,NA,NA
48103,101,1.6237623762376239,21.54622277227723,71,2.3098591549295775,25.033256036217303,123,1.3170731707317074,30.660151761517614,14,3.642857142857143,21.729535714285714,19,4.7368421052631575,25.167956766917293,8,3.75,30.426083333333334,4,5,21.899,8,6.5,25.224105654761903,2,5,30.341
48105,85,1.964705882352941,21.867323529411763,62,2.6451612903225805,25.130333804636223,106,1.5377358490566038,30.285111635220126,20,4.15,21.977875,23,4.739130434782608,25.17676938641069,13,3.5384615384615383,30.486679487179487,3,8,21.96388888888889,10,6.5,25.27356958874459,1,5,29.886
48107,102,1.6176470588235294,20.609640522875818,77,2.090909090909091,24.32430550401979,132,1.2196969696969697,30.277184343434342,11,4.090909090909091,20.767575757575756,19,4.578947368421052,24.439290726817042,6,3,30.105555555555554,2,7.5,20.80125,6,7.5,24.414142857142856,0,NA,NA
48109,82,1.5731707317073171,19.75874593495935,65,1.9846153846153847,23.662182051282052,112,1.1517857142857142,30.604002976190475,11,3.6363636363636362,19.899287878787877,18,3.6666666666666665,23.827324074074074,3,3,30.531111111111112,1,5,19.798,3,5.333333333333333,23.795333333333335,0,NA,NA
48111,100,1.65,19.000635833333334,80,2.0125,23.027051339285713,130,1.2461538461538462,29.579102564102563,14,3.9285714285714284,19.111327380952382,22,3.909090909090909,23.163368506493505,8,3.5,29.867916666666666,3,6.333333333333333,19.205916666666667,3,7,23.378035714285716,1,6,29.906666666666666
48113,80,2.025,24.524187797619046,79,2.0759493670886076,28.040608553893364,122,1.3278688524590163,34.112852459016395,19,4.7894736842105265,24.62658020050125,20,4.45,28.23790378787879,8,3.25,34.46975,7,7.714285714285714,24.70369387755102,5,7.6,28.338448484848485,1,5,34.918
48115,101,1.6237623762376239,20.851760176017603,73,2.219178082191781,24.480341487279844,119,1.3697478991596639,30.421799719887954,12,4.25,20.983981481481482,19,4.7894736842105265,24.618154135338347,9,3.111111111111111,30.35212962962963,3,6.333333333333333,20.999259259259258,5,8.2,24.558319047619047,0,NA,NA
48117,103,1.5728155339805825,19.329776699029125,77,2.090909090909091,23.203189651618224,126,1.3015873015873016,29.620992063492064,15,3.533333333333333,19.48613333333333,18,4.388888888888889,23.3622557319224,9,3.3333333333333335,29.38,1,5,19.392,6,6.5,23.317600529100527,0,NA,NA
48119,79,2.050632911392405,24.547586497890297,62,2.629032258064516,28.249193653121072,119,1.3697478991596639,34.19620168067227,19,4.578947368421052,24.759701754385965,21,5.285714285714286,28.358809833024118,8,3.625,34.11225,7,7,24.80990476190476,8,8.25,28.388646645021645,2,5.5,34.589
48121,84,1.9880952380952381,24.520077355184497,76,2.1447368421052633,28.026390550239235,126,1.2936507936507937,33.9906164021164,17,5.0588235294117645,24.604499872676342,22,4.409090909090909,28.190030991735537,5,3.4,34.49053333333333,6,8.333333333333334,24.685805194805194,7,6.714285714285714,28.272835497835498,1,5,34.006
48123,81,2,25.364536620615326,73,2.232876712328767,28.036536529680365,117,1.3846153846153846,33.77224216524217,17,5.0588235294117645,25.528380368814194,20,4.7,28.172608333333333,7,3.7142857142857144,33.838190476190476,6,8,25.700827711640212,7,7,28.27257142857143,1,5,34.104
48125,109,1.4770642201834863,21.622496941896024,79,2.088607594936709,25.258755274261603,127,1.2755905511811023,30.978759842519686,9,4,21.910796296296297,22,4.136363636363637,25.35939393939394,8,3.125,31.372812500000002,2,6.5,22.0365,5,7.4,25.304333333333332,0,NA,NA
48127,83,1.9397590361445782,24.88611732644865,76,2.1184210526315788,27.830070175438596,118,1.3983050847457628,32.785764124293785,19,4.105263157894737,24.9859335839599,18,4.777777777777778,27.99612962962963,8,3.375,32.96689583333333,4,7.25,25.214434523809523,8,6.625,27.989416666666667,1,5,33.526
48129,106,1.528301886792453,20.902921383647797,82,2.024390243902439,24.761875919473482,126,1.2777777777777777,30.55439814814815,14,3.2142857142857144,20.982833333333332,19,4.421052631578948,24.85520133667502,6,3.3333333333333335,30.335694444444446,1,5,21.387999999999998,7,6.571428571428571,24.91149886621315,0,NA,NA
48131,88,1.8863636363636365,25.13306854256854,71,2.3098591549295775,27.697286384976525,107,1.5046728971962617,32.470949043168666,16,5.0625,25.246251984126985,18,5.277777777777778,27.82151851851852,15,3.6,32.491103174603175,7,7,25.31571882086168,8,7.5,27.900083333333335,2,6.5,32.36452380952381
48133,77,2.090909090909091,23.22868181818182,70,2.3,26.513628571428573,115,1.4086956521739131,32.327576811594206,15,5.266666666666667,23.343233333333334,19,4.842105263157895,26.646,14,3.2142857142857144,32.46902380952381,5,8.6,23.4027,6,8.333333333333334,26.727888888888888,1,5,32.908
48135,96,1.6979166666666667,21.05179340277778,74,2.189189189189189,24.560782657657658,128,1.2890625,30.28318359375,14,3.857142857142857,21.26229761904762,20,4.5,24.693895833333332,5,3.2,30.2865,4,5.75,21.327625,7,6.714285714285714,24.75172619047619,0,NA,NA
48137,83,1.9879518072289157,22.27477223178428,68,2.3676470588235294,25.376589237967913,117,1.376068376068376,30.8086396011396,19,4.684210526315789,22.40742606516291,17,5.529411764705882,25.513415775401068,8,3.25,31.207604166666666,9,6.111111111111111,22.527714285714286,10,7.1,25.541223484848484,0,NA,NA
48139,82,1.9878048780487805,24.412592941611233,75,2.2133333333333334,27.819747771836006,119,1.3529411764705883,33.97540476190476,20,4.5,24.53988106060606,20,4.85,27.95380414438503,12,3.25,34.23693055555556,6,7.166666666666667,24.705853535353537,5,9,28.025716577540106,1,5,33.954
48141,91,1.4175824175824177,19.870760073260072,73,1.7808219178082192,23.996374429223746,104,1.2596153846153846,31.238886217948718,10,3.4,19.957416666666667,11,4.818181818181818,24.14639393939394,7,3.2857142857142856,31.499166666666667,1,6,19.778333333333332,5,6.6,24.139400000000002,0,NA,NA
48143,74,2.189189189189189,23.52897897897898,70,2.3285714285714287,26.81763531746032,119,1.3529411764705883,32.997315126050424,16,5.25,23.66777777777778,16,5.875,26.92090451388889,10,3.3,33.14855,7,7.571428571428571,23.716587301587303,5,11.4,26.98406111111111,1,5,32.748000000000005
48145,78,2.0641025641025643,24.618404761904763,72,2.263888888888889,27.85114436026936,127,1.2834645669291338,33.91847769028871,17,5,24.806798319327733,15,6,28.003159595959595,7,3.142857142857143,34.391666666666666,7,7.142857142857143,24.823891156462587,9,7.444444444444445,28.004617845117846,0,NA,NA
48147,88,1.8409090909090908,24.240344696969697,71,2.323943661971831,27.936842619821494,119,1.361344537815126,34.040168067226894,19,4.105263157894737,24.43501754385965,22,4.7272727272727275,28.087992091242093,8,3.375,34.298125,5,6.8,24.5134,8,7.125,28.184790750915752,1,6,34.62166666666667
48149,82,1.9878048780487805,25.084329461866048,67,2.4477611940298507,27.944009885636753,115,1.4086956521739131,33.88746086956522,15,5.466666666666667,25.263334391534393,17,5.588235294117647,28.042568372803668,6,3.5,34.254666666666665,7,7.857142857142857,25.37690702947846,8,7.875,28.114416125541126,1,5,33.967999999999996
48151,101,1.613861386138614,22.33108498349835,77,2.1298701298701297,25.84974371732164,126,1.2857142857142858,31.668988095238095,13,4.230769230769231,22.512660256410257,22,4.181818181818182,25.983875737898465,7,3.142857142857143,31.633214285714285,3,6.666666666666667,22.547083333333333,5,7.2,26.056219913419913,0,NA,NA
48153,110,1.490909090909091,20.40703787878788,81,2.037037037037037,24.129845287086027,133,1.2105263157894737,30.093345864661654,12,3.4166666666666665,20.55909722222222,23,3.8260869565217392,24.274889924085578,6,3,29.62,0,NA,NA,4,6.75,24.30415873015873,0,NA,NA
48155,102,1.5784313725490196,23.081165266106442,74,2.175675675675676,26.644313267813267,138,1.181159420289855,32.33051328502415,12,4.25,23.22657142857143,20,4.35,26.712459090909093,4,3.5,32.067708333333336,5,5.4,23.22977142857143,6,6.333333333333333,26.789863636363638,0,NA,NA
48157,74,2.2432432432432434,25.406454954954956,71,2.2816901408450705,28.372792756539237,107,1.5233644859813085,34.535546728971966,20,4.9,25.542383333333333,19,5,28.50254135338346,13,3.4615384615384617,34.571038461538464,6,8.333333333333334,25.670861111111112,8,7.25,28.545410714285715,1,5,34.506
48159,80,2.0125,24.368363194444445,67,2.417910447761194,28.291729146475415,106,1.528301886792453,34.642692610062895,17,4.705882352941177,24.53906209150327,20,5,28.47004264069264,11,4,34.84776515151515,5,7.6,24.57197777777778,6,8.5,28.497642135642135,3,6.666666666666667,35.45180555555555
48161,71,2.3098591549295775,24.629841327824344,69,2.36231884057971,27.96565263400046,115,1.4,34.06322463768116,21,4.9523809523809526,24.72113020359659,16,5.625,28.152814484126985,11,3.5454545454545454,34.15280303030303,7,8.142857142857142,24.724700134599296,8,8.125,28.160003968253967,1,6,33.97
48163,87,1.8505747126436782,24.81012643678161,69,2.3333333333333335,27.843203243616287,112,1.4375,33.11378125,17,4.352941176470588,24.941529411764705,20,4.85,27.97755119047619,10,3.3,33.07685,6,6.333333333333333,25.000583333333335,7,7.857142857142857,28.005027210884354,1,5,33.236
48165,108,1.5092592592592593,20.102962962962962,75,2.16,23.97014888888889,127,1.2677165354330708,30.04057742782152,13,3.6153846153846154,20.276923076923076,15,5.466666666666667,24.140744444444444,7,3,29.57761904761905,2,5,20.43,7,7.857142857142857,24.041714285714285,0,NA,NA
48167,66,1.9545454545454546,25.98919173881674,63,2.0952380952380953,28.576830687830686,94,1.3829787234042554,34.2006914893617,12,5,26.200554563492062,16,4.3125,28.66283333333333,8,3.125,34.38875,5,7.2,26.190164285714285,6,5.833333333333333,28.741166666666665,0,NA,NA
48169,103,1.5728155339805825,21.10905501618123,76,2.1315789473684212,24.821338815789474,121,1.3305785123966942,30.721349862258954,13,3.8461538461538463,21.277897435897437,23,4.130434782608695,24.902684782608695,6,3.5,30.52638888888889,2,6.5,21.51925,4,8,24.907104166666667,1,6,30.001666666666665
48171,86,1.9069767441860466,22.740066445182723,76,2.1842105263157894,25.881228248177262,119,1.3697478991596639,31.495696078431372,20,4.25,22.935035714285714,18,5.166666666666667,26.045185936748435,7,3.4285714285714284,31.77040476190476,8,5.75,23.035089285714285,7,8.142857142857142,26.195001932591218,1,5,31.552
48173,98,1.6428571428571428,21.409926303854874,68,2.426470588235294,24.85954143323996,115,1.4,30.4771,9,4.222222222222222,21.743086419753087,20,4.95,25.017190873015874,12,3.4166666666666665,30.620958333333334,3,6.333333333333333,21.835925925925928,9,6.888888888888889,25.040331569664904,1,5,29.914
48175,72,2.2777777777777777,25.5841541005291,77,2.155844155844156,28.079069109461965,125,1.288,33.48970666666666,21,4.857142857142857,25.679956916099773,15,5.266666666666667,28.23155476190476,4,3.25,33.79208333333334,7,7.714285714285714,25.815585034013605,6,7.833333333333333,28.286525793650796,0,NA,NA
48177,83,1.9879518072289157,25.128978987378083,67,2.4029850746268657,27.98432800284293,108,1.5,33.833162037037035,17,4.647058823529412,25.31442682072829,20,4.9,28.09974880952381,12,3.5833333333333335,33.99970833333333,5,7.6,25.512717857142857,7,7.714285714285714,28.1528537414966,1,5,34.624
48179,105,1.5523809523809524,20.334007936507938,79,2.0632911392405062,24.099409985935303,119,1.3529411764705883,30.03559943977591,16,3.5,20.390677083333333,20,4.4,24.201169444444446,10,3.3,29.936633333333333,1,5,20.93,7,6.428571428571429,24.301793650793652,1,5,29.918
48181,92,1.7826086956521738,24.291179536043668,71,2.267605633802817,27.949377061514387,123,1.3089430894308942,33.91452032520325,17,4.352941176470588,24.505501018589253,18,5.111111111111111,28.092820631528966,6,3.8333333333333335,34.02683333333333,5,7.2,24.517536796536795,7,8,28.08832448107448,2,5.5,33.923833333333334
48183,71,2.295774647887324,24.633027310326607,60,2.7666666666666666,28.29023854016354,106,1.5188679245283019,34.6307429245283,20,5,24.79624695165945,20,5.65,28.44671562049062,12,4,35.03072916666667,9,7.111111111111111,24.786845077761743,7,9.428571428571429,28.549187487116058,3,6.666666666666667,35.17208333333333
48185,83,1.963855421686747,24.907478772231784,68,2.3676470588235294,28.129719399881164,123,1.3170731707317074,34.38569105691057,15,5.266666666666667,25.105715873015875,15,6.266666666666667,28.298727946127947,9,3.2222222222222223,34.52777777777778,8,7,25.16394642857143,10,7.5,28.258591919191918,0,NA,NA
48187,89,1.853932584269663,24.47540984483681,73,2.232876712328767,27.55272472276582,108,1.4907407407407407,33.276476851851854,15,5,24.614098412698414,14,5.714285714285714,27.756350340136056,11,3.4545454545454546,33.5545,6,7.333333333333333,24.735801587301587,5,9.6,27.828780952380953,1,5,33.252
48189,108,1.5092592592592593,20.028395061728396,84,1.9285714285714286,23.80695956160242,129,1.255813953488372,29.81060723514212,13,3.3846153846153846,20.14051282051282,20,3.75,23.96023015873016,5,3.4,29.680666666666667,0,NA,NA,3,7,23.972645502645502,0,NA,NA
48191,102,1.5980392156862746,21.97562908496732,76,2.1578947368421053,25.793081244778612,136,1.213235294117647,31.444375,17,3.2941176470588234,22.101127450980393,22,4.090909090909091,25.92291702741703,5,3,31.384,0,NA,NA,7,6.285714285714286,25.80940589569161,0,NA,NA
48193,82,1.9878048780487805,23.71459497413156,69,2.4057971014492754,26.884384342142653,109,1.4770642201834863,32.861327217125385,16,5.25,23.93448674242424,16,6.1875,27.000782475490197,11,3.4545454545454546,33.01451515151515,7,7.428571428571429,24.045731601731603,8,9.125,27.052085784313725,1,5,33.128
48195,90,1.4333333333333333,20.571537037037036,72,1.8194444444444444,24.371869212962963,104,1.25,30.61446314102564,8,3.875,20.874166666666667,11,5.090909090909091,24.64496212121212,6,3.1666666666666665,30.557361111111113,1,6,20.883333333333333,5,7,24.596083333333333,0,NA,NA
48197,101,1.5940594059405941,22.883904290429044,74,2.189189189189189,26.519728296478295,134,1.2164179104477613,32.20100124378109,15,4,23.050622222222223,18,4.777777777777778,26.653882996632998,4,3.5,32.164791666666666,4,5.75,23.105875,7,6.714285714285714,26.60998484848485,0,NA,NA
48199,57,2.2982456140350878,25.281721488063592,57,2.280701754385965,28.637818713450294,93,1.3870967741935485,35.076358422939066,15,5.133333333333334,25.37720832130832,21,3.9047619047619047,28.72574603174603,7,3.2857142857142856,35.514476190476195,6,7.833333333333333,25.516493025493023,4,6.25,28.82975,1,5,35.548
48201,65,2.0153846153846153,25.38325885225885,61,2.1311475409836067,28.494656518345042,97,1.3298969072164948,34.71717869415807,14,4.928571428571429,25.566201814058957,17,4.235294117647059,28.627591036414568,5,3.4,34.80226666666667,5,7.4,25.68536507936508,5,6,28.692642857142857,1,5,35.138
48203,68,2.3823529411764706,24.631079248366014,60,2.7,28.35321491702742,105,1.5523809523809524,34.747199134199136,19,5.2105263157894735,24.77359941520468,23,4.782608695652174,28.480560653115003,14,4.071428571428571,35.03363636363636,8,7.625,24.782715277777775,7,8.142857142857142,28.64529452690167,3,7.666666666666667,35.25919191919192
48205,106,1.5377358490566038,19.227244496855345,78,2.0641025641025643,23.251742826617825,127,1.2913385826771653,29.72223097112861,10,3.9,19.496291666666668,19,4.315789473684211,23.3924179197995,10,3.4,29.97683333333333,2,7,19.663541666666667,6,6.333333333333333,23.514878968253967,1,6,30.1
48207,100,1.63,22.977265,76,2.1184210526315788,26.454608054226476,128,1.2578125,32.19022135416667,15,3.7333333333333334,23.1181,22,4.181818181818182,26.575464187327825,6,3.1666666666666665,32.348055555555554,3,5,23.044666666666664,6,6.5,26.64920202020202,0,NA,NA
48209,89,1.8426966292134832,24.179327715355804,74,2.175675675675676,27.31528545103545,113,1.4424778761061947,33.06584513274336,16,4.625,24.407510416666668,13,6.3076923076923075,27.517394105894105,8,3.75,33.3850625,5,7.4,24.509866666666667,6,9.5,27.57754834054834,2,5.5,33.40566666666666
48211,109,1.4770642201834863,21.210160550458717,82,1.975609756097561,25.04105797522261,117,1.376068376068376,30.82591168091168,11,3.5454545454545454,21.478409090909093,18,4.333333333333333,25.190097442680777,10,3.3,30.761666666666667,1,5,21.57,6,6.333333333333333,25.24376455026455,0,NA,NA
48213,79,2.037974683544304,24.6809433119623,70,2.357142857142857,28.171282142857144,115,1.4086956521739131,34.280314492753625,17,4.882352941176471,24.839677743824804,21,4.714285714285714,28.358083333333333,12,3.4166666666666665,34.47259722222222,8,6.875,24.879836038961038,8,7,28.458302083333333,1,5,34.942
48215,87,1.8735632183908046,25.696289819376027,67,2.462686567164179,28.06395155714932,112,1.4553571428571428,32.79663392857143,16,4.9375,25.863263392857142,21,5.0476190476190474,28.19094068233354,14,3.4285714285714284,32.82307142857143,9,6.111111111111111,25.88302380952381,10,6.9,28.269808766233766,1,5,34.048
48217,81,2,24.37105518144407,66,2.4545454545454546,27.69264246295396,121,1.3305785123966942,33.75196280991735,20,4.5,24.549773484848483,20,5.25,27.778970127748067,8,3.25,33.9290625,5,7.6,24.688260606060606,7,8.714285714285714,27.823128936423053,0,NA,NA
48219,105,1.561904761904762,19.853226455026455,83,1.9397590361445782,23.661010040160644,132,1.2196969696969697,29.764526515151516,16,3.75,20.018048611111112,16,4.6875,23.835864583333333,3,3.3333333333333335,29.475833333333334,3,6.333333333333333,19.94237037037037,4,8.25,23.769916666666667,0,NA,NA
48221,74,2.175675675675676,24.14473477048477,67,2.417910447761194,27.476711268220303,120,1.35,33.68604861111111,17,5.0588235294117645,24.262669000933705,14,6.428571428571429,27.54604678362573,10,3.2,33.94108333333333,5,8.4,24.43124126984127,6,10.166666666666666,27.647442495126707,0,NA,NA
48223,79,2.1139240506329116,24.43243952180028,65,2.5076923076923077,28.201846153846155,115,1.4,34.36130579710145,18,4.833333333333333,24.5676512345679,21,5.0476190476190474,28.333809523809524,9,4,34.591685185185185,6,8,24.595453703703704,7,8,28.305714285714284,3,5.666666666666667,34.910333333333334
48225,83,1.9518072289156627,24.746289156626506,71,2.267605633802817,28.17029629290897,120,1.3416666666666666,34.462408333333336,19,4.315789473684211,24.957473684210527,19,4.894736842105263,28.276107199817726,8,3.75,34.428,6,6.333333333333333,24.91547222222222,8,7.25,28.398046266233766,2,5.5,34.732
48227,99,1.6262626262626263,21.525521885521886,69,2.3333333333333335,25.081041580400274,123,1.3089430894308942,30.861910569105692,12,4.083333333333333,21.744305555555556,18,5.111111111111111,25.251492724867724,9,3.2222222222222223,31.085,4,6,21.995833333333334,7,7.714285714285714,25.261576530612246,0,NA,NA
48229,82,1.5731707317073171,19.78265243902439,74,1.7432432432432432,23.80295945945946,105,1.2380952380952381,30.53715873015873,15,3.4,19.844166666666666,12,4.5,24.046583333333334,5,3,30.771333333333335,1,6,19.876666666666665,4,6.25,23.9835,0,NA,NA
48231,86,1.8837209302325582,24.500171188630492,67,2.4477611940298507,28.074361924145506,122,1.319672131147541,34.008497267759566,18,4.611111111111111,24.6166512345679,22,4.7272727272727275,28.18419313262495,9,3.3333333333333335,33.95851851851852,6,7.666666666666667,24.65648148148148,9,6.666666666666667,28.225064694564693,1,6,35.20333333333333
48233,110,1.481818181818182,20.498195454545456,88,1.8409090909090908,24.27430185786436,119,1.361344537815126,30.372432773109242,11,3.6363636363636362,20.61240909090909,13,5.3076923076923075,24.50642796092796,8,3.625,30.3049375,2,5,20.772,7,7,24.48134240362812,2,5,30.506
48235,81,2.0246913580246915,22.059234879660806,66,2.5303030303030303,25.37924158249158,107,1.5233644859813085,30.86731464174455,21,4.238095238095238,22.213715488215488,23,4.826086956521739,25.468475845410627,15,3.4,31.074177777777777,6,6.833333333333333,22.13008754208754,11,6.454545454545454,25.503555555555554,1,5,30.896
48237,82,1.9634146341463414,23.762585277865767,77,2.103896103896104,27.224626948808766,126,1.2777777777777777,33.49844708994709,13,5.384615384615385,23.800537906537905,16,5.4375,27.37507969114219,7,3.2857142857142856,33.79990476190476,5,8,23.86723189033189,8,7.375,27.44620104895105,1,5,34.376
48239,77,2.090909090909091,25.915677695320554,76,2.1447368421052633,28.379608395989976,121,1.3305785123966942,33.82432506887052,16,5.4375,26.06451140873016,21,4.380952380952381,28.492154195011338,4,3.5,33.61083333333333,5,9.8,26.24143650793651,5,7.8,28.64104761904762,0,NA,NA
48241,54,2.388888888888889,25.21110471781305,57,2.2982456140350878,28.67068288144604,88,1.4772727272727273,35.050558712121216,18,4.888888888888889,25.310536375661375,17,4.764705882352941,28.796995543672015,10,3.6,35.251916666666666,7,7.428571428571429,25.446974489795917,6,7.166666666666667,28.792459595959595,1,6,35.28
48243,89,1.4719101123595506,17.933898876404495,60,2.15,21.972405555555557,105,1.2285714285714286,29.29545238095238,9,3.4444444444444446,18.10688888888889,17,4.294117647058823,22.15113725490196,5,3.2,29.5515,1,5,17.942,6,6.333333333333333,22.099333333333334,0,NA,NA
48245,54,2.4444444444444446,25.83077351557907,54,2.388888888888889,28.726663019079687,96,1.3541666666666667,34.500677083333336,15,5.266666666666667,25.89411798941799,17,4.294117647058823,28.825576648841356,7,3.4285714285714284,34.91285714285714,7,7.428571428571429,25.985490929705215,4,6.75,28.79265909090909,0,NA,NA
48247,94,1.7340425531914894,24.8145430597771,70,2.4,27.418480952380953,106,1.528301886792453,32.29235804132974,10,5.8,24.96120476190476,15,5.666666666666667,27.599244444444444,13,3.769230769230769,32.26461172161172,6,7.166666666666667,25.023119047619048,9,7.111111111111111,27.64225925925926,2,6,32.50914285714286
48249,75,2.1466666666666665,25.50515925925926,68,2.426470588235294,27.954995273109244,107,1.5233644859813085,32.751645527369824,19,4.7368421052631575,25.591681286549708,20,5.2,28.06873392857143,13,3.923076923076923,32.856236263736264,9,6.555555555555555,25.66716049382716,9,7.222222222222222,28.127001322751322,3,6.666666666666667,32.455079365079364
48251,74,2.22972972972973,24.12639127764128,74,2.175675675675676,27.530582935877053,117,1.3846153846153846,33.79668945868946,18,5.277777777777778,24.238775252525254,14,5.857142857142857,27.664152661064428,9,3.4444444444444446,33.980296296296295,6,9,24.33479797979798,5,10.2,27.693960784313727,1,5,33.836
48253,85,1.9058823529411764,22.86639537815126,72,2.25,26.273401895943564,126,1.2857142857142858,32.09464285714286,15,4.933333333333334,22.985907142857144,21,4.666666666666667,26.38975888133031,7,3.4285714285714284,32.26714285714286,4,8.75,22.88694345238095,7,7.428571428571429,26.465943310657597,1,5,32.58
48255,75,2.16,25.244701428571428,75,2.1733333333333333,27.956416825396825,115,1.4086956521739131,33.50516666666667,20,4.5,25.335630357142858,16,5.3125,28.09289136904762,8,3.625,33.75052083333333,6,7.333333333333333,25.471267857142855,9,7,28.078936507936508,0,NA,NA
48257,78,2.0641025641025643,24.573688034188034,78,2.08974358974359,28.059479409479408,123,1.3170731707317074,34.1140514905149,15,5.533333333333333,24.68751111111111,20,4.35,28.287469696969698,8,3.5,34.424791666666664,8,7.5,24.741479166666668,6,7.166666666666667,28.337954545454544,1,6,34.8
48259,81,2.0123456790123457,23.149062463256907,71,2.295774647887324,26.413605649045788,119,1.361344537815126,32.23455182072829,17,4.9411764705882355,23.268768207282914,19,5.157894736842105,26.53426321485532,9,3.3333333333333335,32.60962962962963,7,7.285714285714286,23.391651360544216,7,8.428571428571429,26.65871444032158,0,NA,NA
48261,78,2.08974358974359,25.815325142450142,60,2.683333333333333,28.19822724867725,110,1.4727272727272727,32.66586818181818,19,4.7368421052631575,25.948176900584794,20,5.45,28.300431746031744,12,3.5833333333333335,32.812125,9,6.222222222222222,25.983836419753086,10,7.5,28.35053015873016,2,5.5,32.733999999999995
48263,106,1.5754716981132075,22.165330188679246,80,2.0125,25.8219125,127,1.2755905511811023,31.680393700787402,15,4.066666666666666,22.28933333333333,21,4.0476190476190474,25.92752380952381,7,3.142857142857143,31.85142857142857,4,6.5,22.2575,4,7.5,25.916375,0,NA,NA
48265,80,2.05,22.63529652777778,71,2.267605633802817,25.85805399061033,115,1.4173913043478261,31.481069565217393,17,5.294117647058823,22.821395424836602,18,5.277777777777778,25.983157407407408,10,3.5,31.674300000000002,10,6.6,22.876288888888887,7,8.428571428571429,26.081928571428573,2,5,31.639000000000003
48267,75,2.16,22.673352693602695,73,2.232876712328767,25.83808662950444,120,1.3416666666666666,31.635979166666665,20,4.85,22.8605726010101,17,5.294117647058823,26.011195526695527,9,3.2222222222222223,31.59027777777778,7,7.428571428571429,22.985564574314573,9,7.111111111111111,26.09605451338785,0,NA,NA
48269,103,1.5922330097087378,22.459305236834364,76,2.1578947368421053,26.071200358851673,131,1.2290076335877862,31.833543256997455,11,4.363636363636363,22.614858126721764,21,4.190476190476191,26.15315367965368,4,3.25,32.21604166666667,3,7,22.66642424242424,6,6.166666666666667,26.160343434343435,0,NA,NA
48271,80,2.0125,24.05517083333333,65,2.476923076923077,27.061803962703962,116,1.396551724137931,32.258541666666666,19,4.631578947368421,24.175456140350878,21,4.9523809523809526,27.14867893217893,10,3.4,32.18058333333333,8,6.25,24.358583333333335,10,6.9,27.19747575757576,1,5,32.2
48273,76,2.1578947368421053,25.785267961570593,65,2.5538461538461537,28.17233931068931,109,1.4770642201834863,32.79042813455658,19,4.7894736842105265,25.89607184628237,19,5.631578947368421,28.279845010252906,10,3.7,33.00866666666667,9,6.333333333333333,25.97226278659612,10,7.7,28.329872186147185,2,6,32.47833333333334
48275,98,1.7040816326530612,23.07859912536443,77,2.103896103896104,26.567822454601675,127,1.2677165354330708,32.248864829396325,17,3.764705882352941,23.172512605042016,21,4.285714285714286,26.70344423830138,6,3.3333333333333335,32.71513888888889,3,5.666666666666667,23.119238095238096,6,6.5,26.718165945165943,0,NA,NA
48277,84,1.9166666666666667,24.25636252834467,67,2.4328358208955225,28.177042288557214,115,1.4086956521739131,34.38617391304348,19,3.9473684210526314,24.478129072681703,19,5.421052631578948,28.36088596491228,11,3.272727272727273,34.38409090909091,5,6,24.583390476190477,7,8.571428571428571,28.379785714285713,1,6,34.748333333333335
48279,104,1.5480769230769231,19.752270833333334,85,1.9058823529411764,23.5630431372549,129,1.248062015503876,29.639476744186048,15,3.533333333333333,19.893744444444444,16,4.6875,23.771479166666666,4,3.25,29.990625,2,5.5,19.897666666666666,4,8.25,23.699875,0,NA,NA
48281,83,1.963855421686747,23.75251907630522,66,2.4545454545454546,26.906731839498885,116,1.4224137931034482,32.83413074712644,17,4.647058823529412,23.947299019607843,15,6,27.059620093795093,9,3.5555555555555554,32.990462962962965,8,5.875,24.077802083333335,7,9.142857142857142,27.14716210575139,1,6,32.775
48283,97,1.7525773195876289,25.005454590083456,73,2.232876712328767,27.950659491193736,115,1.4260869565217391,32.984927536231886,16,4.125,25.15119345238095,18,4.833333333333333,28.081285714285716,10,3.4,33.05566666666667,5,5.8,25.177819047619046,6,8,28.170246031746032,1,6,33.29833333333333
48285,77,2.116883116883117,25.282852504638218,72,2.2916666666666665,28.01765740740741,112,1.4375,33.88568452380952,20,4.75,25.429982142857142,20,4.65,28.141566666666666,7,3.5714285714285716,34.24095238095238,6,8,25.62813492063492,6,7.5,28.285222222222224,1,5,34.230000000000004
48287,84,1.9404761904761905,24.834393046107333,72,2.3055555555555554,27.83880155723906,109,1.4770642201834863,33.824227828746174,17,5.0588235294117645,24.982589169000935,17,5.588235294117647,27.949041889483066,12,3.25,34.06798611111111,6,8.166666666666666,25.186780423280425,7,9,28.053030303030305,0,NA,NA
48289,76,2.1184210526315788,24.70325875843916,68,2.3970588235294117,28.005275401069518,119,1.3529411764705883,34.11563725490196,18,5.111111111111111,24.902925868965344,18,5.833333333333333,28.14798484848485,7,3.7142857142857144,34.41297619047619,6,8.833333333333334,24.87863871800714,8,8.875,28.19234090909091,1,6,34.278333333333336
48291,62,2.1129032258064515,25.31716301843318,61,2.1147540983606556,28.579609289617487,95,1.3578947368421053,34.89859649122807,15,5,25.424940476190475,16,4.25,28.671947916666667,8,3.375,35.09583333333333,7,6.857142857142857,25.55951530612245,5,6.2,28.724066666666666,0,NA,NA
48293,73,2.287671232876712,24.59018549138211,74,2.27027027027027,27.832724647724646,118,1.38135593220339,33.907944915254234,21,5,24.66445432718542,19,5.2105263157894735,27.989559154295996,8,3.5,34.0146875,6,9.5,24.739479034037856,7,8.285714285714286,27.985470085470087,0,NA,NA
48295,100,1.61,21.031591666666667,79,2.0632911392405062,24.87195810729355,114,1.412280701754386,30.55762426900585,15,3.8666666666666667,21.173277777777777,22,4.181818181818182,24.986122294372294,9,3.6666666666666665,30.839907407407406,3,6,21.21333333333333,6,6.333333333333333,25.062031746031746,1,6,30.715
48297,77,2.1298701298701297,25.475927128427127,71,2.2816901408450705,28.04668325102128,120,1.3583333333333334,33.12956805555555,21,4.523809523809524,25.55792328042328,16,5.8125,28.165594426406926,10,3.4,33.372816666666665,5,7.8,25.722277777777776,8,8.125,28.21525135281385,1,5,33.004
48299,81,2,23.797674603174602,71,2.323943661971831,27.006101152368757,123,1.3252032520325203,32.810243902439026,17,4.823529411764706,23.989214285714286,14,6.142857142857143,27.16522727272727,2,3,33.235,6,7.5,24.168746031746032,7,9,27.25676406926407,0,NA,NA
48301,99,1.6363636363636365,21.610545454545456,79,2.037974683544304,25.303740807715492,131,1.2290076335877862,31.40905216284987,16,3.375,21.827125,17,4.764705882352941,25.429148459383754,4,4.25,31.560208333333332,1,5,21.534,9,6,25.43607671957672,1,6,32.11333333333333
48303,106,1.5377358490566038,20.310013102725367,77,2.090909090909091,24.106781385281383,132,1.2348484848484849,30.24878787878788,13,3.923076923076923,20.437029914529916,19,4.473684210526316,24.25932456140351,4,3,29.872500000000002,2,7,20.49277777777778,4,9,24.191375,0,NA,NA
48305,103,1.5922330097087378,20.620745954692556,77,2.090909090909091,24.320041125541124,128,1.2578125,30.2625390625,13,3.923076923076923,20.815141025641026,19,4.526315789473684,24.44174561403509,7,3,30.247142857142858,1,10,20.986,4,8.5,24.379958333333335,0,NA,NA
48307,80,2.0125,22.95357261904762,70,2.3,26.211500850340137,115,1.4,32.16613043478261,20,4.4,23.174040476190477,16,5.625,26.346253720238096,8,3.375,32.180625,6,6.5,23.404579365079364,9,7.555555555555555,26.427321428571428,1,5,31.96
48309,85,1.9411764705882353,24.499124836601307,71,2.3098591549295775,27.790119398207427,119,1.3529411764705883,33.826764705882354,19,4.631578947368421,24.71608479532164,19,5.105263157894737,27.947814593301434,9,3.4444444444444446,34.03388888888889,6,7.166666666666667,24.74315740740741,7,8,27.99609199134199,0,NA,NA
48311,85,1.8941176470588235,25.312939215686274,74,2.189189189189189,28.067357142857144,114,1.4298245614035088,33.20322368421053,14,4.785714285714286,25.463916666666666,17,5.176470588235294,28.183789915966386,9,3.6666666666666665,33.2875,5,7.4,25.449466666666666,7,7.714285714285714,28.278251700680272,1,6,33.34166666666667
48313,83,1.9518072289156627,24.87510965072411,69,2.36231884057971,28.164903005207353,123,1.3089430894308942,34.343875338753385,16,5.25,25.105881313131313,16,6,28.32426920995671,6,3.6666666666666665,34.61194444444445,8,7.25,25.086762626262626,8,8.75,28.352809253246754,1,6,34.455
48315,74,2.189189189189189,24.71882957957958,59,2.7288135593220337,28.600715386308607,102,1.5784313725490196,35.016099970291144,19,4.894736842105263,24.9051783625731,22,4.863636363636363,28.747145808736718,10,4.9,35.2627196969697,7,7.285714285714286,24.940126984126984,6,8.5,28.874117965367965,4,7.5,35.52409090909091
48317,99,1.6565656565656566,21.31522222222222,66,2.4393939393939394,24.840059884559885,123,1.3252032520325203,30.49948509485095,15,3.7333333333333334,21.520133333333334,18,5.055555555555555,24.992997354497355,9,3.111111111111111,30.845185185185187,4,5,21.7105,6,8.166666666666666,25.038714285714285,0,NA,NA
48319,67,2.4029850746268657,23.16903399668325,71,2.2816901408450705,26.31030640706987,118,1.3644067796610169,32.096709039548024,26,4.3076923076923075,23.283087606837608,15,5.933333333333334,26.475450326797386,5,3,32.047333333333334,7,7,23.491825396825398,7,9,26.572274509803922,0,NA,NA
48321,72,2.2777777777777777,25.909329133017728,73,2.2465753424657535,28.390561643835618,112,1.4553571428571428,33.894955357142855,19,5.052631578947368,26.024036714593503,22,4.2727272727272725,28.494136363636365,14,3.2142857142857144,34.05142857142857,7,8.142857142857142,26.1354806062776,6,6.5,28.439611111111113,0,NA,NA
48323,82,2,24.717493466898954,68,2.3676470588235294,27.741614193404633,114,1.4385964912280702,32.86761111111111,19,4.631578947368421,24.87576127819549,21,4.857142857142857,27.862131673881674,12,3.3333333333333335,33.03272222222222,7,6.857142857142857,25.042661564625853,10,6.8,27.96605984848485,1,5,33.406
48325,88,1.8295454545454546,24.261343614718616,69,2.3333333333333335,27.396994698538176,111,1.4594594594594594,32.75607207207207,13,5.230769230769231,24.431787545787547,18,5.222222222222222,27.5182018999519,12,3.4166666666666665,32.91158333333333,8,6.375,24.46571726190476,7,8.285714285714286,27.59870964749536,1,5,32.964
48327,74,2.2027027027027026,22.623179858429857,76,2.1842105263157894,25.837255430242273,117,1.376068376068376,31.764793447293446,23,4.3478260869565215,22.77131780538302,18,5.111111111111111,26.024522927689596,10,3.4,31.796083333333335,7,6.571428571428571,22.9563537414966,9,7.111111111111111,26.11200881834215,1,5,31.66
48329,97,1.6701030927835052,21.18548711340206,69,2.36231884057971,24.71525396825397,121,1.3388429752066116,30.47525482093664,16,3.75,21.363265625,18,5.055555555555555,24.859862433862435,8,3.25,30.541354166666665,4,5.75,21.4868125,7,7.714285714285714,24.887027210884355,0,NA,NA
48331,80,2.1,24.660734523809523,77,2.142857142857143,27.823854781582053,118,1.3728813559322033,33.897055084745766,18,4.944444444444445,24.83215343915344,18,5.222222222222222,27.949267676767676,7,3.2857142857142856,34.065357142857145,7,6.857142857142857,24.941727891156464,8,7.625,28.007727272727273,0,NA,NA
48333,74,2.175675675675676,23.37056214168714,70,2.342857142857143,26.438541096438577,111,1.4504504504504505,32.42092042042042,20,4.7,23.546329924242425,15,6.333333333333333,26.622858450046685,10,3.5,32.656216666666666,9,6.111111111111111,23.662862794612796,7,9.857142857142858,26.681125250100042,1,5,32.217999999999996
48335,94,1.7127659574468086,21.973089834515367,75,2.1733333333333333,25.53969494949495,122,1.319672131147541,31.41599043715847,15,4,22.12902962962963,22,4.2272727272727275,25.662596418732782,8,3.25,31.518854166666667,2,7,22.28188888888889,5,6.8,25.715090909090907,0,NA,NA
48337,88,1.8295454545454546,23.958744047619046,74,2.189189189189189,27.56403981866482,116,1.3879310344827587,33.78952586206896,13,5.076923076923077,23.961498168498167,18,4.944444444444445,27.685219254510923,8,3.125,34.073125,6,7.166666666666667,24.046718253968255,7,7.428571428571429,27.72746855921856,0,NA,NA
48339,84,1.9642857142857142,24.977418225623584,71,2.3098591549295775,28.40566233297219,114,1.412280701754386,34.83285087719298,17,5.117647058823529,25.151654761904762,17,5.235294117647059,28.545707390648566,10,3.3,35.014,8,6.875,25.30726636904762,6,8.333333333333334,28.551726495726495,1,5,35.14
48341,109,1.4770642201834863,19.782079510703365,78,2.0641025641025643,23.650463675213675,123,1.3089430894308942,29.87604626403407,11,3.6363636363636362,20.080606060606062,18,4.666666666666667,23.79450925925926,8,3.625,30.19546130952381,1,6,20.461666666666666,7,6.571428571428571,23.851357142857143,1,7,29.822857142857142
48343,79,2.0632911392405062,24.551762658227847,60,2.683333333333333,28.52494044011544,107,1.514018691588785,34.865806074766354,17,4.882352941176471,24.75495588235294,23,4.782608695652174,28.65636636551854,10,4.4,35.045125,9,6.222222222222222,24.750101851851852,6,8.333333333333334,28.755098845598845,3,6.666666666666667,35.70513888888889
48345,106,1.528301886792453,21.488498427672955,72,2.236111111111111,25.19314555776014,130,1.2384615384615385,31.004557692307692,14,3.357142857142857,21.608630952380953,23,4.130434782608695,25.26071652864044,4,3.25,31.374375,1,5,21.9,6,6.833333333333333,25.25941335978836,0,NA,NA
48347,71,2.267605633802817,24.72634663536776,71,2.295774647887324,28.306833297766396,111,1.4504504504504505,34.71739189189189,17,5.411764705882353,24.91474183006536,16,5.6875,28.425635258838383,10,3.8,35.04905,9,7.333333333333333,24.972753086419754,7,8.285714285714286,28.47883297258297,3,5.333333333333333,35.135999999999996
48349,75,2.1733333333333333,24.681720471946356,73,2.219178082191781,28.038631659056318,112,1.4375,34.05445684523809,18,4.944444444444445,24.82716863310981,20,4.65,28.247005555555557,12,3.25,34.05993055555555,4,10,24.87642551566081,6,7.833333333333333,28.19224074074074,1,5,33.76
48351,55,2.4,25.215510606060604,56,2.3035714285714284,28.681167459029066,93,1.3978494623655915,35.06554659498208,17,5.117647058823529,25.321946078431374,18,4.5,28.810576539201538,9,3.4444444444444446,35.244537037037034,8,7.125,25.43934375,5,7.2,28.803742207792208,0,NA,NA
48353,86,1.872093023255814,22.101947674418604,81,2.037037037037037,25.551563438618995,126,1.2857142857142858,31.366951058201057,16,4.5,22.20828125,19,4.421052631578948,25.71350729095466,7,3.142857142857143,31.17297619047619,4,7.5,22.22625,5,7,25.791494372294373,0,NA,NA
48355,71,2.2816901408450705,26.171785211267604,71,2.295774647887324,28.279226525821596,103,1.5728155339805825,32.4067427184466,17,5.588235294117647,26.310985294117646,19,5.2105263157894735,28.421583333333334,14,3.7857142857142856,32.51067857142857,8,8.125,26.351677083333332,8,8,28.47688541666667,3,5.333333333333333,32.89233333333333
48357,106,1.5188679245283019,20.71901572327044,77,2.116883116883117,24.531937126365698,119,1.3529411764705883,30.43778011204482,11,3.909090909090909,21.01369696969697,21,4.476190476190476,24.669721844293274,7,3.5714285714285716,30.45440476190476,2,5.5,20.829500000000003,7,6.428571428571429,24.693927437641722,0,NA,NA
48359,100,1.62,19.530595,76,2.1184210526315788,23.40468175647452,124,1.2983870967741935,29.754926075268816,13,3.6923076923076925,19.640346153846156,17,4.882352941176471,23.567106676003736,8,3.625,29.76385416666667,2,5.5,19.930166666666665,6,7.666666666666667,23.605691137566136,1,6,29.226666666666667
48361,56,2.3214285714285716,25.774881519274377,54,2.388888888888889,28.723741622574956,93,1.3870967741935485,34.64514336917563,13,5.538461538461538,25.90487423687424,18,4.222222222222222,28.815391534391534,7,3.5714285714285716,35.01047619047619,7,7.285714285714286,25.96155215419501,3,8,28.83290476190476,0,NA,NA
48363,84,1.9285714285714286,23.975125,75,2.2133333333333334,27.40752,122,1.319672131147541,33.64703551912568,12,5.5,24.142125,13,6.769230769230769,27.51223076923077,8,3,33.86416666666667,7,6.857142857142857,24.14197619047619,6,10.166666666666666,27.548583333333333,0,NA,NA
48365,73,2.2739726027397262,24.695951674277016,64,2.546875,28.374068266369047,103,1.5825242718446602,34.88218169209431,23,4.521739130434782,24.840194444444446,18,5.5,28.542520502645502,12,4.75,35.071642857142855,11,6,24.877300505050506,9,7.666666666666667,28.62485582010582,5,7,35.07360952380952
48367,82,1.9634146341463414,23.91740108401084,75,2.1466666666666665,27.34460760233918,124,1.2983870967741935,33.607681451612905,15,4.933333333333334,24.068125925925926,16,5.3125,27.413785635964913,6,3.1666666666666665,33.90625,6,7.166666666666667,24.133925925925926,5,9.4,27.54844736842105,0,NA,NA
48369,99,1.6565656565656566,18.917171717171716,77,2.090909090909091,22.9380670995671,124,1.2983870967741935,29.587325268817203,18,3.3333333333333335,19.08111111111111,20,4.5,23.091808333333333,8,3.125,29.368541666666665,0,NA,NA,6,7.5,23.1145,0,NA,NA
48371,99,1.6262626262626263,21.008599567099566,75,2.2,24.60911746031746,123,1.3170731707317074,31.022929539295394,14,3.7857142857142856,21.12866836734694,21,4.571428571428571,24.76280045351474,10,3.3,31.139033333333334,3,5.666666666666667,21.202952380952382,7,7,24.790187074829934,1,5,31.152
48373,74,2.175675675675676,25.18523788073788,70,2.3285714285714287,28.55726515151515,115,1.4173913043478261,34.569544927536235,18,5.388888888888889,25.37347795414462,19,4.894736842105263,28.663871610845295,9,3.6666666666666665,34.87807407407408,10,7.2,25.424343650793652,8,7.125,28.677007575757575,3,5,34.702
48375,111,1.4504504504504505,19.69546846846847,82,1.975609756097561,23.57690602013163,123,1.3089430894308942,29.887811653116533,13,3.3846153846153846,19.740153846153845,17,4.411764705882353,23.723311391223156,7,3.857142857142857,29.72654761904762,1,5,20.372,5,7.2,23.83975873015873,1,8,29.142500000000002
48377,101,1.6237623762376239,20.55690511551155,79,2.037974683544304,24.412669831223628,126,1.3095238095238095,31.025074074074073,16,3.8125,20.803588541666667,22,4.181818181818182,24.622541666666667,7,3.2857142857142856,31.297047619047618,3,6,20.909416666666665,6,6.833333333333333,24.63473611111111,1,5,31.886
48379,82,1.9634146341463414,24.594363821138213,70,2.357142857142857,28.223983163265306,114,1.4298245614035088,34.28703216374269,16,4.875,24.731427083333333,23,4.565217391304348,28.397992236024844,12,3.8333333333333335,34.46513888888889,7,6.857142857142857,24.77052380952381,8,6.625,28.454227678571428,2,6.5,35.11333333333333
48381,110,1.490909090909091,19.664875757575757,82,1.9878048780487805,23.515566782810684,122,1.319672131147541,29.82837529274005,13,3.3846153846153846,19.728564102564103,16,4.375,23.69165476190476,9,3.5555555555555554,29.575753968253967,1,5,20.398,5,7,23.777628571428572,1,7,29.154285714285713
48383,87,1.8620689655172413,21.442611111111113,60,2.716666666666667,24.80411507936508,110,1.4727272727272727,30.104389393939393,18,3.8333333333333335,21.550953703703705,26,4.538461538461538,24.874688644688646,11,3.3636363636363638,30.36298484848485,3,6.333333333333333,21.756,9,6.777777777777778,24.981785714285714,1,5,29.632
48385,85,1.9294117647058824,22.757970588235295,68,2.3970588235294117,25.96691790807232,115,1.4,31.58600144927536,17,4.9411764705882355,22.901323529411766,16,5.75,26.130963609307358,11,3.272727272727273,31.888651515151516,8,6.875,23.003645833333334,8,8.25,26.17317721861472,1,5,31.766000000000002
48387,88,1.8295454545454546,24.23108648989899,69,2.347826086956522,28.297874396135267,114,1.4210526315789473,34.70580618212197,17,4.294117647058823,24.435035947712418,19,5,28.507280701754386,9,3.7777777777777777,35.10965608465609,6,6,24.537462962962962,6,8.333333333333334,28.560972222222222,2,6.5,35.343452380952385
48389,102,1.5980392156862746,21.6803431372549,78,2.076923076923077,25.544959706959705,132,1.2272727272727273,32.10049873737374,17,3.176470588235294,21.89029411764706,25,3.84,25.619074285714284,5,3.4,32.67916666666667,0,NA,NA,8,5.25,25.732107142857142,0,NA,NA
48391,70,2.3142857142857145,26.103873979591835,77,2.207792207792208,28.26548720327292,112,1.4464285714285714,32.94331101190476,19,5.2105263157894735,26.207956766917295,18,5.055555555555555,28.415695258445258,12,3.1666666666666665,33.11423611111111,7,8.285714285714286,26.27159693877551,6,8.5,28.464446886446886,0,NA,NA
48393,108,1.5,20.602890432098764,84,1.9404761904761905,24.411963907785335,116,1.396551724137931,30.31699712643678,15,3.466666666666667,20.72547777777778,19,4.2631578947368425,24.568156223893066,11,3.5454545454545454,30.37560606060606,1,5,20.748,6,6.333333333333333,24.622216931216933,1,6,30.10333333333333
48395,79,2.0759493670886076,24.728764014466545,73,2.2054794520547945,27.9180540829034,123,1.3089430894308942,33.96959349593496,19,4.684210526315789,24.899334586466164,18,5.222222222222222,28.046274891774893,8,3.25,34.314375,7,6.857142857142857,24.983789115646257,7,8.142857142857142,28.13851638837353,0,NA,NA
48397,89,1.8314606741573034,24.51489637952559,79,2.037974683544304,28.052823250589075,123,1.3089430894308942,34.078184281842816,15,4.933333333333334,24.643385185185185,19,4.473684210526316,28.24805456823878,8,3.375,34.295208333333335,6,7.5,24.657074074074075,5,7.6,28.343774025974025,1,6,35.01166666666667
48399,72,2.263888888888889,22.75455753968254,71,2.295774647887324,26.054912593206296,116,1.4051724137931034,31.78196120689655,20,4.6,22.872907142857144,20,5,26.170689705882353,11,3.272727272727273,32.047045454545454,5,8.4,22.83279523809524,6,8.833333333333334,26.256326797385622,1,5,32.019999999999996
48401,66,2.4696969696969697,24.567656959202413,60,2.683333333333333,28.094992468805703,107,1.5046728971962617,34.42979639519359,21,4.904761904761905,24.69358853844568,19,5.421052631578948,28.23339726991275,12,4.25,34.74110119047619,10,6.7,24.746869264069264,9,7.666666666666667,28.320597940186175,4,6.5,34.767678571428576
48403,80,2.0125,25.46426681547619,68,2.3823529411764706,28.839018732492995,108,1.5185185185185186,34.75195987654321,21,4.333333333333333,25.618635487528344,24,4.333333333333333,28.97076140873016,11,3.909090909090909,34.94469696969697,5,7.4,25.799935714285716,9,6,28.956567460317462,2,6,35.427499999999995
48405,65,2.523076923076923,25.08379432234432,71,2.267605633802817,28.596726525821595,104,1.5673076923076923,34.838311698717945,21,5.190476190476191,25.134601473922903,20,4.85,28.724379166666665,10,4.3,34.971441666666664,7,8.571428571428571,25.292375850340136,10,6.3,28.705091666666668,4,6,35.16110416666667
48407,73,2.2054794520547945,25.021963633398563,68,2.3823529411764706,28.46198020117138,119,1.3865546218487395,34.768607843137254,18,5.388888888888889,25.17740806878307,17,5.647058823529412,28.547332569391394,8,3.5,35.03491666666667,10,7.1,25.230417857142857,6,9.5,28.594664502164502,2,5,35.063
48409,73,2.26027397260274,26.11779109589041,68,2.3676470588235294,28.23809856442577,106,1.5188679245283019,32.52155974842767,19,5.368421052631579,26.237565789473685,19,5.2105263157894735,28.385300125313282,13,3.4615384615384617,32.64502564102564,9,7.666666666666667,26.28236111111111,8,7.875,28.399775297619048,2,5,32.531
48411,71,2.2816901408450705,23.53461401743796,70,2.3285714285714287,26.6709643707483,113,1.4336283185840708,32.645749262536874,21,4.857142857142857,23.701790249433106,15,6,26.878167063492064,8,3.5,32.81308333333333,10,6.4,23.813009523809523,7,9,26.93535799319728,1,5,32.438
48413,80,2.0375,22.047897916666667,67,2.4477611940298507,25.27304353233831,111,1.4504504504504505,30.88671921921922,22,4.090909090909091,22.214174242424242,19,5.052631578947368,25.38152192982456,10,3.3,30.876583333333333,6,6.333333333333333,22.272111111111112,10,6.5,25.411475,0,NA,NA
48415,103,1.5922330097087378,21.702504045307442,76,2.1578947368421053,25.282037451583506,124,1.314516129032258,31.14630376344086,14,3.7142857142857144,21.860208333333333,25,4,25.369393852813854,10,3.1,31.391666666666666,1,8,22.12375,4,7.25,25.50808658008658,0,NA,NA
48417,86,1.8837209302325582,23.191327565522332,73,2.2054794520547945,26.536176261143726,124,1.3064516129032258,32.35151075268817,12,5.583333333333333,23.339097552910054,19,4.894736842105263,26.686624582289056,7,3.4285714285714284,32.93819047619048,4,9.75,23.36687599206349,5,9.4,26.778006746031746,1,5,33.394
48419,75,2.2133333333333334,24.807560423280425,71,2.267605633802817,28.44084194053208,105,1.542857142857143,34.77942494331066,20,4.95,24.987851587301588,20,4.95,28.601488888888888,11,3.8181818181818183,35.05360173160173,8,7.625,25.044420634920634,9,7,28.59404938271605,3,6,35.33987301587302
48421,106,1.5660377358490567,19.66060534591195,79,2.037974683544304,23.598855635925258,125,1.288,29.730174666666667,11,4,19.91583333333333,18,4.333333333333333,23.72664417989418,7,3.857142857142857,29.871690476190476,2,7,20.091250000000002,6,6,23.64896031746032,2,5.5,30.143833333333333
48423,76,2.1578947368421053,24.53002779676464,64,2.546875,28.096423058712123,116,1.396551724137931,34.265110632183905,19,4.631578947368421,24.678532239690135,20,5.1,28.24980378787879,9,4,34.74975925925926,6,7.166666666666667,24.775907647907648,9,6.888888888888889,28.353915824915823,3,5.666666666666667,34.899
48425,78,2.1025641025641026,24.104598725348726,70,2.3285714285714287,27.460288847117795,117,1.376068376068376,33.684465811965815,16,5.25,24.275231286075037,16,5.9375,27.52751370614035,10,3.4,34.02475,5,9.4,24.359240115440116,6,10.166666666666666,27.64531432748538,1,5,33.74
48427,93,1.7311827956989247,25.410244623655913,75,2.16,28.011121111111112,118,1.3644067796610169,32.90361581920904,17,4,25.589573529411766,21,4.428571428571429,28.146623015873015,9,3.7777777777777777,33.02074074074074,6,5.666666666666667,25.642541666666666,8,6.125,28.321864583333333,3,5,33.413333333333334
48429,85,1.8941176470588235,23.650455555555556,76,2.1315789473684212,26.987072916666666,121,1.3305785123966942,32.83689531680441,10,6.3,23.790872222222223,18,5.055555555555555,27.14180787037037,8,3.25,33.568666666666665,5,8.8,23.81707777777778,7,8,27.200125,1,5,34.086
48431,82,1.9634146341463414,21.9332716802168,73,2.2054794520547945,25.309427701674277,112,1.4553571428571428,30.954171130952382,16,4.125,22.07239236111111,21,4.619047619047619,25.450867724867724,13,3.5384615384615383,31.27632051282051,6,5.833333333333333,22.063462962962962,9,6.444444444444445,25.507765432098765,1,5,31.088
48433,99,1.6464646464646464,22.648404040404042,78,2.08974358974359,26.198115144115143,137,1.1751824817518248,32.08817518248175,14,4,22.7605,19,4.421052631578948,26.360683223209538,3,3.3333333333333335,32.35,3,5.666666666666667,22.670666666666666,5,7.6,26.306262914862916,0,NA,NA
48435,83,1.9397590361445782,22.22869076305221,70,2.3,25.397852009894866,112,1.4464285714285714,30.857105654761906,18,4.222222222222222,22.42062962962963,19,5.105263157894737,25.48919161540214,11,3.272727272727273,30.860075757575757,6,6,22.497444444444444,10,6.7,25.558630735930734,0,NA,NA
48437,102,1.588235294117647,19.888357843137253,78,2.0641025641025643,23.663878713878713,131,1.2290076335877862,29.801653944020355,19,3.263157894736842,19.985394736842107,17,4.294117647058823,23.81014939309057,5,3.2,29.759333333333334,0,NA,NA,5,6.4,23.799174603174603,0,NA,NA
48439,81,1.9876543209876543,24.34127238879091,74,2.2027027027027026,27.850958629682314,121,1.3388429752066116,34.084829201101925,18,4.555555555555555,24.45239241622575,19,4.842105263157895,27.984523084025856,8,3.25,34.489916666666666,7,6.714285714285714,24.56067573696145,5,8.8,28.08502105263158,1,5,33.756
48441,79,2.0759493670886076,22.803445147679327,75,2.2,26.173778624338624,123,1.3089430894308942,32.040109756097564,18,4.777777777777778,22.92650925925926,22,4.636363636363637,26.29992712842713,8,3.375,32.3098125,4,9.25,22.9295,9,6.666666666666667,26.355562610229278,1,5,32.556
48443,94,1.7340425531914894,21.162088652482268,76,2.1710526315789473,24.637405701754385,111,1.4594594594594594,29.812325825825827,17,3.5294117647058822,21.321254901960785,25,3.96,24.757513333333332,12,3.4166666666666665,29.768180555555556,3,5,21.412666666666667,5,6.6,24.7139,2,5,29.932000000000002
48445,105,1.5523809523809524,20.05468163265306,77,2.1298701298701297,23.88837121212121,130,1.2384615384615385,29.883525641025642,11,4.181818181818182,20.22605194805195,16,5.375,24.05872395833333,4,3.25,29.585833333333333,3,5.666666666666667,20.31552380952381,6,8.5,23.910069444444442,0,NA,NA
48447,89,1.8202247191011236,23.38918789013733,71,2.267605633802817,26.77077437351381,124,1.2983870967741935,32.585193548387096,13,4.769230769230769,23.48597863247863,22,4.545454545454546,26.899999114521844,7,3.2857142857142856,32.82485714285714,5,6.6,23.39321111111111,6,7.833333333333333,26.958468975468975,1,5,33.384
48449,79,2.088607594936709,24.410184599156118,67,2.4029850746268657,28.42127133811462,108,1.4907407407407407,34.78540509259259,20,4.6,24.575229166666666,21,4.904761904761905,28.565246650175222,9,4.333333333333333,35.05319444444444,8,6.5,24.63328125,5,9.4,28.672202597402595,3,6.666666666666667,35.62708333333333
48451,80,2.0625,22.628199621212122,68,2.3823529411764706,25.95697619047619,114,1.4298245614035088,31.59535087719298,23,4,22.809172595520423,20,5,26.060969047619047,12,3.25,31.8775,6,6.333333333333333,22.73377272727273,10,6.8,26.064938095238094,0,NA,NA
48453,80,2.025,24.303270928030305,70,2.3142857142857145,27.531647804576377,111,1.4594594594594594,33.46725225225225,14,5.5,24.405833874458875,12,6.916666666666667,27.730862193362192,7,3.7142857142857144,33.994285714285716,6,8.5,24.61791792929293,8,8.625,27.771501623376622,1,6,33.86
48455,79,2.037974683544304,24.95737658227848,66,2.4393939393939394,28.460362565044385,117,1.376068376068376,34.68648433048433,16,5.375,25.159859375,18,5.5,28.513273849607184,8,3.625,34.87795833333333,8,7.375,25.194927083333333,8,8.25,28.581845328282828,2,5.5,35.0135
48457,69,2.3333333333333335,24.96678071083506,71,2.3380281690140845,28.486497942198646,111,1.4504504504504505,34.966501501501504,20,5.2,25.09639345238095,19,5.2105263157894735,28.61849231032126,8,3.875,35.27770833333334,8,7.875,25.214004464285715,9,7.111111111111111,28.611817099567098,2,6,35.24333333333334
48459,76,2.1578947368421053,24.54397772841194,60,2.7333333333333334,28.328440746753248,101,1.613861386138614,34.651690358321545,19,4.842105263157895,24.729068808384596,23,5.086956521739131,28.4515845567476,11,4.7272727272727275,34.980520562770565,7,7.142857142857143,24.68342486085343,8,8,28.53778476731602,5,6.8,35.15181190476191
48461,93,1.7634408602150538,21.692145161290323,70,2.342857142857143,25.08904579468151,120,1.3666666666666667,30.39507777777778,15,4,21.814633333333333,19,4.7894736842105265,25.203326611984508,8,3.75,30.386791666666667,5,5.8,21.9554,9,6.444444444444445,25.256004329004327,2,5,30.478
48463,82,1.9634146341463414,24.196264518002323,71,2.295774647887324,27.278906347173955,113,1.424778761061947,32.61944395280236,17,4.882352941176471,24.35109943977591,20,5,27.44211753246753,10,3.3,32.639716666666665,8,6.625,24.428169642857142,8,7.75,27.5088354978355,1,5,32.598
48465,84,1.9166666666666667,24.20529336734694,62,2.596774193548387,27.146116609644835,114,1.4210526315789473,32.16325438596491,17,4.529411764705882,24.407331932773108,22,5,27.2288286271809,10,3.5,32.1001,6,6.666666666666667,24.53230158730159,12,6.583333333333333,27.28299137205387,2,5,32.452999999999996
48467,78,2.0641025641025643,24.499571081696082,64,2.515625,28.07656534090909,115,1.4086956521739131,34.18972463768116,17,4.9411764705882355,24.576561433664374,24,4.541666666666667,28.20584090909091,14,3.7857142857142856,34.44345238095238,7,7.285714285714286,24.631887291280147,7,7,28.37526406926407,2,6.5,34.964999999999996
48469,77,2.090909090909091,25.8188294681509,80,2.0625,28.264227083333335,121,1.3388429752066116,33.7099173553719,17,5.0588235294117645,25.942639355742298,17,4.588235294117647,28.41106862745098,3,3.6666666666666665,33.471666666666664,5,9,26.151807142857145,6,7,28.48386111111111,0,NA,NA
48471,80,2.0625,24.82179017857143,69,2.347826086956522,28.252943722943723,121,1.3305785123966942,34.619600550964186,16,5.6875,25.01176339285714,15,6.333333333333333,28.386541125541125,7,3.5714285714285716,34.71095238095238,9,7.555555555555555,25.032579365079364,7,9.428571428571429,28.388897649969078,2,5,34.57
48473,77,2.155844155844156,25.102122655122656,68,2.3970588235294117,28.174589667685257,117,1.376068376068376,34.401716524216525,20,4.85,25.236922222222223,16,5.9375,28.316693587662336,11,3.272727272727273,34.58689393939394,7,7.857142857142857,25.37977777777778,8,8.375,28.35515800865801,0,NA,NA
48475,107,1.5327102803738317,21.46567445482866,74,2.2162162162162162,25.068437419562418,132,1.2196969696969697,31.03266414141414,13,3.5384615384615383,21.665935897435897,19,4.842105263157895,25.201545739348372,3,3,30.38222222222222,1,5,21.408,9,6.444444444444445,25.232059523809525,0,NA,NA
48477,79,2.088607594936709,24.993612225327414,68,2.3970588235294117,27.99686940836941,122,1.319672131147541,34.12223360655738,17,5.352941176470588,25.13972740005093,17,5.529411764705882,28.119830574654102,7,3.142857142857143,34.37607142857143,6,9,25.27242207792208,8,7.875,28.170473304473305,0,NA,NA
48479,95,1.7263157894736842,24.97442456140351,79,2.037974683544304,27.832315852923447,117,1.4017094017094016,32.75611823361823,17,4.117647058823529,25.141490196078433,19,4.368421052631579,27.991208020050124,10,4,32.83658333333334,5,6.2,25.228733333333334,7,5.857142857142857,28.069469387755102,2,6.5,32.9375
48481,72,2.2777777777777777,25.578767178808846,72,2.25,28.267030881155883,121,1.3388429752066116,34.137052341597794,17,5.588235294117647,25.729484522013934,16,5.3125,28.424138965201465,8,3.125,34.321041666666666,7,8.571428571428571,25.868152886795745,7,7.428571428571429,28.47910334903192,0,NA,NA
48483,106,1.5566037735849056,21.366943396226414,75,2.1866666666666665,25.213184603174604,122,1.319672131147541,30.778729508196722,14,3.4285714285714284,21.48507142857143,18,4.833333333333333,25.26326917989418,6,3.1666666666666665,30.5925,1,5,22.006,8,7,25.30339732142857,0,NA,NA
48485,97,1.6597938144329898,23.890705203730978,77,2.116883116883117,27.35143722943723,129,1.248062015503876,33.06423772609819,16,4.0625,23.98958779761905,22,4.181818181818182,27.49412121212121,6,3,33.36277777777778,5,5.6,24.005847619047618,6,6.333333333333333,27.592333333333332,0,NA,NA
48487,101,1.613861386138614,23.378310231023104,78,2.0641025641025643,26.885247863247862,138,1.173913043478261,32.538894927536234,15,4.133333333333334,23.484955555555555,17,4.529411764705882,27.034666666666666,3,4,32.72916666666667,5,5.6,23.4972,6,6.5,27.044333333333334,0,NA,NA
48489,75,2.2266666666666666,25.94507291005291,63,2.6666666666666665,28.17788170823885,119,1.361344537815126,32.59784733893557,15,6.133333333333334,26.09636455026455,20,5.5,28.30807738095238,10,3.4,32.94988333333333,9,7.777777777777778,26.131440917107582,10,7.5,28.388738095238097,1,5,32.278
48491,85,1.9176470588235295,24.09018360071301,70,2.342857142857143,27.35447506184292,119,1.3529411764705883,33.31436974789916,11,6.090909090909091,24.26141873278237,15,6.133333333333334,27.494550288600287,7,3.142857142857143,33.956428571428575,6,8.666666666666666,24.40482323232323,8,8.625,27.568115124458874,0,NA,NA
48493,81,2.0246913580246915,24.861633597883596,74,2.22972972972973,27.831260617760616,115,1.4086956521739131,33.511797101449275,16,4.875,24.993270089285716,19,4.684210526315789,27.942541353383458,10,3.2,33.97566666666667,6,7,25.080386904761905,7,7.142857142857143,27.982850340136054,0,NA,NA
48495,100,1.63,21.117166666666666,76,2.1184210526315788,24.745326388888888,133,1.2255639097744362,30.670895989974937,15,3.533333333333333,21.273444444444443,18,4.666666666666667,24.95304475308642,5,3.2,30.370833333333334,0,NA,NA,6,6.833333333333333,24.884828703703704,0,NA,NA
48497,88,1.875,24.089309794372294,79,2.037974683544304,27.634760699216397,114,1.4298245614035088,33.951271929824564,16,4.5,24.14120386904762,18,4.888888888888889,27.784783068783067,9,3.111111111111111,34.214999999999996,5,7,24.17735238095238,6,7.833333333333333,27.865043650793652,0,NA,NA
48499,78,2.0641025641025643,24.48162726162726,65,2.5076923076923077,28.249189926739927,114,1.4210526315789473,34.53030680868839,16,4.9375,24.6079329004329,21,5,28.409635487528345,11,4,34.8586341991342,6,7,24.628098845598846,8,7.25,28.463313988095237,3,6,35.22415873015873
48501,103,1.5922330097087378,19.6328102172908,82,2,23.56400406504065,129,1.248062015503876,29.568242894056848,13,4,19.8580347985348,15,5.333333333333333,23.716555555555555,4,3.25,29.578333333333333,4,5.75,19.795488095238095,6,8.333333333333334,23.657083333333333,0,NA,NA
48503,84,1.9166666666666667,23.758917091836736,78,2.08974358974359,27.104894716394718,117,1.376068376068376,33.13813105413105,15,5.066666666666666,23.80160238095238,18,5,27.291210437710436,7,3.2857142857142856,33.71447619047619,6,7.333333333333333,23.82039484126984,8,7.25,27.320431818181817,1,5,34.188
48505,92,1.75,25.24291149068323,78,2.1153846153846154,27.914790598290598,112,1.4375,32.93162946428571,18,3.5,25.41488095238095,23,4.173913043478261,28.043855072463767,8,4,33.1490625,2,6.5,25.64309523809524,8,5.75,28.2093125,3,5,32.92
48507,86,1.9186046511627908,24.810005214101146,72,2.263888888888889,27.84920701058201,118,1.3728813559322033,33.0245593220339,18,4.666666666666667,24.9522471340388,21,4.619047619047619,27.99228117913832,8,3.25,33.0685,6,7.333333333333333,25.021463624338622,8,6.75,28.01015476190476,1,5,33.548
49001,54,2.4444444444444446,14.949199735449735,46,2.8260869565217392,19.6792067805383,81,1.5925925925925926,26.16272486772487,16,4.875,15.147299107142857,15,5.733333333333333,19.823234126984126,11,4.090909090909091,26.23461038961039,5,8,15.084857142857143,8,7.75,19.92356398809524,3,6.666666666666667,26.441904761904762
49003,74,2.175675675675676,15.820208815958816,52,3.0961538461538463,20.765357142857145,92,1.7608695652173914,27.07927251552795,23,4.130434782608695,16.23915010351967,19,6.105263157894737,21.01597744360902,14,4.428571428571429,27.386647959183673,8,5.875,16.177556547619048,12,7.666666666666667,21.08626984126984,6,5.833333333333333,27.36731746031746
49005,86,1.872093023255814,14.673823643410852,55,2.9454545454545453,20.21004095500459,99,1.6262626262626263,27.104890572390573,24,3.5416666666666665,15.033493055555555,19,5.894736842105263,20.457223817118553,16,3.5625,27.339635416666667,3,5,15.082666666666666,12,7.333333333333333,20.55893771043771,2,5.5,27.70666666666667
49007,71,1.8169014084507042,14.928720657276996,51,2.5294117647058822,19.903880341880342,81,1.5925925925925926,26.53628659611993,13,3.923076923076923,15.094551282051283,15,5.266666666666667,20.186859829059827,11,4.2727272727272725,26.4622012987013,3,6.333333333333333,15.3725,6,7.833333333333333,20.224510683760684,4,6,26.612928571428572
49009,76,1.6973684210526316,12.642548245614035,51,2.5294117647058822,18.577089169000935,92,1.423913043478261,26.47982608695652,16,3.5,12.881479166666667,15,4.933333333333334,18.619103174603175,9,3.5555555555555554,26.646555555555555,1,5,12.702,5,8.4,18.76047619047619,2,5,26.517
49011,66,2.4393939393939394,16.773593565525385,51,3.156862745098039,21.40426282432165,93,1.7311827956989247,27.032664874551973,23,4.391304347826087,17.118355448898928,20,5.85,21.6398702020202,16,4.125,27.196739583333333,8,6.5,17.118084415584416,11,7.909090909090909,21.73400642791552,6,5.833333333333333,27.24561111111111
49013,83,1.9518072289156627,14.036103843947217,51,3.196078431372549,19.574925338822396,93,1.7526881720430108,26.44107808499744,22,3.772727272727273,14.285073593073593,22,5.590909090909091,19.68755419454283,16,4.375,26.60095386904762,4,6,14.344154761904761,11,7.7272727272727275,19.811244752722025,5,6.2,26.68721904761905
49015,68,1.8970588235294117,15.463217962184874,52,2.5,20.48941317976895,91,1.4175824175824177,26.927146781789638,16,4.125,15.481176339285714,15,5.6,20.655299023199024,6,4.166666666666667,27.50672619047619,4,6.5,15.841997023809522,8,7.375,20.711289835164834,2,6,27.646428571428572
49017,61,2.1639344262295084,13.880655477491542,44,2.977272727272727,18.776071553446553,76,1.7105263157894737,25.105936246867167,16,4.6875,14.103124007936508,15,6.2,18.96580989010989,11,5,25.434195887445888,8,6.125,14.179373015873015,9,8,19.01255352055352,6,6.166666666666667,25.45380357142857
49019,65,1.9846153846153847,18.5406184981685,49,2.63265306122449,22.971906793886387,85,1.5176470588235293,28.67767843137255,18,3.888888888888889,18.76640013227513,19,4.684210526315789,23.07307541581226,11,3.5454545454545454,28.74478787878788,5,6,18.977707142857142,7,7.142857142857143,23.238704700061845,2,5,28.543
49021,65,1.9846153846153847,15.006570163170164,47,2.74468085106383,19.863497973657548,83,1.5662650602409638,26.379477911646585,15,4.333333333333333,15.253470707070706,19,4.894736842105263,20.01049498746867,13,3.4615384615384617,26.62474358974359,5,6.4,15.247745454545454,5,8.8,20.198214285714286,1,6,25.961666666666666
49023,60,2.15,14.480508333333333,48,2.6875,19.52195470328283,81,1.5925925925925926,26.31637007642563,19,3.9473684210526314,14.603447368421053,17,5.117647058823529,19.703754456327985,12,4,26.41258134920635,3,6,14.509333333333334,7,7.285714285714286,19.81637987012987,3,5.666666666666667,26.591714285714286
49025,67,1.9253731343283582,16.62307960199005,56,2.3035714285714284,20.759106466945752,82,1.5731707317073171,27.30432723577236,11,5.090909090909091,16.827848484848484,16,5.0625,20.993435134310136,12,3.6666666666666665,27.43790277777778,5,7.2,16.955933333333334,7,7.142857142857143,21.015708878423165,2,5,27.397
49027,61,2.1147540983606556,16.487024785323964,50,2.6,21.000345366300365,78,1.6538461538461537,27.067920024420026,16,4.1875,16.63365699404762,16,5,21.201391769688644,13,4.076923076923077,27.235981684981684,4,6.75,16.74254464285714,6,7.333333333333333,21.308155830280832,4,6,27.565690476190476
49029,82,1.9634146341463414,13.122006097560975,50,3.24,18.872888306138307,91,1.7692307692307692,25.903509942438514,24,3.5416666666666665,13.419145833333333,20,5.9,19.075720765345764,16,4.0625,26.10058779761905,2,5.5,13.367666666666667,10,8.3,19.20994153069153,4,6,26.332142857142856
49031,52,2.519230769230769,12.656544132149902,47,2.74468085106383,17.838401215805472,80,1.6125,25.245716666666667,16,5.25,12.857518429487179,16,5.375,18.04405357142857,12,3.8333333333333335,25.628527777777776,8,7.125,12.89316185897436,7,8,18.232003401360544,3,5,25.581333333333333
49033,79,2.037974683544304,13.994185955394816,66,2.4393939393939394,19.073154729109273,103,1.5631067961165048,26.262800970873787,20,4.15,14.233784523809524,21,4.904761904761905,19.215629148629148,15,3.533333333333333,26.539233333333332,6,5.833333333333333,14.34136507936508,8,7.375,19.47831818181818,1,5,26.176
49035,72,2.236111111111111,16.759594696969696,54,3.0555555555555554,21.64117017396184,91,1.7912087912087913,27.811774594453166,25,3.96,17.14003272727273,22,5.409090909090909,21.888781336088154,14,4.571428571428571,27.86439200680272,5,6.6,16.99649696969697,14,6.642857142857143,21.912311147186145,4,6.75,28.05266369047619
49037,55,2.3454545454545452,16.64222619047619,52,2.5,21.118125792476754,78,1.6538461538461537,27.237668803418803,16,4.75,16.830152529761904,16,5.125,21.26265882554945,13,3.6923076923076925,27.39024358974359,7,6.571428571428571,16.878324829931973,7,7.428571428571429,21.297863029827315,1,5,27.364
49039,75,2.1466666666666665,14.57848,51,3.156862745098039,19.768570749511927,94,1.7340425531914894,26.607087132725432,19,4.578947368421052,14.79978947368421,22,5.318181818181818,19.963277646595827,15,3.933333333333333,27.051079365079367,8,6,14.76825,13,6.769230769230769,20.070803196803197,5,5.4,27.02657142857143
49041,63,2.0634920634920637,14.009395124716553,45,2.8666666666666667,19.60330925925926,77,1.6883116883116882,26.844729437229436,16,3.875,14.139180803571428,18,5.055555555555555,19.71577314814815,13,3.769230769230769,27.091858974358974,3,6.666666666666667,14.158130952380953,9,6.666666666666667,19.816824074074074,3,5.333333333333333,27.206666666666667
49043,84,1.9166666666666667,11.423730158730159,51,3.156862745098039,17.747205415499533,96,1.6875,24.92031857638889,22,3.6363636363636362,11.70628787878788,23,5.260869565217392,17.91489026915114,15,4.2,25.265705555555556,3,5.666666666666667,11.5,11,7.363636363636363,18.031285714285715,5,5.6,25.38195
49045,58,2.2241379310344827,17.232580459770116,52,2.480769230769231,21.364157051282053,88,1.4659090909090908,28.088795454545455,20,3.9,17.549983333333333,18,4.722222222222222,21.510342592592593,10,3.6,28.2254,5,5,17.5916,6,7.166666666666667,21.791722222222223,2,5.5,28.372
49047,84,1.9166666666666667,15.160387188208617,62,2.629032258064516,20.28725604100201,94,1.7340425531914894,26.67502621580547,17,4.235294117647059,15.543677871148459,18,5.888888888888889,20.520548585673584,16,4.5,27.053279017857143,5,6.4,15.455171428571429,9,8.333333333333334,20.673689763939763,7,6.285714285714286,27.195471088435372
49049,55,2.9454545454545453,16.12312103386809,52,3.0961538461538463,20.927422757797757,87,1.8620689655172413,27.227159277504104,23,5.217391304347826,16.374637254901963,22,5.545454545454546,21.069362882067427,17,4.235294117647059,27.51752100840336,8,8.75,16.412811274509803,12,7.25,21.20084583934584,7,5.571428571428571,27.663503401360543
49051,77,2.090909090909091,14.279896103896103,59,2.7457627118644066,20.23201089588378,95,1.7157894736842105,27.111584962406017,23,3.8260869565217392,14.540521739130435,23,4.869565217391305,20.466680124223604,14,4.285714285714286,27.3739693877551,5,5.8,14.4624,10,6.8,20.60694761904762,4,6.25,27.35180952380952
49053,53,2.452830188679245,20.305803744997142,51,2.5294117647058822,24.082884364002012,75,1.7333333333333334,29.726746666666667,15,5.066666666666666,20.630839898989898,14,5.785714285714286,24.348364468864467,13,3.8461538461538463,29.990076923076924,5,8.6,20.65285303030303,4,10.75,24.467817307692307,3,5.333333333333333,29.91477777777778
49055,68,1.8970588235294117,13.043699229691876,51,2.6470588235294117,18.341298552754434,96,1.3958333333333333,25.579482390873014,12,4.5,13.1372123015873,22,4.454545454545454,18.449828463203463,10,3.8,25.772530952380954,5,6.2,13.202142857142857,10,6.1,18.571955952380954,2,6,26.00057142857143
49057,74,2.175675675675676,16.359301801801802,57,2.824561403508772,21.505710931368824,92,1.7608695652173914,27.69844798136646,25,3.92,16.674733333333336,22,5.2727272727272725,21.727978322182867,17,4,27.841012605042017,7,5.428571428571429,16.62857142857143,10,7.6,21.925968975468976,5,6,28.057609523809525
50001,90,1.788888888888889,19.235314814814814,72,2.25,23.688914351851853,103,1.5825242718446602,29.241613268608415,21,3.619047619047619,19.733015873015873,30,3.6,23.977061111111112,16,3.5,29.788822916666668,4,5,19.6475,4,5.5,24.773583333333335,2,5.5,29.785166666666665
50003,73,1.7808219178082192,18.914415525114155,64,2.03125,23.185611979166666,88,1.4659090909090908,28.405857954545453,14,3.857142857142857,19.351238095238095,16,3.8125,23.678072916666668,12,3.3333333333333335,28.753791666666668,4,5.25,19.146833333333333,3,6,23.801111111111112,1,5,30.088
50005,84,1.9166666666666667,17.885482142857143,67,2.4029850746268657,22.461179104477612,101,1.5940594059405941,27.97177722772277,24,3.5833333333333335,18.155854166666668,26,3.9615384615384617,22.794,15,3.6,28.504966666666668,4,5,18.0245,7,5.571428571428571,23.07819047619048,2,5,29.381
50007,75,1.72,19.99016,59,2.1864406779661016,24.162005649717514,94,1.3829787234042554,29.540398936170213,15,3.533333333333333,20.3508,20,3.7,24.394166666666667,10,3.1,30.05825,2,5,20.636000000000003,5,5.2,24.946,0,NA,NA
50009,89,1.8089887640449438,17.556938202247192,72,2.236111111111111,22.07674537037037,98,1.6428571428571428,27.493778911564625,24,3.3333333333333335,17.935312500000002,24,3.7916666666666665,22.51815277777778,15,3.8666666666666667,27.951355555555555,1,6,17.518333333333334,5,5.4,23.0938,4,5.5,28.266333333333332
50011,66,1.9545454545454546,20.01900505050505,59,2.1864406779661016,23.96737288135593,85,1.5294117647058822,29.161592156862746,16,3.8125,20.20370833333333,18,4.111111111111111,24.256666666666668,11,3.5454545454545454,29.50139393939394,3,5.666666666666667,20.332,7,5.142857142857143,24.481666666666666,2,5.5,29.116
50013,65,1.9846153846153847,20.79571575091575,58,2.2413793103448274,24.52491091954023,87,1.4827586206896552,29.56800766283525,17,3.823529411764706,20.989795518207284,20,3.85,24.779741666666666,11,3.4545454545454546,29.791515151515153,2,6,21.35742857142857,7,5.285714285714286,25.076047619047618,1,6,29.641666666666666
50015,90,1.8,18.401027777777777,70,2.3142857142857145,22.862766666666666,101,1.5940594059405941,28.33585313531353,22,3.6363636363636362,18.804886363636363,25,3.92,23.184546666666666,14,3.7857142857142856,28.73472619047619,4,5,18.9525,7,5.428571428571429,23.572666666666667,4,5,28.6605
50017,86,1.872093023255814,18.317662790697675,72,2.236111111111111,22.910770833333334,103,1.5728155339805825,28.371362459546926,22,3.6363636363636362,18.65927272727273,26,3.8846153846153846,23.345596153846152,15,3.6666666666666665,29.00002222222222,2,5.5,18.39783333333333,6,5.333333333333333,23.60827777777778,3,5.333333333333333,29.215666666666667
50019,90,1.788888888888889,18.333838888888888,72,2.263888888888889,22.69550925925926,99,1.6363636363636365,28.17509090909091,22,3.5,18.691159090909093,23,4,23.105072463768117,15,3.8,28.528933333333335,2,5,19.154,6,5.5,23.593333333333334,4,5.5,28.867666666666665
50021,74,1.7432432432432432,19.033626126126126,62,2.0806451612903225,23.40041129032258,89,1.4831460674157304,28.732196629213483,15,3.533333333333333,19.50188888888889,22,3.6363636363636362,23.834113636363636,11,3.5454545454545454,29.388227272727274,2,5,19.325000000000003,3,5.333333333333333,24.780444444444445,1,5,30.458000000000002
50023,94,1.7446808510638299,18.28840425531915,71,2.267605633802817,22.886016431924883,98,1.6428571428571428,28.35252551020408,23,3.5217391304347827,18.718695652173913,24,4,23.289673611111112,16,3.4375,28.84921875,3,5,18.496666666666666,7,5.428571428571429,23.523285714285713,1,6,28.755
50025,75,1.72,19.151933333333332,69,1.8985507246376812,23.537060041407866,89,1.4719101123595506,29.052001872659176,15,3.466666666666667,19.663666666666668,17,3.823529411764706,24.03189075630252,13,3.3076923076923075,29.384089743589744,1,6,19.333333333333332,3,6.333333333333333,24.161269841269842,1,5,30.664
50027,75,1.72,18.900124444444444,61,2.1147540983606556,23.443803278688524,84,1.5357142857142858,28.872948412698413,15,3.4,19.39528888888889,21,3.6666666666666665,23.877,14,3.357142857142857,29.306976190476192,1,5,19.026,3,5.333333333333333,24.499555555555556,1,5,30.676000000000002
51001,54,2.388888888888889,25.142271604938273,54,2.388888888888889,27.58861155202822,85,1.5294117647058822,31.568296078431374,18,4.277777777777778,25.41598148148148,18,4.444444444444445,27.865834656084658,11,3.909090909090909,31.803651515151515,7,6,25.728357142857142,8,5.875,28.053857142857144,3,5.333333333333333,32.044222222222224
51003,66,1.9696969696969697,22.09079906204906,55,2.3454545454545452,26.693754545454546,71,1.8309859154929577,32.966232394366195,14,4.714285714285714,22.27876700680272,19,4.157894736842105,26.96928947368421,16,3.5,33.30921875,5,6.2,22.487714285714286,6,5.666666666666667,27.310388888888887,1,6,33.97666666666667
51005,72,1.7916666666666667,19.674277777777778,53,2.4339622641509435,24.434798742138366,81,1.6049382716049383,30.723364197530863,11,4.636363636363637,19.92981818181818,20,4.3,24.705716666666667,11,3.909090909090909,31.17340909090909,6,5.833333333333333,20.023,8,5.625,24.757208333333335,4,5,31.2975
51007,72,1.8194444444444444,23.19506845238095,62,2.0806451612903225,27.29198924731183,85,1.5176470588235293,33.63566535947712,13,4.538461538461538,23.436917582417582,16,4.3125,27.64239583333333,8,4.25,33.78644444444444,5,6.4,23.526985714285715,6,5.5,27.727222222222224,2,7,33.51744444444445
51009,62,2.0806451612903225,22.118266513056835,56,2.3035714285714284,26.547181547619047,83,1.5783132530120483,32.68723895582329,13,4.769230769230769,22.38096336996337,21,4.0476190476190474,26.784626984126984,10,4.1,33.156083333333335,5,6.4,22.375004761904762,6,5.833333333333333,27.075499999999998,1,12,32.928333333333335
51011,61,2.1147540983606556,22.394413348946134,59,2.2033898305084745,26.626604519774013,89,1.4719101123595506,32.925458801498124,14,4.785714285714286,22.54994387755102,17,4.176470588235294,26.928803921568626,10,3.1,33.23158333333333,6,6.333333333333333,22.611396825396824,6,6,27.013833333333334,0,NA,NA
51013,70,1.8571428571428572,23.052454761904762,55,2.3454545454545452,27.181220346320348,80,1.6375,33.10001458333333,15,4,23.342455555555556,19,4.2631578947368425,27.41721679197995,13,3.6923076923076925,33.35201282051282,4,5.25,23.62108333333333,6,6,27.610492063492064,3,5,33.59733333333333
51015,69,1.8695652173913044,20.326035426731078,51,2.5686274509803924,25.042477124183005,74,1.7567567567567568,31.333164414414416,13,4.230769230769231,20.504726495726494,22,4.136363636363637,25.247560606060606,15,3.6666666666666665,31.657611111111112,5,6.2,20.510955555555558,7,5.714285714285714,25.437333333333335,2,7,31.821666666666665
51017,79,1.6582278481012658,19.22723628691983,49,2.63265306122449,23.86792419825073,78,1.6666666666666667,30.147061965811965,11,3.727272727272727,19.444242424242425,21,4.380952380952381,24.104442176870748,12,3.8333333333333335,30.532152777777778,2,6,19.884166666666665,8,5.875,24.20207738095238,3,5,30.64666666666667
51019,73,2.219178082191781,21.734218688845402,68,2.3676470588235294,26.119999299719886,96,1.6770833333333333,32.306641693376065,19,4.631578947368421,22.011471804511277,22,4.409090909090909,26.416816017316016,13,4.615384615384615,32.64520019723866,8,6.375,22.07807886904762,10,5.7,26.55249523809524,4,7.25,32.468775641025644
51021,68,1.8970588235294117,19.04680024509804,58,2.2413793103448274,23.389810344827588,94,1.3829787234042554,29.71422695035461,13,4.384615384615385,19.33326282051282,21,3.9523809523809526,23.65352380952381,7,3.2857142857142856,30.063904761904762,5,6.4,19.371983333333333,7,5.285714285714286,23.853666666666665,1,5,29.984
51023,62,2.0806451612903225,20.887741743471583,55,2.3636363636363638,25.53299437229437,83,1.5542168674698795,31.90448795180723,13,4.846153846153846,21.203460622710622,18,4.333333333333333,25.843316137566138,11,3.909090909090909,32.31159090909091,7,6.142857142857143,21.09095068027211,6,6,25.965087301587303,4,5,31.849999999999998
51025,60,2.1666666666666665,23.46514060846561,61,2.1147540983606556,27.474629976580797,83,1.5542168674698795,33.63565361445783,16,4.8125,23.683027281746032,16,4.375,27.771089285714286,10,3.9,33.840424999999996,6,6.833333333333333,23.711267195767196,6,5.666666666666667,27.804015873015874,3,6,33.70475
51027,63,2.0952380952380953,20.380407785336356,56,2.3392857142857144,24.827826530612246,84,1.5357142857142858,31.00808333333333,16,4.5625,20.638793154761906,18,4.444444444444445,25.08129365079365,12,3.6666666666666665,31.152416666666667,7,6.142857142857143,20.687360544217686,10,5.4,25.175661904761906,3,5.333333333333333,31.253
51029,61,2.1639344262295084,22.76747306791569,59,2.23728813559322,26.98747255851493,86,1.5,33.34273255813954,14,4.928571428571429,22.90934693877551,19,4.2105263157894735,27.270046365914787,9,3.111111111111111,33.714444444444446,6,6.5,22.97736507936508,7,5.714285714285714,27.33500680272109,0,NA,NA
51031,71,2.295774647887324,22.164355466130115,68,2.3970588235294117,26.42115931372549,103,1.5631067961165048,32.65801240560949,19,4.842105263157895,22.38364411027569,22,4.409090909090909,26.68267424242424,12,3.75,33.04543981481481,10,6.2,22.455507142857144,11,5.7272727272727275,26.74709090909091,1,9,33.13777777777778
51033,62,2.1129032258064515,23.347740015360984,60,2.1666666666666665,27.496069444444444,84,1.5595238095238095,33.67149801587301,15,4.8,23.495325396825397,16,4.375,27.876197916666666,12,3.3333333333333335,34.15548611111111,7,6.142857142857143,23.597602040816327,9,5.333333333333333,28.007592592592594,0,NA,NA
51035,64,2.015625,19.66339670138889,53,2.452830188679245,24.074349056603772,82,1.5853658536585367,30.34331707317073,15,4.6,19.93415925925926,20,4.3,24.292025,9,4.333333333333333,30.68466666666667,6,6.666666666666667,19.969703703703704,9,5.444444444444445,24.452185185185186,5,5.2,30.7314
51036,60,2.15,23.795829563492063,59,2.23728813559322,27.780637610976594,81,1.5925925925925926,33.81233627278072,16,4.4375,24.12154836309524,17,4.411764705882353,28.125448179271707,12,3.8333333333333335,34.21493650793651,5,6.6,24.286288095238096,9,5.555555555555555,28.257328042328044,4,5.5,34.03064285714285
51037,61,2.1639344262295084,23.035392466822795,61,2.1475409836065573,27.081281420765027,90,1.4333333333333333,33.29495987654321,16,4.8125,23.161496279761906,17,4.352941176470588,27.37871568627451,8,3.875,33.51767361111111,5,7.6,23.261621428571427,7,5.714285714285714,27.414142857142856,1,9,33.33555555555556
51041,65,2,23.40744761904762,63,2.0476190476190474,27.488113756613757,83,1.5542168674698795,33.810055651176135,13,4.769230769230769,23.642238095238095,16,4.25,27.881947916666668,8,4,33.99620238095238,6,6.333333333333333,23.663599206349208,6,5.5,27.98338888888889,3,5.666666666666667,33.9087619047619
51043,73,1.8082191780821917,21.78658904109589,58,2.2241379310344827,26.204652298850576,81,1.6049382716049383,32.37149382716049,11,4.7272727272727275,22.22009090909091,21,3.9047619047619047,26.439039682539683,11,3.909090909090909,32.78736363636364,5,6,22.2572,6,5.333333333333333,26.780666666666665,4,5.25,33.26025
51045,68,1.911764705882353,19.81958455882353,59,2.1864406779661016,24.398276836158193,90,1.4333333333333333,30.728137037037037,15,4.333333333333333,20.167783333333333,16,4.4375,24.72083333333333,9,3.4444444444444446,31.34748148148148,7,5.571428571428571,20.195488095238094,7,5.428571428571429,24.77,2,5,31.042
51047,73,1.7945205479452055,22.46398287671233,60,2.183333333333333,27.01905912698413,80,1.6125,33.237625,12,4.583333333333333,22.870895833333332,19,4.105263157894737,27.273344611528824,13,3.6153846153846154,33.488461538461536,4,6,23.037270833333334,6,5.5,27.49545238095238,2,5.5,34.18166666666667
51049,67,1.955223880597015,23.090599680170577,59,2.1864406779661016,27.22827118644068,82,1.5731707317073171,33.574975609756095,14,4.714285714285714,23.262155612244896,17,4.352941176470588,27.525470588235294,10,3.6,33.762299999999996,6,6.166666666666667,23.351279761904763,7,5.714285714285714,27.578761904761905,2,5,33.513999999999996
51051,64,2.015625,20.55932459077381,55,2.3454545454545452,25.010154545454544,87,1.4942528735632183,31.226954022988505,15,4.6,20.86878492063492,16,4.5625,25.28459375,12,3.3333333333333335,31.34375,6,6.5,20.907517857142857,10,5.3,25.363766666666667,1,5,31.5
51053,61,2.1147540983606556,23.48884107468124,61,2.1147540983606556,27.532475019516003,86,1.5232558139534884,33.73590697674418,16,4.5,23.72776909722222,16,4.4375,27.85256101190476,10,3.7,34.0483,6,6.5,23.747800925925926,7,5.571428571428571,27.998353741496597,3,5.333333333333333,33.76766666666667
51057,57,2.263157894736842,23.78688366750209,55,2.3454545454545452,27.76848181818182,79,1.6329113924050633,33.64691078963231,16,4.8125,23.91952306547619,18,4.388888888888889,28.074805555555557,11,3.909090909090909,34.03099567099567,9,6,24.11896693121693,9,5.666666666666667,28.267481481481482,2,6.5,34.177142857142854
51059,67,1.9253731343283582,22.983623134328358,52,2.480769230769231,27.104318223443222,75,1.72,32.90887111111111,16,4.1875,23.312671875,19,4.421052631578948,27.34602882205514,14,3.7857142857142856,33.22859523809524,4,6,23.563395833333335,8,5.875,27.44629761904762,3,5,33.46066666666667
51061,69,1.8695652173913044,22.331902173913043,56,2.3035714285714284,26.770502551020407,78,1.6538461538461537,32.93726923076923,12,4.666666666666667,22.721354166666668,19,4.157894736842105,27.062007518796992,14,3.4285714285714284,33.242642857142854,5,6,22.801583333333333,5,5.8,27.245961904761906,2,5,33.811
51063,60,2.1666666666666665,19.76947037037037,53,2.4339622641509435,24.028298742138364,90,1.4333333333333333,30.34092037037037,17,4.529411764705882,19.956071895424838,18,4.5,24.314435185185186,9,3.5555555555555554,30.641425925925926,8,6.125,20.005194444444445,10,5.4,24.338066666666666,1,5,30.662
51065,63,2.0476190476190474,22.693642479213906,57,2.263157894736842,27.004722222222224,78,1.6538461538461537,33.34849358974359,16,4.375,22.86684226190476,20,4.2,27.237458333333333,12,3.1666666666666665,33.723124999999996,5,6,23.068561904761903,8,5.625,27.4225,0,NA,NA
51067,75,2.1466666666666665,21.519304126984128,70,2.3285714285714287,25.832361904761903,105,1.5333333333333334,32.105202267573695,20,4.7,21.739890476190475,23,4.217391304347826,26.091753623188406,12,3.8333333333333335,32.41343650793651,8,6.625,21.79201785714286,10,5.5,26.2312,2,6,32.397285714285715
51069,70,1.8571428571428572,21.666629761904762,57,2.263157894736842,26.089818713450292,85,1.5176470588235293,32.24597647058823,12,4.75,22.114090277777777,21,3.9047619047619047,26.315460317460317,11,3.5454545454545454,32.753,5,6.2,22.29365,6,5.5,26.648,2,5,33.274
51071,63,2.0634920634920637,19.537912698412697,58,2.2241379310344827,23.910821018062396,94,1.372340425531915,30.191702127659575,15,4.333333333333333,19.814566666666668,17,4.470588235294118,24.22015406162465,9,3.2222222222222223,30.412222222222223,6,6,19.859333333333336,7,5.714285714285714,24.30061224489796,0,NA,NA
51073,57,2.280701754385965,24.66058625730994,54,2.4074074074074074,27.821376543209876,92,1.4021739130434783,32.9649384057971,17,4.529411764705882,24.888730392156862,20,4.25,27.966216666666668,10,3.6,33.226933333333335,6,6.666666666666667,25.114874999999998,8,5.625,28.215125,2,5.5,33.420500000000004
51075,67,1.955223880597015,23.187223880597017,60,2.183333333333333,27.31975277777778,82,1.5975609756097562,33.60576016260163,14,4.571428571428571,23.376,18,4.388888888888889,27.61862037037037,11,3.6363636363636362,33.84521212121212,5,6.4,23.531466666666667,8,5.625,27.75679166666667,2,5,34.001999999999995
51077,65,2,19.123664102564103,53,2.4339622641509435,23.495299640610963,86,1.5232558139534884,29.753381782945738,15,4.466666666666667,19.42687777777778,18,4.388888888888889,23.738382275132274,9,4.111111111111111,30.109537037037036,5,7.2,19.4138,7,5.857142857142857,23.90334013605442,4,5.25,30.30291666666667
51079,66,1.9696969696969697,21.965487012987012,57,2.2982456140350878,26.611716374269005,73,1.7808219178082192,32.80788812785388,14,4.5,22.226581632653062,19,4.2105263157894735,26.917780701754385,17,3.411764705882353,33.28299019607843,4,6.25,22.396785714285713,6,5.833333333333333,27.054222222222222,2,5,33.695
51081,59,2.2203389830508473,23.640892857142855,56,2.3035714285714284,27.64101275510204,88,1.4772727272727273,33.72267045454545,17,4.705882352941177,23.82045168067227,16,4.5625,27.891357142857142,7,3.5714285714285716,34.08,7,6.428571428571429,23.923477891156463,9,5.555555555555555,27.95000529100529,2,5,33.925
51083,65,1.9846153846153847,23.120551648351647,62,2.0806451612903225,27.138826804915514,94,1.4148936170212767,33.3015780141844,15,4.466666666666667,23.344057142857142,16,4.4375,27.44045386904762,8,4,33.54291666666667,5,6.4,23.498838095238096,8,5.5,27.459136904761905,2,7,33.37
51085,66,1.9545454545454546,23.310214646464647,60,2.183333333333333,27.481716666666667,86,1.5232558139534884,33.7535,13,4.538461538461538,23.479935897435897,17,4.352941176470588,27.853411764705882,10,3.6,34.1596,4,6.5,23.762708333333332,8,5.625,27.9635,2,5,33.988
51087,69,1.8695652173913044,23.268873360938578,63,2.126984126984127,27.453886243386243,83,1.5662650602409638,33.836831325301205,12,4.5,23.531021825396824,16,4.4375,27.849364583333333,9,4,34.138555555555556,4,6.25,23.772857142857145,8,5.625,27.939458333333334,3,5.666666666666667,34.16733333333333
51089,70,2.3,21.973315929705215,67,2.4477611940298507,26.269328358208956,106,1.528301886792453,32.5836453279425,20,4.8,22.160605753968255,21,4.761904761904762,26.497142857142858,12,4.083333333333333,32.88636706349207,9,6.777777777777778,22.2332905643739,12,5.916666666666667,26.559652777777778,5,5.4,33.05211428571429
51091,80,1.7,18.302235416666665,52,2.480769230769231,22.772903846153845,76,1.7105263157894737,29.000103070175438,15,3.8,18.541255555555555,21,4.238095238095238,23.042190476190477,15,3.933333333333333,29.301188888888888,4,5.25,18.709916666666665,8,5.625,23.169916666666666,3,6,29.613444444444447
51093,53,2.4716981132075473,24.10367924528302,55,2.3636363636363638,27.784103896103897,94,1.372340425531915,33.57204609929078,14,5.214285714285714,24.376785714285713,19,4.157894736842105,27.99845864661654,7,3.2857142857142856,33.988190476190475,9,6.222222222222222,24.276481481481483,7,5.571428571428571,28.147959183673468,1,5,33.344
51095,57,2.263157894736842,24.342636382623226,56,2.3035714285714284,27.928049744897958,78,1.6538461538461537,33.586158424908426,17,4.529411764705882,24.577663165266106,18,4.388888888888889,28.199210317460317,14,3.7857142857142856,33.786454081632655,8,6,24.655659226190476,8,5.625,28.352285714285713,3,6.333333333333333,33.71373015873016
51097,62,2.0806451612903225,23.75279435483871,58,2.2241379310344827,27.69294252873563,80,1.6125,33.5020875,14,4.571428571428571,23.963089285714286,16,4.5625,28.043166666666668,12,4,33.94475,5,6.6,24.219316666666668,9,5.555555555555555,28.200814814814816,3,6.333333333333333,33.99872222222222
51099,61,2.1147540983606556,23.893757611241217,51,2.5294117647058822,27.750650326797384,78,1.6538461538461537,33.42552777777778,16,4.625,24.21620089285714,20,4.45,27.990158333333333,12,3.6666666666666665,33.75884722222222,8,5.875,24.31000595238095,10,5.6,28.140566666666665,2,5.5,34.03766666666667
51101,61,2.1311475409836067,23.592130366900857,57,2.263157894736842,27.683877192982457,80,1.6125,33.701806845238096,14,4.571428571428571,23.748925170068027,17,4.352941176470588,28.03564705882353,11,3.909090909090909,34.170413419913416,6,6.166666666666667,24.07526984126984,8,5.5,28.261583333333334,3,5.666666666666667,34.35790476190476
51103,58,2.2413793103448274,24.458494663382595,52,2.480769230769231,27.788403846153845,90,1.4333333333333333,33.080785185185185,16,4.5625,24.717980654761906,20,4.25,27.98735,9,4,33.580629629629634,7,6.285714285714286,24.89359863945578,8,5.625,28.278583333333334,4,5.25,33.52725
51105,55,2.3454545454545452,20.847037085137085,54,2.388888888888889,25.401951499118166,82,1.5975609756097562,31.647752032520327,15,4.733333333333333,20.99313597883598,18,4.333333333333333,25.65029894179894,11,3.6363636363636362,31.804606060606062,6,6.666666666666667,21.161589947089947,9,5.555555555555555,25.79800529100529,1,5,31.874
51107,72,1.8194444444444444,22.549458333333334,52,2.5,26.873208333333334,79,1.6708860759493671,32.79334659433393,14,4.214285714285714,22.881857142857143,21,4.142857142857143,27.09413492063492,14,3.7142857142857144,33.18531292517007,3,6.333333333333333,23.439500000000002,6,5.666666666666667,27.384055555555555,2,6,33.20885714285714
51109,66,1.9545454545454546,22.91648917748918,59,2.1864406779661016,27.115776836158194,78,1.6538461538461537,33.383995726495726,14,4.642857142857143,23.128806122448978,17,4.411764705882353,27.420049019607845,12,3.3333333333333335,33.732638888888886,6,6.166666666666667,23.182492063492063,8,5.75,27.540416666666665,0,NA,NA
51111,63,2.0476190476190474,23.190436885865456,61,2.1147540983606556,27.205382903981263,90,1.4444444444444444,33.448291005291004,13,5.153846153846154,23.428655677655676,17,4.235294117647059,27.47166806722689,11,3.3636363636363638,33.6169264069264,6,7,23.391809523809524,5,5.8,27.606838095238096,1,7,33.652857142857144
51113,65,2,22.10161575091575,57,2.263157894736842,26.746075187969925,80,1.6125,32.94309583333333,16,4.3125,22.323438988095237,17,4.411764705882353,27.050075630252103,13,3.4615384615384617,33.3921282051282,5,5.8,22.441838095238097,6,5.833333333333333,27.16215873015873,1,5,34.476
51115,60,2.15,25.034408201058202,52,2.480769230769231,27.744119963369965,85,1.5411764705882354,31.812503921568627,16,4.4375,25.359968253968255,20,4.2,27.922711904761904,10,4.1,32.01278333333333,7,6,25.514927437641724,7,5.857142857142857,28.20965306122449,4,5.25,32.132999999999996
51117,58,2.2413793103448274,23.504321770662287,62,2.0806451612903225,27.43686559139785,86,1.5,33.42220607235142,15,5.2,23.72404417989418,16,4.3125,27.702541666666665,10,4,33.42197222222222,8,6.75,23.704874503968256,5,5.8,27.8188,2,7.5,33.36944444444445
51119,58,2.2241379310344827,24.52456937602627,51,2.5294117647058822,27.813633986928103,87,1.4942528735632183,32.71995977011494,15,4.666666666666667,24.779001587301586,21,4.190476190476191,27.9585873015873,9,4.111111111111111,33.13183333333333,6,6.5,24.979031746031747,8,5.625,28.258791666666667,4,5.25,33.068083333333334
51121,59,2.2203389830508473,20.302,59,2.2033898305084745,24.57577683615819,91,1.4175824175824177,30.80342490842491,17,4.294117647058823,20.52870588235294,16,4.5625,24.88880208333333,8,3.25,31.343333333333334,6,6.333333333333333,20.62688888888889,8,5.5,24.952916666666667,1,5,31.36
51125,63,2.0476190476190474,21.56960582010582,56,2.3214285714285716,26.197255952380953,81,1.5925925925925926,32.45337448559671,12,5,21.798347222222223,22,4,26.452333333333332,12,3.5,32.89694444444444,6,6.166666666666667,21.81211111111111,6,5.666666666666667,26.802722222222222,1,8,33.05
51127,61,2.1147540983606556,23.77081069476971,55,2.3636363636363638,27.768878787878787,83,1.5542168674698795,33.731240676993686,15,4.533333333333333,24.090296825396827,18,4.333333333333333,28.07462962962963,11,3.909090909090909,34.21845238095238,5,6.6,24.264057142857144,9,5.444444444444445,28.251666666666665,3,6,34.12626984126984
51131,56,2.3035714285714284,25.353387896825396,52,2.480769230769231,27.52539194139194,85,1.5411764705882354,31.564139215686275,17,4.470588235294118,25.644395424836603,18,4.5,27.73446560846561,12,3.9166666666666665,31.632236111111112,7,6.285714285714286,25.833650793650794,8,5.875,27.965880952380953,4,5.25,31.579833333333333
51133,54,2.4074074074074074,24.47424279835391,51,2.549019607843137,27.78225536881419,81,1.5925925925925926,33.249557613168726,18,4.611111111111111,24.732172839506173,20,4.25,28.01700119047619,12,3.25,33.60659722222222,9,6,24.78212345679012,9,5.555555555555555,28.279910052910054,0,NA,NA
51135,63,2.0476190476190474,23.17554761904762,59,2.1864406779661016,27.19858434221146,87,1.5057471264367817,33.51369458128079,15,4.6,23.328966666666666,17,4.294117647058823,27.471851540616246,10,3.6,33.57514285714286,6,6.333333333333333,23.407,6,5.666666666666667,27.57635714285714,2,6,33.35071428571429
51137,70,1.8428571428571427,22.589828911564627,57,2.263157894736842,26.973827485380117,78,1.6538461538461537,33.18310897435897,13,4.615384615384615,22.90946336996337,18,4.277777777777778,27.259064814814813,12,3.5833333333333335,33.608125,5,6.2,22.91727142857143,7,5.428571428571429,27.357238095238095,1,6,34.24166666666667
51139,72,1.8055555555555556,20.446828373015872,54,2.388888888888889,25.27282848324515,83,1.5783132530120483,31.532548192771085,12,4.25,20.839303571428573,22,3.909090909090909,25.488988095238096,12,3.75,31.923458333333333,4,6,21.03145238095238,4,6,25.803809523809523,2,6.5,32.258250000000004
51141,59,2.2033898305084745,21.2377763653484,57,2.3157894736842106,25.639654970760233,81,1.5925925925925926,31.93528982951205,16,4.6875,21.457737847222223,21,4.142857142857143,25.843587301587302,11,4.090909090909091,32.114861471861474,7,6.714285714285714,21.47006746031746,9,5.333333333333333,25.93874074074074,4,5.5,32.30378571428571
51143,73,2.2054794520547945,22.592293542074366,70,2.3,26.655035714285713,105,1.5523809523809524,32.76435238095238,21,4.428571428571429,22.791068027210883,20,4.8,26.901375,11,4.181818181818182,32.96518181818182,7,6.428571428571429,22.935823129251702,11,6.090909090909091,26.948636363636364,4,6.25,32.95925
51145,67,1.9402985074626866,23.21383830845771,64,2.015625,27.312276041666667,88,1.4886363636363635,33.649763257575756,13,4.846153846153846,23.411705128205128,17,4.117647058823529,27.697686274509802,8,3.75,33.96864583333333,7,5.857142857142857,23.453166666666668,6,5.5,27.774833333333333,2,5,33.879999999999995
51147,65,2,23.049757326007327,61,2.1311475409836067,27.1403856362217,83,1.5542168674698795,33.4978781793842,13,4.769230769230769,23.215325091575092,17,4.294117647058823,27.4263837535014,11,3.909090909090909,33.599444444444444,5,6.6,23.342011904761904,6,5.833333333333333,27.470031746031747,2,7,33.39277777777778
51149,60,2.183333333333333,23.681316666666667,61,2.1311475409836067,27.668666276346602,85,1.5294117647058822,33.76999215686275,17,4.529411764705882,23.910823529411765,16,4.4375,28.015227678571428,11,3.6363636363636362,34.17584848484849,7,6.285714285714286,24.06414285714286,8,5.5,28.15472619047619,3,5.333333333333333,33.91477777777778
51153,64,2.015625,23.18783444940476,53,2.452830188679245,27.29735579514825,73,1.7671232876712328,33.11894520547945,15,4.6,23.515760317460316,19,4.315789473684211,27.585255639097745,12,4.166666666666667,33.399,6,6,23.583150793650795,7,5.714285714285714,27.71974149659864,4,5.5,33.47825
51155,62,2.1129032258064515,19.84303494623656,59,2.1864406779661016,24.094658192090396,92,1.4130434782608696,30.337608695652175,16,4.375,20.061135416666666,16,4.5,24.46842708333333,10,3,30.708,7,6,20.119142857142855,7,5.571428571428571,24.531761904761904,0,NA,NA
51157,73,1.7671232876712328,21.54260273972603,58,2.2241379310344827,26.192057881773398,82,1.5731707317073171,32.448170731707314,12,4.666666666666667,21.93,21,3.9047619047619047,26.456874149659864,12,3.5833333333333335,32.79,4,6.25,22.136666666666667,5,5.6,26.623038095238094,3,5.333333333333333,33.08777777777778
51159,57,2.2982456140350878,24.176187134502925,54,2.388888888888889,27.910447530864197,84,1.5833333333333333,33.49685218253968,19,4.368421052631579,24.376719298245614,19,4.315789473684211,28.20706140350877,13,3.6923076923076925,33.76273717948718,8,5.875,24.554916666666667,9,5.666666666666667,28.422962962962963,2,6.5,33.807375
51161,79,2.037974683544304,20.74318113321278,66,2.4545454545454546,25.31637554112554,109,1.4954128440366972,31.745042813455658,19,4.2631578947368425,21.03796365914787,23,4.434782608695652,25.53351242236025,11,4,32.159060606060606,7,5.857142857142857,21.07530612244898,9,6.444444444444445,25.70249470899471,4,5.5,31.939083333333336
51163,72,1.8055555555555556,20.53923225308642,53,2.4339622641509435,25.25864150943396,77,1.6883116883116882,31.417974025974026,13,4.461538461538462,20.7842094017094,22,4.090909090909091,25.492409090909092,14,4,31.816357142857143,4,6.75,20.777638888888887,6,5.833333333333333,25.734944444444444,5,5.8,31.712466666666668
51165,66,1.9545454545454546,20.370066498316497,55,2.3454545454545452,25.150527272727274,75,1.72,31.485233333333333,13,4.538461538461538,20.58533760683761,21,4.0476190476190474,25.42447619047619,13,4,31.786346153846154,5,6.4,20.699044444444443,6,5.666666666666667,25.662333333333333,3,6,32.1
51167,56,2.357142857142857,19.71624815759637,52,2.519230769230769,24.254068376068375,87,1.4827586206896552,30.463649425287358,15,5.133333333333334,19.943326455026455,21,4.285714285714286,24.516978835978836,12,3.3333333333333335,30.568958333333335,7,7.285714285714286,19.962604308390024,8,5.75,24.648319444444446,1,5,31.040000000000003
51169,53,2.452830188679245,20.771905286013777,50,2.64,25.39745,87,1.5057471264367817,31.698580459770113,15,5,20.899065343915343,19,4.684210526315789,25.6325,9,3.7777777777777777,31.906833333333335,6,7.333333333333333,21.03280224867725,10,5.9,25.78,2,5,32.237
51171,73,1.7671232876712328,21.08903881278539,58,2.2241379310344827,25.69946551724138,83,1.5542168674698795,31.89386546184739,14,4.071428571428571,21.45784523809524,21,3.9523809523809526,26.017333333333333,12,3.3333333333333335,32.30798611111111,4,5.75,21.835583333333332,5,5.4,26.2978,1,5,32.66
51173,62,2.1129032258064515,19.259099255583127,56,2.357142857142857,23.4845625,89,1.449438202247191,29.646908239700373,13,4.923076923076923,19.456473372781065,21,4.0476190476190474,23.761214285714285,8,3.625,29.67685416666667,5,7.6,19.37283076923077,7,5.571428571428571,23.970904761904762,1,5,30.154
51175,58,2.2241379310344827,23.86101498357964,55,2.3454545454545452,27.73457186147186,88,1.4659090909090908,33.6415303030303,15,4.666666666666667,24.11859126984127,17,4.411764705882353,27.914497198879552,7,3.2857142857142856,34.087809523809526,6,6.333333333333333,24.049811507936507,8,5.625,28.074244047619047,1,5,33.738
51177,64,2.046875,23.229493303571427,60,2.15,27.35313888888889,85,1.5176470588235293,33.44717647058823,16,4.5,23.469848214285715,18,4.111111111111111,27.67962962962963,9,3.6666666666666665,33.970555555555556,6,6.333333333333333,23.580011904761903,8,5.25,27.903541666666666,0,NA,NA
51179,60,2.183333333333333,23.38329722222222,55,2.3636363636363638,27.398858874458874,82,1.5853658536585367,33.30123983739838,17,4.588235294117647,23.63751960784314,19,4.368421052631579,27.694328320802004,10,3.9,33.66166666666667,6,6.5,23.7595,9,5.555555555555555,27.822656084656085,3,5,33.84
51181,56,2.3035714285714284,24.103614795918368,54,2.388888888888889,27.838436948853616,83,1.5542168674698795,33.613592369477914,15,4.933333333333334,24.348161904761906,17,4.470588235294118,28.12327030812325,11,3.3636363636363638,33.998924242424245,9,6,24.32304761904762,8,5.625,28.124970238095237,1,5,33.784
51183,62,2.0806451612903225,23.679309715821812,57,2.263157894736842,27.681083542188805,83,1.6024096385542168,33.68974698795181,15,4.8,23.977813492063493,17,4.352941176470588,27.937456582633054,11,3.5454545454545454,34.09490909090909,7,6.285714285714286,23.872219387755102,8,5.5,28.09792857142857,3,5,33.87133333333333
51185,63,2.0476190476190474,19.07873500881834,56,2.3035714285714284,23.397910714285715,85,1.5176470588235293,29.606596078431373,14,4.642857142857143,19.31323611111111,20,4.2,23.6544,10,3.6,29.660566666666668,7,6,19.27813888888889,8,5.625,23.832145833333335,2,5,29.902
51187,74,1.7432432432432432,21.27128667953668,54,2.425925925925926,25.86408024691358,88,1.4772727272727273,32.102022727272725,11,4.454545454545454,21.736837662337663,22,4.045454545454546,26.064333333333334,11,3.3636363636363638,32.51618181818182,4,5.75,22.01484523809524,6,5.666666666666667,26.349777777777778,2,5,33.344
51191,58,2.2241379310344827,19.914498619196895,54,2.4074074074074074,24.305851851851852,86,1.5348837209302326,30.394846899224806,12,5.75,20.102993326118327,22,4.090909090909091,24.547090909090908,11,3.5454545454545454,30.49198484848485,7,7.714285714285714,20.13989332096475,8,5.625,24.666583333333335,1,5,30.786
51193,58,2.2241379310344827,24.159545566502462,53,2.452830188679245,27.867767295597485,80,1.6125,33.468994345238094,19,4.368421052631579,24.357823308270678,19,4.473684210526316,28.157982456140353,14,3.5714285714285716,33.698539115646255,9,5.666666666666667,24.506978835978835,9,5.666666666666667,28.27740740740741,2,6,33.97185714285715
51195,57,2.263157894736842,19.893686299081036,55,2.381818181818182,24.457796536796536,89,1.4606741573033708,30.778529962546816,15,4.8,20.10734126984127,19,4.2105263157894735,24.712568922305763,10,3.3,31.057416666666665,6,6.666666666666667,20.230436507936506,9,5.333333333333333,24.913201058201057,0,NA,NA
51197,64,2.046875,19.451908854166668,60,2.15,23.68603611111111,90,1.4333333333333333,30.072166666666668,17,4.352941176470588,19.69336274509804,18,4.111111111111111,24.067342592592592,8,3,30.35125,5,7.2,19.75026666666667,6,5.5,24.279666666666667,0,NA,NA
51199,54,2.425925925925926,24.541205761316874,56,2.357142857142857,27.807054421768708,88,1.4659090909090908,33.402560606060604,18,4.611111111111111,24.792228395061727,18,4.333333333333333,28.072780423280424,9,3.6666666666666665,33.611703703703704,8,6.375,24.86813888888889,8,5.75,28.20167261904762,2,5.5,33.48016666666666
51510,68,1.8970588235294117,23.315982843137256,53,2.452830188679245,27.39881356693621,77,1.6883116883116882,33.16715367965368,17,3.9411764705882355,23.590107843137254,20,4.25,27.640855952380953,13,3.8461538461538463,33.54083333333333,4,5.25,23.881916666666665,7,5.714285714285714,27.756850340136054,4,5,33.47
51520,59,2.2033898305084745,19.979452784503632,51,2.5294117647058822,24.46344117647059,86,1.5348837209302326,30.632067829457363,13,5.384615384615385,20.161362637362636,20,4.35,24.697275,12,3.4166666666666665,30.763569444444443,7,7.428571428571429,20.25776870748299,8,5.875,24.786833333333334,1,5,30.951999999999998
51530,70,1.8714285714285714,21.009124149659865,51,2.5294117647058822,25.72454248366013,77,1.6883116883116882,31.86786471861472,14,4.428571428571429,21.31454931972789,21,4.142857142857143,25.95531746031746,13,4.153846153846154,32.23389102564103,4,6.75,21.233839285714286,7,5.714285714285714,26.200238095238095,5,5.8,32.11428333333333
51540,64,2.015625,22.255537760416665,55,2.3454545454545452,26.817433333333334,75,1.7466666666666666,33.094255555555556,13,4.923076923076923,22.469570512820514,19,4.157894736842105,27.092043859649124,16,3.375,33.47026041666667,5,6.4,22.624883333333333,6,5.666666666666667,27.438,1,5,34.43
51550,56,2.3392857142857144,24.197147817460316,56,2.3035714285714284,27.77779081632653,91,1.4175824175824177,33.58284798534799,16,4.75,24.44626736111111,18,4.222222222222222,27.995626984126986,10,3.4,33.83591666666667,7,6.428571428571429,24.360039682539682,7,5.714285714285714,28.100421768707484,0,NA,NA
51570,59,2.1864406779661016,23.64825847457627,63,2.0634920634920637,27.62419312169312,85,1.5411764705882354,33.80088627450981,16,4.5625,23.822640625000002,16,4.375,27.999010416666668,10,3.7,34.10103333333333,7,6.285714285714286,23.982345238095238,7,5.571428571428571,28.136666666666667,3,5.333333333333333,33.86344444444445
51580,79,1.6455696202531647,19.72647257383966,58,2.2758620689655173,24.50296223316913,81,1.5925925925925926,30.931024691358026,11,4.090909090909091,20.02012121212121,18,4.388888888888889,24.84260052910053,11,4,31.28390909090909,6,5,20.116333333333333,7,5.857142857142857,24.928591836734693,4,5.25,31.423666666666666
51590,65,2,22.986487545787547,59,2.2033898305084745,26.991302259887007,92,1.4021739130434783,33.20176992753623,15,4.4,23.167112698412698,17,4.470588235294118,27.23687254901961,7,3.4285714285714284,33.38397619047619,6,6.166666666666667,23.237642857142855,8,5.625,27.232625,1,5,33.512
51595,58,2.2413793103448274,23.699723111658457,58,2.2241379310344827,27.671451149425287,90,1.4333333333333333,33.72258518518519,17,4.705882352941177,23.8672906162465,15,4.466666666666667,27.96027777777778,7,3.2857142857142856,34.113238095238096,7,6.428571428571429,23.967348639455782,7,5.714285714285714,28.074285714285715,1,5,33.826
51600,68,1.911764705882353,22.8687818627451,54,2.4074074074074074,26.958798059964728,76,1.6973684210526316,32.8576798245614,17,4.176470588235294,23.15630392156863,21,4.142857142857143,27.189528344671203,12,3.75,33.12072222222222,4,6,23.456791666666668,7,5.714285714285714,27.405727891156463,2,5,33.456
51610,68,1.8970588235294117,22.88565318627451,56,2.3035714285714284,26.953119472789115,79,1.6455696202531647,32.848270042194095,16,4.25,23.198401041666667,19,4.2105263157894735,27.192088972431076,12,3.6666666666666665,33.14944444444445,4,6,23.4456875,6,6,27.397031746031747,3,5,33.38333333333333
51620,60,2.1666666666666665,23.90938511904762,56,2.3035714285714284,27.739940051020408,90,1.4333333333333333,33.74867037037037,15,4.733333333333333,24.152873809523808,17,4.411764705882353,27.935096638655462,7,3.2857142857142856,34.153619047619046,7,6.285714285714286,24.02603911564626,8,5.625,28.09760119047619,1,5,33.662
51630,63,2.0476190476190474,23.411129440665157,57,2.263157894736842,27.55227777777778,82,1.5853658536585367,33.648662601626015,17,4.294117647058823,23.66212675070028,18,4.277777777777778,27.88665740740741,11,3.8181818181818183,34.07730303030303,6,6.166666666666667,23.796859126984128,9,5.222222222222222,28.040629629629628,3,5.666666666666667,34.153999999999996
51640,66,1.9848484848484849,19.29721395775941,56,2.3392857142857144,23.730497023809523,82,1.5731707317073171,30.178229674796746,15,4.6,19.604074747474748,21,4.0476190476190474,23.94561111111111,9,4.111111111111111,30.530537037037035,5,7.2,19.624890909090908,7,5.428571428571429,24.193857142857144,3,5.333333333333333,30.720222222222223
51650,54,2.388888888888889,24.432104423868314,59,2.2033898305084745,27.632534301856335,88,1.4659090909090908,33.270568181818184,17,4.588235294117647,24.68609640522876,17,4.470588235294118,27.906148459383754,10,3.5,33.32,8,6.125,24.73899652777778,8,5.875,27.983898809523808,1,6,33.54
51660,72,1.8055555555555556,20.586190586419754,53,2.452830188679245,25.44913971248877,79,1.6329113924050633,31.84544092827004,15,3.933333333333333,20.796381481481482,23,4,25.678234989648033,13,3.8461538461538463,32.15998717948718,3,6.666666666666667,20.939962962962962,7,5.428571428571429,25.91908163265306,3,5.333333333333333,32.57411111111111
51670,58,2.2241379310344827,23.744056650246304,61,2.1147540983606556,27.724898907103825,84,1.5476190476190477,33.88627040816326,15,4.733333333333333,23.958685714285714,16,4.375,28.099302083333335,11,3.727272727272727,34.24288311688312,7,6.285714285714286,24.100159863945578,7,5.571428571428571,28.23519047619048,3,5.666666666666667,33.9572380952381
51678,74,1.7567567567567568,20.803730694980693,54,2.388888888888889,25.60511111111111,77,1.6753246753246753,31.788770562770562,13,4.230769230769231,20.994697802197802,21,4.238095238095238,25.863857142857142,13,3.8461538461538463,32.248871794871796,3,6.666666666666667,21.133968253968256,7,5.714285714285714,26.037523809523808,5,5.2,32.27173333333333
51680,75,2.16,21.905935396825395,69,2.347826086956522,26.34643271221532,100,1.61,32.618917857142854,20,4.5,22.15725773809524,22,4.363636363636363,26.664266233766234,13,4.153846153846154,32.98629120879121,8,6.25,22.19429017857143,9,5.888888888888889,26.80968783068783,1,14,32.98428571428571
51683,71,1.8450704225352113,22.937336854460092,54,2.425925925925926,27.194449735449737,74,1.7567567567567568,33.18397072072072,15,4.266666666666667,23.301727777777778,20,4.35,27.452014285714284,15,3.6,33.45925555555556,4,6,23.5766875,8,5.75,27.58211904761905,3,5,33.556
51685,70,1.8857142857142857,22.882370238095238,51,2.549019607843137,27.10762605042017,75,1.72,33.03398444444444,16,4.3125,23.200057291666667,21,4.285714285714286,27.32590136054422,15,3.6666666666666665,33.26425555555556,5,5.8,23.41735,8,5.75,27.474136904761906,2,5,33.679
51690,72,2.25,21.933645337301588,68,2.3676470588235294,26.236627450980393,105,1.542857142857143,32.60381201814059,20,4.8,22.122873214285715,21,4.619047619047619,26.475031746031746,12,4.083333333333333,32.90293849206349,9,6.777777777777778,22.193607142857143,12,5.75,26.54352777777778,5,5.4,33.06988571428571
51700,56,2.3214285714285716,24.52513988095238,55,2.4,27.840845021645023,91,1.4175824175824177,33.525128205128205,17,4.647058823529412,24.793107843137253,18,4.333333333333333,28.10035978835979,8,3.5,33.69208333333333,8,6.25,24.8455625,8,5.75,28.21747619047619,1,6,33.83333333333333
51710,56,2.3035714285714284,24.281260912698414,58,2.2241379310344827,27.71548973727422,89,1.449438202247191,33.445529962546814,15,4.733333333333333,24.56270740740741,17,4.411764705882353,27.95931792717087,9,3.4444444444444446,33.66801851851852,7,6.285714285714286,24.505920634920635,8,5.75,28.040946428571427,1,5,33.878
51720,57,2.280701754385965,19.699588554720133,56,2.3214285714285716,24.297356717687077,90,1.4333333333333333,30.7375,17,4.529411764705882,19.855385154061626,18,4.277777777777778,24.59483201058201,10,3.3,31.061,6,6.666666666666667,20.03484126984127,8,5.375,24.847434523809525,0,NA,NA
51730,63,2.0476190476190474,23.58155007558579,62,2.096774193548387,27.59199231950845,83,1.5542168674698795,33.759060240963855,15,4.666666666666667,23.783510317460316,16,4.5,27.92428273809524,12,3.5833333333333335,34.090583333333335,7,6.142857142857143,23.957164965986394,8,5.625,28.063357142857143,3,5.333333333333333,33.81122222222222
51735,52,2.480769230769231,24.525432692307692,57,2.263157894736842,27.744082289055974,84,1.5357142857142858,33.463053571428574,17,4.764705882352941,24.770735294117646,17,4.411764705882353,28.013687675070027,11,3.5454545454545454,33.433772727272725,8,6.375,24.82375,8,5.75,28.10877380952381,2,5.5,33.376999999999995
51740,57,2.280701754385965,24.094049707602338,57,2.2982456140350878,27.727161654135337,93,1.3978494623655915,33.68485663082437,13,5,24.42429487179487,18,4.277777777777778,27.961845238095236,8,3.25,33.99333333333333,7,6.285714285714286,24.281309523809522,7,5.857142857142857,28.063673469387755,0,NA,NA
51750,62,2.0806451612903225,20.191158602150537,60,2.1666666666666665,24.438716666666668,91,1.4285714285714286,30.676492673992673,16,4.3125,20.413239583333333,16,4.5,24.81175,9,3.111111111111111,31.185648148148147,6,6.166666666666667,20.480444444444444,7,5.571428571428571,24.86709523809524,0,NA,NA
51760,67,1.955223880597015,23.328146766169155,61,2.1147540983606556,27.555658469945357,85,1.5176470588235293,33.96534901960784,14,4.428571428571429,23.53577380952381,16,4.3125,27.951572916666667,8,4,34.22933333333333,4,6.75,23.7725,7,5.428571428571429,28.057761904761904,3,5.666666666666667,34.236
51770,81,2,20.810565157750343,66,2.4393939393939394,25.508443001443002,105,1.5523809523809524,32.00236825396826,18,4.277777777777778,21.145876543209877,25,4.24,25.700889523809522,13,3.8461538461538463,32.38835897435897,6,6.166666666666667,21.215407407407408,10,5.8,25.862723809523807,4,5.5,32.208416666666665
51775,84,1.9166666666666667,20.546896825396825,69,2.347826086956522,25.16087922705314,109,1.4862385321100917,31.662186544342507,20,3.9,20.864216666666668,24,4.166666666666667,25.37148611111111,11,3.909090909090909,32.107121212121214,6,5.5,21.03461111111111,9,5.888888888888889,25.591185185185186,4,5.25,31.905416666666667
51790,77,1.6753246753246753,20.548921356421356,50,2.6,25.29583,70,1.8428571428571427,31.58329120879121,11,4.2727272727272725,20.87290404040404,22,4.181818181818182,25.493704545454545,14,4.142857142857143,31.867884615384614,4,6.25,20.821527777777778,7,5.571428571428571,25.682952380952383,2,9,31.932692307692307
51800,59,2.1864406779661016,24.020634382566588,54,2.388888888888889,27.744507936507937,92,1.4021739130434783,33.55813043478261,13,5.076923076923077,24.319802197802197,19,4.2105263157894735,27.910706766917293,7,3.2857142857142856,33.93828571428571,8,6,24.128116071428572,7,5.714285714285714,28.03191836734694,1,5,33.327999999999996
51810,54,2.388888888888889,24.545892489711935,57,2.263157894736842,27.81635087719298,91,1.4175824175824177,33.26656593406594,16,4.75,24.781762152777777,18,4.166666666666667,28.043166666666668,10,3.2,33.46575,8,6.125,24.804982638888887,8,5.375,28.196916666666667,0,NA,NA
51820,66,1.9696969696969697,20.65645202020202,53,2.452830188679245,25.38840251572327,72,1.8055555555555556,31.752948302469136,14,4.285714285714286,20.82720238095238,22,4.045454545454546,25.603878787878788,17,3.5294117647058822,32.01601633986928,5,6,20.853,6,5.666666666666667,25.85172222222222,2,7,32.108222222222224
51830,57,2.263157894736842,24.457238930659983,55,2.381818181818182,27.931086147186146,86,1.5116279069767442,33.507302048726466,17,4.470588235294118,24.688977591036416,17,4.647058823529412,28.189396358543416,10,3.8,33.87079761904762,8,5.875,24.78157738095238,9,5.666666666666667,28.250248677248678,2,6.5,33.661071428571425
51840,71,1.8309859154929577,21.643952045606976,57,2.263157894736842,26.04725730994152,87,1.4942528735632183,32.21683524904215,12,4.75,22.082966269841272,21,3.9047619047619047,26.264460317460316,11,3.5454545454545454,32.71087878787879,5,6.2,22.257785714285713,6,5.5,26.59922222222222,2,5,33.274
53001,86,1.872093023255814,17.031484634551497,58,2.793103448275862,22.72718076081007,93,1.7311827956989247,29.524014336917563,17,4.588235294117647,17.405745798319327,26,4.576923076923077,22.96524938949939,18,3.7222222222222223,29.884074074074075,6,6.666666666666667,17.473363095238096,12,5.916666666666667,22.941512566137565,5,5.2,29.581333333333333
53003,83,1.9397590361445782,17.565871485943774,68,2.3823529411764706,23.27239133986928,117,1.376068376068376,29.75622792022792,19,3.8947368421052633,17.86222807017544,24,4.125,23.588025462962964,11,3.4545454545454546,30.258060606060607,4,5.25,17.81475,8,5.875,23.660430555555557,2,5,30.346
53005,76,2.1184210526315788,18.091911549707604,65,2.476923076923077,23.896937606837607,106,1.5188679245283019,30.90014779874214,26,3.8076923076923075,18.366549145299146,25,4.28,24.17443777777778,13,3.6153846153846154,31.151205128205127,6,5.666666666666667,18.467407407407407,10,5.8,24.28451111111111,2,5,31.616999999999997
53007,75,2.1466666666666665,15.209806031746032,60,2.7,21.54530082972583,82,1.975609756097561,28.65721002710027,21,4.333333333333333,15.60121201814059,22,4.863636363636363,21.931956808343173,22,3.727272727272727,29.0005101010101,7,6,15.698755102040817,9,6.777777777777778,21.93061664261664,2,7,28.678111111111114
53009,67,1.955223880597015,14.63086815920398,65,1.9846153846153847,19.16989487179487,87,1.4942528735632183,25.683749042145593,16,4.1875,15.067072916666666,14,3.857142857142857,19.558797619047617,8,3.75,26.458895833333333,4,6.5,15.171833333333332,4,5.25,19.8935,2,5,26.816
53011,72,1.8055555555555556,16.04360229276896,62,2.1129032258064515,22.36530017921147,81,1.6049382716049383,29.651327160493828,14,4.071428571428571,16.622097505668933,17,4.0588235294117645,22.799624183006536,11,3.8181818181818183,30.28840909090909,3,7.333333333333333,16.733121693121692,3,7,22.613703703703703,1,6,30.96
53013,93,1.7311827956989247,15.608275985663083,68,2.3970588235294117,21.447889705882353,98,1.6428571428571428,27.76913095238095,21,3.6666666666666665,15.932365079365079,27,3.925925925925926,21.738944444444446,16,3.375,28.258739583333334,4,5,16.124499999999998,5,6.8,22.073966666666667,1,5,28.824
53015,83,1.5542168674698795,14.94779718875502,64,2.015625,21.329763020833333,85,1.5176470588235293,28.890911764705884,11,3.6363636363636362,15.632469696969697,16,3.6875,21.673114583333334,9,3.6666666666666665,29.2025,2,5.5,15.080666666666666,2,5.5,22.03033333333333,1,6,29.991666666666667
53017,72,2.25,15.627866732804232,60,2.7,21.763087367724868,88,1.8409090909090908,28.741774621212123,21,4.380952380952381,15.98244784580499,23,4.695652173913044,22.11544530710835,18,3.888888888888889,29.170620370370372,6,6.333333333333333,15.957595238095239,9,6.555555555555555,22.106786155202823,3,5.666666666666667,28.800666666666668
53019,79,2.037974683544304,14.58082459312839,62,2.6129032258064515,20.94326574500768,74,2.2027027027027026,27.415968322218323,19,4.105263157894737,14.91606015037594,24,4.5,21.241353174603173,19,4.578947368421052,27.682455570745045,4,6.5,14.940660714285714,10,6.1,21.591414285714286,8,6.125,27.71239448051948
53021,74,2.175675675675676,18.446000160875162,65,2.4923076923076923,24.080567765567764,104,1.5480769230769231,31.02788782051282,26,3.8846153846153846,18.66707738095238,25,4.28,24.34707619047619,13,3.6153846153846154,31.315025641025642,6,5.833333333333333,18.806363095238098,9,5.888888888888889,24.42058201058201,2,5.5,31.59433333333333
53023,83,1.9397590361445782,15.499724899598395,71,2.2816901408450705,21.4667676056338,102,1.5784313725490196,28.027761437908495,25,3.72,15.857486666666667,27,3.814814814814815,21.781314814814813,20,3.4,28.302833333333332,5,5.4,15.6236,5,6.2,22.100933333333334,1,6,28.30666666666667
53025,75,2.1466666666666665,17.385436666666667,58,2.7758620689655173,22.879105363984674,87,1.8505747126436782,29.46664696223317,22,4,17.655125,25,4.44,23.165324444444444,17,4.352941176470588,29.825193277310923,6,5.5,17.774625,9,6.111111111111111,23.258123456790123,7,5.428571428571429,29.778326530612244
53027,86,1.5232558139534884,14.427478682170543,69,1.8695652173913044,20.179840579710145,84,1.5357142857142858,27.736805555555556,9,3.4444444444444446,14.936462962962963,13,3.4615384615384617,20.78876923076923,8,3.25,28.420208333333335,1,5,15.213999999999999,2,5,19.797,0,NA,NA
53029,64,2.515625,15.274279288419914,62,2.596774193548387,19.653831343387797,99,1.6363636363636365,24.719109668109667,20,4.95,15.586943722943722,17,5.176470588235294,19.911914311179018,15,3.6666666666666665,25.05012380952381,7,7.857142857142857,15.803886827458255,7,7.714285714285714,20.15143475572047,2,6,25.328428571428574
53031,72,2.25,15.73142438271605,68,2.3676470588235294,20.053541666666668,105,1.542857142857143,25.78649567099567,19,5,16.072766081871343,19,4.684210526315789,20.338991228070174,11,3.909090909090909,25.948822314049586,8,7.625,16.307402777777778,8,6.75,20.5303125,1,11,26.334545454545456
53033,70,2.3142857142857145,15.661590476190476,68,2.3676470588235294,21.481311216153127,91,1.7692307692307692,27.79445892203035,15,5.8,16.092755555555556,16,5.375,21.916822668650795,15,4.266666666666667,28.130050793650792,8,7.75,16.2288125,9,7.222222222222222,22.103610670194005,5,6.2,28.302152380952382
53035,73,2.2054794520547945,16.693169547727766,80,2.0375,22.08640892857143,108,1.4907407407407407,28.592425411522633,17,5,17.179492763772174,18,4.444444444444445,22.454873015873016,9,4.555555555555555,28.73354938271605,8,6.875,17.307880456349206,5,7,22.914209523809525,2,9,29.208888888888886
53037,85,1.8941176470588235,15.664568627450981,66,2.4393939393939394,21.477375038261403,91,1.7692307692307692,28.62003008895866,19,4.2105263157894735,16.154122807017544,20,5,21.999837626262625,16,3.875,28.98298363095238,5,6.6,16.265,8,7.125,21.968031565656567,2,7,28.539285714285715
53039,70,2.3,15.168614965986395,64,2.515625,21.321618619227994,101,1.5940594059405941,28.384149222065062,22,4.454545454545454,15.51104761904762,22,4.681818181818182,21.72243598320871,14,4,28.771005102040817,6,7.5,15.723007936507937,9,6.666666666666667,21.919565736732405,4,5.75,28.66247619047619
53041,80,1.625,14.489883333333333,67,1.9253731343283582,21.01,79,1.6455696202531647,28.2329481615431,11,3.5454545454545454,15.321424242424243,14,3.857142857142857,21.4225,9,4.111111111111111,28.471433862433862,2,5,14.712,2,5.5,22.001666666666665,2,6,28.477285714285713
53043,75,2.16,15.94005,64,2.515625,21.376082651289682,88,1.8522727272727273,27.704801136363635,20,4.45,16.1931875,24,4.416666666666667,21.78601207010582,18,4.166666666666667,28.191805555555554,7,5.857142857142857,16.34767857142857,10,6,21.810178968253968,6,5.166666666666667,28.218888888888888
53045,70,1.8428571428571427,16.054680952380952,68,1.8970588235294117,22.25471323529412,83,1.5662650602409638,29.376495983935744,16,3.6875,16.626104166666668,14,3.857142857142857,22.77825,12,3.75,29.563680555555557,2,5,16.628,4,5,23.137,3,5,30.169999999999998
53047,85,1.8941176470588235,14.642202661064426,60,2.7,21.191882076719576,77,2.090909090909091,28.134292826221397,14,4.642857142857143,15.106230442176871,24,4.541666666666667,21.514913525132275,22,3.9545454545454546,28.41502489177489,6,6.166666666666667,15.18439880952381,10,6.2,21.60820912698413,5,5.8,28.667942857142858
53049,83,1.5542168674698795,14.359182730923695,74,1.7567567567567568,19.339786036036035,89,1.449438202247191,26.52752808988764,8,3.5,14.480270833333332,11,3.1818181818181817,19.951742424242425,7,3.142857142857143,27.072142857142858,1,5,15.028,0,NA,NA,0,NA,NA
53051,80,2.0125,15.298246428571428,58,2.7758620689655173,21.56039367816092,83,1.9518072289156627,28.22076706827309,21,4.095238095238095,15.479748299319727,27,4.333333333333333,21.802512345679013,18,4.388888888888889,28.59687037037037,8,5.5,15.559130952380952,13,5.538461538461538,21.924897435897435,9,5.444444444444445,28.38475925925926
53053,57,1.7017543859649122,15.692295321637427,52,1.8846153846153846,21.813739316239317,60,1.6166666666666667,28.07759537037037,9,4.333333333333333,16.443425925925926,8,4.75,22.449305555555554,7,4.428571428571429,28.475103174603174,4,5.5,16.344583333333333,4,6,22.38111111111111,2,7,28.66411111111111
53055,81,2.049382716049383,14.810917134306024,76,2.1578947368421053,18.108934210526314,89,1.8089887640449438,21.992728464419475,19,4.631578947368421,15.1570677830941,25,4,18.46916,19,3.5789473684210527,22.34067543859649,6,7,15.091131313131314,7,5.714285714285714,18.58342857142857,3,5,22.177333333333333
53057,73,2.219178082191781,15.77705983742285,60,2.7,21.489776046176047,87,1.8505747126436782,26.993243295019155,17,5.235294117647059,16.37090400775695,18,5.333333333333333,21.874531265031266,17,4.235294117647059,27.55571568627451,7,8.285714285714286,16.382552590266876,7,8.142857142857142,21.805937538651825,4,7,27.461166666666667
53059,65,1.9846153846153847,14.940560805860805,63,2.0476190476190474,21.427794973544973,94,1.3829787234042554,28.782464539007094,10,5.4,15.758145238095238,12,4.833333333333333,21.958840277777778,8,3.75,29.203958333333333,5,7.6,15.515790476190476,6,6.166666666666667,21.92823611111111,2,6,29.1425
53061,67,2.4477611940298507,15.308323270013569,62,2.596774193548387,20.909353826281247,90,1.788888888888889,26.79599074074074,18,5.277777777777778,15.722369949494949,19,4.947368421052632,21.233944064707224,15,4.133333333333334,27.173944444444444,8,7.5,15.670124053030303,7,7.428571428571429,21.41391960420532,3,6.333333333333333,27.34888888888889
53063,78,2.0641025641025643,15.69359126984127,69,2.347826086956522,21.838602139406486,91,1.7692307692307692,28.91699542124542,20,4.2,16.020755952380952,23,4.434782608695652,22.19124120082816,17,4.0588235294117645,29.40244607843137,5,6,16.070857142857143,10,5.9,22.274938095238095,4,6,28.964145833333333
53065,72,2.236111111111111,15.565899305555556,59,2.7288135593220337,21.768525154694647,79,2.037974683544304,28.314166666666665,19,4.578947368421052,15.811039473684211,23,4.695652173913044,22.03447757073844,20,4.35,28.718708333333332,6,7.166666666666667,15.834125,11,6.2727272727272725,22.332392496392497,5,7,28.496000000000002
53067,78,1.6538461538461537,15.463194444444445,71,1.8169014084507042,21.7396103286385,85,1.5176470588235293,28.866718300653595,13,3.3846153846153846,16.13378205128205,14,3.9285714285714284,22.09552380952381,7,4.571428571428571,29.53086507936508,0,NA,NA,4,5.25,22.298083333333334,2,7,29.51511111111111
53069,88,1.4659090909090908,14.754244318181819,71,1.8169014084507042,20.330805164319248,85,1.5176470588235293,27.907676470588235,7,3.857142857142857,15.3305,13,3.3846153846153846,20.91747435897436,9,3.2222222222222223,28.299166666666668,1,5,16.046,1,5,21.258,0,NA,NA
53071,94,1.7127659574468086,16.69518439716312,69,2.3333333333333335,22.60311939268461,93,1.7311827956989247,29.124994623655915,21,3.619047619047619,16.941777777777776,24,4.208333333333333,22.92125992063492,17,3.764705882352941,29.57879411764706,3,5,17.461333333333332,5,7.2,23.270880952380953,3,6,29.50316666666667
53073,71,2.2816901408450705,15.636971607422312,63,2.5714285714285716,21.43092637256923,88,1.8295454545454546,26.90653977272727,16,5.625,16.15249900793651,19,5.105263157894737,21.85991376167692,15,4.066666666666666,27.3327,8,8,16.318748015873016,8,7.625,21.671982683982684,3,7,27.21211111111111
53075,87,1.8735632183908046,15.020501915708813,69,2.347826086956522,21.061769898780767,102,1.588235294117647,28.46909477124183,21,3.8095238095238093,15.445650793650794,26,3.9615384615384617,21.407773962148962,18,3.4444444444444446,28.830425925925926,3,5.666666666666667,15.674000000000001,5,7,21.688257936507934,3,5.333333333333333,28.78311111111111
53077,89,1.8314606741573034,16.239051498127342,67,2.417910447761194,22.51947927031509,97,1.690721649484536,29.77475773195876,20,3.9,16.630029166666667,25,4.24,22.750604444444445,18,3.4444444444444446,30.139805555555554,4,6,16.7480625,8,6.125,22.822930555555555,2,5,29.547
54001,65,2.0153846153846153,19.808938095238094,56,2.3214285714285716,24.068511904761905,81,1.5925925925925926,30.027991769547324,17,4.235294117647059,20.08946918767507,22,3.9545454545454546,24.36371212121212,11,4.181818181818182,30.60112121212121,7,5.428571428571429,20.18882993197279,6,5.333333333333333,24.623333333333335,4,5.5,30.875166666666665
54003,64,2.03125,22.01278087797619,55,2.381818181818182,26.28087142857143,80,1.6125,32.32964166666667,15,4.2,22.36286507936508,21,4.095238095238095,26.493710884353742,15,3.4,32.65442222222222,3,6.666666666666667,22.903214285714284,8,5.375,26.75567857142857,2,5,33.594
54005,63,2.0634920634920637,21.373606198034768,54,2.4074074074074074,25.786336419753088,78,1.6538461538461537,31.855096153846155,12,4.833333333333333,21.69518253968254,21,4.142857142857143,26.024865079365078,13,3.923076923076923,32.31096153846154,7,6,21.776979591836735,8,5.25,26.23225,4,5.25,32.31625
54007,69,1.8840579710144927,20.8188961352657,56,2.3035714285714284,25.289279761904762,75,1.7333333333333334,31.397666666666666,14,4.071428571428571,21.16777380952381,20,4.1,25.563233333333333,16,3.875,31.8265625,5,5.6,21.2826,6,5.5,25.796333333333333,5,5.2,32.082
54009,84,1.9285714285714286,21.15803202947846,75,2.16,25.196408253968254,106,1.5188679245283019,31.060822551662174,19,3.9473684210526314,21.524194235588972,19,4.421052631578948,25.585822055137843,9,4.666666666666667,31.59746560846561,5,5.8,21.81177142857143,8,5.75,25.820285714285713,5,6,31.850104761904763
54011,77,2.090909090909091,22.182645485466914,62,2.596774193548387,26.61206989247312,98,1.6428571428571428,32.58840937803693,23,4.217391304347826,22.502552277432713,27,4.2592592592592595,26.841604938271605,17,4.235294117647059,33.043183473389355,9,5.777777777777778,22.6301335978836,10,5.5,27.142,5,5.6,33.301990476190475
54013,80,2.0125,21.345313541666666,68,2.411764705882353,25.808795751633987,97,1.6597938144329898,31.944838733431517,23,4.130434782608695,21.57565579710145,21,4.619047619047619,26.180862433862433,15,4.066666666666666,32.45195714285714,7,5.571428571428571,21.831440476190476,9,6,26.421641975308642,5,5.8,32.66303809523809
54015,65,2,21.161750915750915,53,2.4339622641509435,25.645034591194968,77,1.7012987012987013,31.773848484848486,15,4,21.384587301587302,21,4.142857142857143,25.861992063492064,16,3.8125,32.235708333333335,5,5.6,21.59209523809524,6,5.5,26.086555555555556,5,5.2,32.4726
54017,74,2.175675675675676,21.14013063063063,68,2.3676470588235294,25.51859943977591,96,1.6979166666666667,31.488789930555555,23,4.260869565217392,21.401507246376813,21,4.428571428571429,25.927131519274376,17,3.8823529411764706,31.981107843137256,9,5.555555555555555,21.523296296296294,10,5.6,26.067642857142857,5,5.4,32.43793333333333
54019,69,1.8840579710144927,20.20645100069013,60,2.15,24.739830555555557,81,1.5925925925925926,30.792882128159906,12,4.25,20.563759920634922,17,4.176470588235294,25.104107843137253,12,4,31.26362103174603,4,6,20.583571428571428,6,5.166666666666667,25.075666666666667,4,5.75,31.10982142857143
54021,80,2.025,21.115930654761904,70,2.3142857142857145,25.61646904761905,98,1.6428571428571428,31.812852040816328,24,4,21.36685218253968,22,4.5,25.967401515151515,17,3.8823529411764706,32.21673529411765,7,5.571428571428571,21.628850340136054,10,5.7,26.23753333333333,5,5.6,32.6044
54023,72,1.7916666666666667,19.88067576058201,50,2.58,24.393289523809525,87,1.4827586206896552,30.593214559386972,14,4.071428571428571,20.00526105442177,20,4.4,24.65622380952381,10,3.8,31.07496666666667,4,6.25,20.246330357142856,9,5.666666666666667,24.743275132275134,2,5.5,31.498166666666666
54025,72,1.8194444444444444,19.20849955908289,53,2.4716981132075473,23.6817106918239,80,1.65,29.79030744047619,12,4.75,19.419330687830687,20,4.3,23.916533333333334,12,3.8333333333333335,30.055382936507936,6,6.333333333333333,19.53977248677249,7,5.714285714285714,24.075809523809525,2,6,30.257714285714286
54027,69,1.8695652173913044,20.83665131124914,56,2.3214285714285716,25.084248724489797,90,1.4333333333333333,31.173185185185186,12,4.5,21.07199503968254,19,4.2105263157894735,25.4391015037594,10,3.7,31.671666666666667,5,6,21.371121428571428,6,6,25.495349206349207,2,5,32.36
54029,83,1.9397590361445782,21.0412925989673,72,2.236111111111111,25.071382275132276,105,1.5333333333333334,30.87039342403628,18,4.222222222222222,21.400404761904763,21,4.285714285714286,25.384263038548752,10,4.2,31.497130952380953,6,6,21.51538095238095,8,5.875,25.642752976190476,3,6.333333333333333,31.91015873015873
54031,73,1.7671232876712328,20.164234670580562,55,2.3636363636363638,24.618141125541126,88,1.4659090909090908,30.784003787878788,13,4.230769230769231,20.379548534798534,21,4.095238095238095,24.9339410430839,9,3.888888888888889,31.34914814814815,4,6.25,20.635616071428572,7,5.571428571428571,25.006108843537415,2,5.5,31.607
54033,64,2.015625,20.89279129464286,51,2.5294117647058822,25.364977124183007,77,1.6753246753246753,31.408545454545454,20,3.85,21.159182142857144,20,4.15,25.618691666666667,12,4.166666666666667,31.851499999999998,4,5.75,21.459035714285715,7,5.714285714285714,25.882333333333335,5,5.4,32.032266666666665
54035,73,2.2054794520547945,21.97731572080887,60,2.716666666666667,26.308387962962964,96,1.6979166666666667,32.10460044642857,22,4.5,22.221093073593075,25,4.56,26.54693111111111,16,4.1875,32.654477678571425,8,6,22.441651785714285,11,5.7272727272727275,26.720373737373738,5,6,32.92182857142857
54037,64,2.015625,22.024856956845237,56,2.3035714285714284,26.325904761904763,80,1.6125,32.31442916666666,14,4.5,22.416846088435374,21,4,26.570031746031745,13,3.769230769230769,32.64879487179487,4,6.25,22.63979464285714,6,5.333333333333333,26.871222222222222,4,5.25,33.304
54039,71,2.267605633802817,21.66719299128102,66,2.4545454545454546,26.08860606060606,98,1.653061224489796,32.17946428571429,20,4.7,21.90103511904762,27,4.148148148148148,26.354370370370372,18,4,32.685138888888886,8,6.625,22.102275297619048,11,5.363636363636363,26.611636363636364,6,5.333333333333333,32.98027777777778
54041,67,1.9253731343283582,20.91627185501066,57,2.2982456140350878,25.295023391812865,79,1.6329113924050633,31.382586497890294,16,3.9375,21.239075892857144,21,4,25.605301587301586,12,4,31.774527777777777,4,5.5,21.43692857142857,5,5.6,25.948933333333333,4,5.5,32.22025
54043,72,2.236111111111111,21.762458664021164,66,2.4545454545454546,26.159679292929294,103,1.5922330097087378,32.18290129449838,22,4.363636363636363,22.043046536796535,27,4.185185185185185,26.394956790123455,17,3.9411764705882355,32.66169607843137,8,6.25,22.225357142857142,12,5.416666666666667,26.623583333333332,5,5.4,32.849266666666665
54045,63,2.0476190476190474,21.279621693121694,58,2.2586206896551726,25.732545977011494,78,1.6538461538461537,31.857935897435897,13,4.6923076923076925,21.585858974358974,19,4.368421052631579,26.00198245614035,12,3.9166666666666665,32.27616666666667,7,6,21.682190476190478,10,5.2,26.121766666666666,4,5.5,32.296
54047,60,2.1666666666666665,20.096575198412697,54,2.388888888888889,24.49300925925926,83,1.5542168674698795,30.62623092369478,16,4.625,20.227781994047618,18,4.388888888888889,24.76125,11,3.727272727272727,30.68019696969697,7,6.285714285714286,20.304930272108844,10,5.3,24.8495,3,5,30.806
54049,64,2.015625,20.84031398809524,51,2.5294117647058822,25.258764705882353,78,1.6666666666666667,31.246017094017095,17,4.235294117647059,21.144711484593838,19,4.315789473684211,25.533263157894737,12,4.166666666666667,31.68702777777778,6,5.666666666666667,21.22001587301587,8,5.625,25.660666666666668,4,5.75,31.989416666666664
54051,80,2.0125,21.193875595238094,69,2.391304347826087,25.28233850931677,93,1.7311827956989247,31.060163082437278,20,4.05,21.47150238095238,23,4.304347826086956,25.58179813664596,16,4.1875,31.377510416666667,5,5.6,21.863009523809524,9,5.666666666666667,25.77820634920635,6,5.666666666666667,31.677944444444446
54053,75,2.1733333333333333,22.180823333333333,56,2.892857142857143,26.530044642857142,92,1.75,32.235377329192545,23,4.217391304347826,22.46203260869565,26,4.5,26.742403846153845,16,4.375,32.86029464285714,7,5.857142857142857,22.675250000000002,10,5.8,26.96633333333333,6,5.833333333333333,32.973285714285716
54055,65,2,19.409938888888888,57,2.280701754385965,23.783461988304094,91,1.4395604395604396,29.980003663003664,14,4.642857142857143,19.613644841269842,19,4.2631578947368425,24.03959649122807,10,3.6,30.164033333333332,7,6.142857142857143,19.60490873015873,9,5.222222222222222,24.150814814814815,2,5,29.996000000000002
54057,65,2,20.648134065934066,56,2.3035714285714284,24.84554294217687,89,1.4606741573033708,30.901455056179774,15,4.2,20.815914285714285,18,4.388888888888889,25.22946693121693,12,3.75,31.215791666666668,5,5.8,21.146742857142858,7,5.714285714285714,25.33874829931973,2,5.5,31.905166666666666
54059,61,2.1147540983606556,21.36901951600312,56,2.3035714285714284,25.883785714285715,85,1.5411764705882354,32.06673137254902,16,4.4375,21.594386904761905,19,4.2631578947368425,26.12536842105263,14,3.5,32.28622619047619,7,6,21.71836054421769,8,5.375,26.314833333333333,3,5,32.495999999999995
54061,63,2.0634920634920637,20.59160430839002,52,2.5,24.867227564102564,74,1.7702702702702702,30.744331081081082,16,4.4375,20.929754464285715,21,4.190476190476191,25.127658730158732,13,4.153846153846154,31.199653846153847,6,5.833333333333333,21.001984126984127,9,5.333333333333333,25.250555555555557,5,5.4,31.238266666666664
54063,67,1.9701492537313432,19.538808457711443,55,2.3454545454545452,24.023175757575757,89,1.449438202247191,30.240142322097377,14,4.357142857142857,19.815011904761903,17,4.529411764705882,24.28292156862745,9,3.4444444444444446,30.498074074074076,6,5.833333333333333,19.95711111111111,7,5.571428571428571,24.40209523809524,1,5,30.736
54065,65,1.9846153846153847,21.433760622710622,55,2.3636363636363638,25.69582251082251,84,1.5595238095238095,31.75941468253968,16,4.125,21.671215029761903,19,4.2105263157894735,25.983170426065165,13,3.6923076923076925,32.054679487179484,5,6,22.14272142857143,7,5.714285714285714,26.188367346938776,2,5,33.144999999999996
54067,69,1.8840579710144927,19.744164251207728,57,2.263157894736842,24.149625730994153,79,1.6329113924050633,30.095274261603375,13,4.230769230769231,20.054025641025643,21,3.9047619047619047,24.380650793650794,11,4.090909090909091,30.636969696969697,4,6.25,20.107041666666667,4,5.5,24.694666666666667,3,6,30.699444444444445
54069,79,2.050632911392405,21.245245027124774,71,2.267605633802817,25.268397384305835,103,1.6116504854368932,30.993106796116503,22,4,21.485198051948053,22,4.2272727272727275,25.57869155844156,14,4.071428571428571,31.419642857142858,5,6,21.85270476190476,8,5.75,25.859214285714287,6,5.5,31.651944444444446
54071,73,1.7671232876712328,18.868753424657534,53,2.452830188679245,23.39603144654088,82,1.5853658536585367,29.64608943089431,12,4.333333333333333,19.177,22,4.090909090909091,23.67112121212121,12,3.9166666666666665,30.02536111111111,6,5.333333333333333,19.284555555555556,8,5.625,23.830791666666666,4,5.25,29.819833333333335
54073,72,2.236111111111111,21.51337400793651,63,2.5873015873015874,25.865275132275134,91,1.7802197802197801,31.678905808477236,23,4.3478260869565215,21.72599689440994,23,4.478260869565218,26.18531884057971,18,4.222222222222222,32.01613492063492,9,5.555555555555555,21.950788359788362,10,5.8,26.374066666666668,6,5.833333333333333,32.380626984126984
54075,71,1.8169014084507042,18.249088698859826,56,2.3035714285714284,22.68204761904762,79,1.6582278481012658,28.776538878842675,12,4.583333333333333,18.445858134920634,19,4.2631578947368425,22.973666666666666,13,4.153846153846154,29.180120879120878,4,7.25,18.633407738095237,7,5.428571428571429,23.15042857142857,4,5.5,29.409142857142857
54077,62,2.0806451612903225,19.72837173579109,55,2.3454545454545452,23.803263636363635,77,1.7012987012987013,29.50882683982684,17,4.235294117647059,19.982591036414565,21,4.0476190476190474,24.11545238095238,14,4.071428571428571,29.955333333333332,7,5.571428571428571,20.087244897959184,8,5.25,24.204208333333334,4,5.75,30.33325
54079,73,2.2054794520547945,22.00664465101109,62,2.596774193548387,26.365266129032257,97,1.6597938144329898,32.31603460972018,20,4.75,22.235752976190476,27,4.2592592592592595,26.59338888888889,17,4.176470588235294,32.82943277310925,8,6.5,22.46281994047619,10,5.5,26.8734,6,5.5,33.11297619047619
54081,68,1.8970588235294117,19.511966386554622,58,2.2241379310344827,24.04914367816092,84,1.5476190476190477,30.237918650793652,12,4.333333333333333,19.77947619047619,18,4.166666666666667,24.349462962962964,12,3.5833333333333335,30.516680555555556,5,5.8,19.852742857142857,7,5.142857142857143,24.41647619047619,1,5,30.456
54083,69,1.8695652173913044,18.854074879227053,57,2.263157894736842,23.042662489557227,86,1.5116279069767442,29.05848006644518,15,4.066666666666666,19.14441111111111,22,3.8636363636363638,23.339852813852815,10,4,29.470928571428573,6,5.333333333333333,19.153944444444445,5,5.6,23.592019047619047,2,6.5,29.978809523809524
54085,76,2.1315789473684212,21.398570488721806,68,2.411764705882353,25.76940581232493,95,1.694736842105263,31.74309649122807,21,4.476190476190476,21.66649319727891,22,4.454545454545454,26.152027056277056,17,4.0588235294117645,32.01112745098039,10,5.5,21.720885714285714,10,5.7,26.337709523809522,6,5.5,32.483333333333334
54087,72,2.236111111111111,21.54067013888889,65,2.476923076923077,25.953703418803418,92,1.7826086956521738,31.99820056935818,22,4.590909090909091,21.762420454545456,22,4.590909090909091,26.298214646464647,18,4,32.45774735449736,7,6.714285714285714,21.998440476190474,10,5.8,26.490155555555557,5,5.8,32.78472380952381
54089,67,1.9253731343283582,19.598663823738452,55,2.3454545454545452,24.053557575757576,89,1.449438202247191,30.233923220973782,13,4.3076923076923075,19.846959706959705,19,4.2105263157894735,24.312929824561405,10,3.4,30.478416666666668,6,5.666666666666667,19.886468253968253,6,5.5,24.478444444444445,0,NA,NA
54091,64,2.015625,20.46650892857143,52,2.480769230769231,24.8151891025641,78,1.6666666666666667,30.737950854700856,18,4.055555555555555,20.753698412698412,22,4.045454545454546,25.072492424242423,14,3.9285714285714284,31.162511904761907,5,5.8,20.909980952380952,7,5.571428571428571,25.335571428571427,3,5.666666666666667,31.607
54093,67,1.9253731343283582,18.77071144278607,53,2.4339622641509435,22.9016320754717,84,1.5357142857142858,28.87033276643991,17,3.823529411764706,18.990450980392158,22,4,23.162795454545453,12,4.083333333333333,29.349829365079366,5,5.2,19.04586666666667,7,5.428571428571429,23.353190476190477,4,5.75,29.665738095238094
54095,77,2.090909090909091,21.405894867037723,64,2.515625,25.72249813988095,86,1.872093023255814,31.4844792358804,22,4.2272727272727275,21.673132034632033,23,4.3478260869565215,26.038690476190474,19,4.105263157894737,31.747116541353385,7,5.714285714285714,21.91865306122449,10,5.7,26.20290476190476,6,5.833333333333333,32.13350793650794
54097,65,2,20.108620146520146,54,2.388888888888889,24.399935185185186,81,1.6049382716049383,30.500635802469137,16,4.25,20.398769345238094,20,4.15,24.692575,12,3.8333333333333335,30.846791666666668,7,5.428571428571429,20.43087755102041,7,5.428571428571429,24.910095238095238,4,5.25,31.315583333333333
54099,74,2.175675675675676,22.098646718146718,67,2.417910447761194,26.50063184079602,93,1.7311827956989247,32.56020276497696,24,4.291666666666667,22.341035714285713,25,4.28,26.791693333333335,18,4.277777777777778,32.87910317460317,9,6.222222222222222,22.512206349206348,10,5.5,27.032733333333333,6,5.5,33.211753968253966
54101,68,1.8970588235294117,19.363501225490197,56,2.3035714285714284,23.677124149659864,80,1.625,29.571979166666665,13,4.384615384615385,19.65023717948718,21,4,23.895426303854876,11,4.090909090909091,30.276212121212122,5,6,19.701283333333333,5,5.8,24.156790476190476,4,5.5,30.37125
54103,74,2.189189189189189,21.183925675675674,63,2.5714285714285716,25.442391912320485,86,1.872093023255814,31.22114147286822,23,4.217391304347826,21.420021739130434,25,4.32,25.73122761904762,19,4.157894736842105,31.51569298245614,8,5.5,21.624125,11,5.636363636363637,25.87695670995671,6,5.666666666666667,31.91538888888889
54105,75,2.1733333333333333,21.725996666666667,63,2.5555555555555554,26.07331216931217,99,1.6363636363636365,31.944849927849926,23,4.391304347826087,21.986510869565215,21,4.761904761904762,26.407555555555557,13,4.384615384615385,32.501549450549454,11,5.454545454545454,22.017780303030303,10,5.9,26.581033333333334,5,6,32.8293619047619
54107,70,2.3,21.916575340136056,60,2.683333333333333,26.22881626984127,94,1.7446808510638299,31.96010309017224,22,4.5,22.17387608225108,22,4.7272727272727275,26.53540800865801,17,4.176470588235294,32.44086414565827,9,5.777777777777778,22.346419312169314,9,6.222222222222222,26.76146031746032,5,6,32.95410476190476
54109,61,2.1147540983606556,20.308439890710382,54,2.388888888888889,24.726225308641975,86,1.5116279069767442,30.75921511627907,14,4.714285714285714,20.469988095238097,19,4.2631578947368425,24.975850877192983,12,3.75,31.056041666666665,7,6.142857142857143,20.575095238095237,9,5.222222222222222,25.103,4,5,31.0625
55001,89,1.8202247191011236,21.136724184055645,78,2.0641025641025643,24.9437673992674,99,1.6565656565656566,29.988092286501377,16,4.1875,21.733340773809523,17,5.117647058823529,25.478462184873948,13,4.461538461538462,30.638164335664335,5,5.6,21.87085714285714,8,7.25,25.548607142857144,3,8.333333333333334,30.699267676767676
55003,95,1.7052631578947368,20.090591228070174,76,2.1447368421052633,24.087406015037594,95,1.694736842105263,29.47245864661654,16,3.9375,20.786010416666667,21,4.380952380952381,24.60418367346939,16,3.9375,29.775223214285713,6,5,21.230333333333334,9,5.777777777777778,24.97642857142857,5,5.8,30.406380952380953
55005,97,1.6597938144329898,20.416582474226804,73,2.2054794520547945,24.44222602739726,99,1.6363636363636365,29.513118085618085,15,3.6666666666666665,21.110566666666667,19,4.684210526315789,24.885394736842105,14,4.142857142857143,30.008477891156463,4,5,21.511499999999998,10,6,25.135166666666667,4,6.25,30.299464285714286
55007,71,1.8169014084507042,20.363924882629107,65,1.9846153846153847,24.028374358974357,74,1.7432432432432432,29.16909555984556,15,3.8,20.82657777777778,16,4.1875,24.618708333333334,12,4,29.522339285714285,4,5,21.6555,8,5.125,24.768041666666665,4,5.75,29.92514285714286
55009,94,1.7127659574468086,21.01490552178318,78,2.0641025641025643,24.87036568986569,103,1.5631067961165048,30.151647249190937,15,4.066666666666666,21.694074603174602,21,4.142857142857143,25.39278684807256,13,4.230769230769231,30.61651282051282,3,5.666666666666667,21.673428571428573,8,5.75,25.832940476190476,6,5.166666666666667,30.841055555555556
55011,84,1.9285714285714286,21.264621598639454,76,2.1447368421052633,25.254209064327487,94,1.7340425531914894,30.45843287740628,19,4.2105263157894735,21.825432330827066,14,5.5,25.83820634920635,16,4.3125,30.919230654761904,8,5.375,21.945922619047618,9,6.555555555555555,26.033876543209878,4,7.5,30.861714285714285
55013,91,1.7692307692307692,20.71919413919414,76,2.1184210526315788,24.63680983709273,99,1.6363636363636365,29.822767556517558,15,4.2,21.177777777777777,20,4.25,25.20837738095238,15,4.333333333333333,30.11493253968254,7,5.142857142857143,21.501428571428573,8,5.875,25.645214285714285,4,7,30.429330357142856
55015,89,1.8314606741573034,21.271601658640986,73,2.2054794520547945,24.942415525114157,99,1.6363636363636365,29.70957239057239,18,4.166666666666667,21.914863756613755,20,4.35,25.515816666666666,17,3.764705882352941,30.19750980392157,5,5.6,22.258009523809523,9,5.666666666666667,25.762185185185185,4,5.25,30.328583333333334
55017,99,1.6363636363636365,20.67540740740741,76,2.1184210526315788,24.729969611528823,97,1.6597938144329898,29.87734965635739,15,3.6666666666666665,21.473022222222223,16,5.1875,25.278605654761904,14,4.214285714285714,30.437708333333333,4,5,21.543,10,6.4,25.408185714285715,4,6.5,30.628854166666667
55019,95,1.694736842105263,20.393929824561404,79,2.050632911392405,24.327136427566806,94,1.7234042553191489,29.490719562647755,15,3.8,21.101222222222223,15,5.266666666666667,25.011918518518517,11,5,30.147058080808083,3,5.333333333333333,21.094444444444445,10,6.4,25.023877777777777,5,6.8,30.051194444444445
55021,95,1.7157894736842105,21.260901754385966,78,2.0641025641025643,25.13069527694528,98,1.6428571428571428,30.306977891156464,14,4.071428571428571,21.87754761904762,17,5.0588235294117645,25.595543035395977,13,4.153846153846154,30.882217948717948,4,5.5,22.326,8,6.875,25.727091450216452,4,5.5,30.772416666666665
55023,87,1.8620689655172413,21.686522988505747,72,2.25,25.644161706349205,100,1.61,30.844852857142858,19,3.8947368421052633,22.048026315789475,18,4.944444444444445,25.958035714285714,12,4.583333333333333,31.074607142857143,5,5.6,22.34766666666667,7,7.285714285714286,26.120425170068028,4,7.5,31.07694642857143
55025,89,1.8202247191011236,21.39700909577314,81,1.9876543209876543,25.292881112714447,92,1.75,30.691885351966874,16,4.0625,21.847425595238096,16,4.9375,25.865523133116884,14,4.5,31.089889455782313,4,5.75,22.32720238095238,6,7.333333333333333,26.0491727994228,6,6,31.02654761904762
55027,99,1.6363636363636365,21.132232323232323,75,2.1466666666666665,25.00032297258297,97,1.6701030927835052,30.07506357388316,14,4.214285714285714,21.85007142857143,18,4.888888888888889,25.517179052429054,14,4.214285714285714,30.57115476190476,4,5.25,22.252333333333333,8,6.875,25.605632034632034,4,5.75,30.4405
55029,64,2.03125,21.67855654761905,54,2.388888888888889,24.557467372134038,77,1.6753246753246753,28.572545454545455,18,4.166666666666667,22.287923280423282,19,4.526315789473684,24.929117794486217,12,3.9166666666666665,28.878416666666666,6,5.833333333333333,22.543214285714285,9,5.777777777777778,25.24610052910053,3,5.333333333333333,29.247
55031,68,1.8970588235294117,20.714661764705884,62,2.0806451612903225,24.48480376344086,75,1.7333333333333334,29.671402222222223,13,4.615384615384615,21.183230769230768,16,4.25,24.869552083333332,10,4.3,29.873516666666667,6,5.666666666666667,21.562,8,5.25,25.11025,5,5.4,30.092533333333332
55033,97,1.6804123711340206,20.880549828178694,75,2.1466666666666665,24.97347587301587,98,1.663265306122449,30.24239674441205,14,3.857142857142857,21.766666666666666,17,4.705882352941177,25.543275910364144,15,4.2,30.64565873015873,4,5,21.695,9,6,25.797576719576718,5,6.2,30.769642857142856
55035,96,1.6770833333333333,20.938197916666667,76,2.1184210526315788,25.040587719298244,98,1.6428571428571428,30.291822278911564,15,3.8666666666666667,21.736133333333335,16,5.125,25.596541666666667,15,3.933333333333333,30.832572222222222,4,5,21.7605,10,6.4,25.709466666666668,4,6,31.070687500000002
55037,101,1.603960396039604,19.070875058934465,76,2.1184210526315788,23.455056913116124,100,1.61,29.098850555555554,15,3.933333333333333,19.715225396825396,19,4.526315789473684,23.736806599832917,15,4,29.315003703703702,4,5.75,20.06959523809524,8,6.375,24.31418650793651,4,6.25,30.30688888888889
55039,98,1.653061224489796,21.160603741496598,80,2.0625,24.86686919642857,97,1.6597938144329898,29.837482817869414,14,4.357142857142857,21.986369047619046,19,4.578947368421052,25.493133458646618,17,3.8823529411764706,30.274754901960783,5,5.4,22.201999999999998,9,6,25.585318783068782,3,6,30.371666666666666
55041,97,1.6597938144329898,19.065240058910163,77,2.090909090909091,23.195619047619047,100,1.61,28.508697777777776,14,4.142857142857143,19.793448979591837,21,4.380952380952381,23.507269841269842,11,4.909090909090909,28.96088888888889,5,5.6,19.76865714285714,8,6.25,24.032,7,5.857142857142857,29.262349206349207
55043,91,1.7912087912087913,21.67462271062271,70,2.3,25.679769217687074,102,1.5784313725490196,30.980218954248365,16,3.9375,22.101916666666668,18,5.166666666666667,26.081602513227512,13,4.3076923076923075,31.212102564102565,4,5.5,22.666833333333333,9,6.888888888888889,26.093112433862434,2,9,31.494500000000002
55045,91,1.7802197802197801,21.591040293040294,75,2.1466666666666665,25.524296031746033,96,1.6770833333333333,30.846919890873014,17,3.9411764705882355,22.09321568627451,18,4.944444444444445,26.00567791005291,13,4.538461538461538,31.326485347985347,3,5.333333333333333,22.60322222222222,7,7.142857142857143,26.10483843537415,4,7.75,31.17607738095238
55047,92,1.75,21.077725414078675,77,2.103896103896104,24.908902653623432,96,1.6770833333333333,30.118456597222224,15,4.466666666666667,21.67638253968254,18,4.888888888888889,25.505583573833572,15,4.266666666666667,30.593122222222224,6,5.833333333333333,21.751650793650793,8,7,25.577458874458873,5,6.2,30.4897
55049,90,1.8111111111111111,21.37775185185185,71,2.2816901408450705,25.359809523809524,100,1.63,30.668515,15,4.266666666666667,21.774844444444444,17,5.294117647058823,25.78832212885154,14,4.142857142857143,31.040464285714286,5,5.4,22.368866666666666,8,7.375,25.742059523809523,3,7,30.905777777777775
55051,94,1.7127659574468086,19.304371327254305,76,2.1315789473684212,23.377991228070176,99,1.6262626262626263,28.71795117845118,15,4.133333333333334,19.823726984126985,21,4.285714285714286,23.802015873015872,14,4.214285714285714,29.254440476190478,6,5.333333333333333,20.15209523809524,8,5.875,24.317166666666665,5,6,29.904933333333332
55053,88,1.8295454545454546,21.073696969696968,78,2.08974358974359,25.010747964997964,95,1.694736842105263,30.28276144907724,16,4.1875,21.717208333333332,17,5.117647058823529,25.594020074696544,14,4.428571428571429,30.622666975881263,5,5.6,21.656066666666668,9,6.777777777777778,25.71972310405644,4,7.5,30.853501082251082
55055,93,1.7419354838709677,21.44431899641577,80,2.0125,25.25158823051948,94,1.7127659574468086,30.398982522796352,16,4.125,22.054479166666667,17,4.882352941176471,25.89159167303285,15,4.2,30.901957142857142,4,5.5,22.5175,8,6.625,25.929528138528138,4,6,30.822964285714285
55057,87,1.8505747126436782,21.268662835249042,82,1.9634146341463414,25.071118950832364,98,1.663265306122449,30.173381261595548,16,4.0625,21.899916666666666,17,4.764705882352941,25.673044351073763,13,4.3076923076923075,30.729335664335665,5,5.4,22.009733333333333,7,6.857142857142857,25.600726757369614,3,7.666666666666667,30.818232323232323
55059,66,1.9848484848484849,22.798657647907646,60,2.1666666666666665,25.693806349206348,77,1.7012987012987013,30.029208874458874,18,4,23.24785582010582,14,5,26.292741496598637,12,4.5,30.400756944444446,5,5.8,23.618780952380952,8,6.25,26.473651785714285,4,6.75,30.6576875
55061,68,1.8970588235294117,21.314173669467788,55,2.3454545454545452,24.43483961038961,82,1.5853658536585367,28.83800406504065,15,4.2,21.959253968253968,17,4.647058823529412,24.875069327731094,13,3.8461538461538463,29.12625641025641,5,6,22.35142857142857,7,6.142857142857143,25.235406462585033,4,5.25,29.50658333333333
55063,84,1.9404761904761905,21.535874433106578,73,2.2054794520547945,25.527223853011524,97,1.6701030927835052,30.668846342660775,21,4.0476190476190474,21.97564058956916,15,5.6,25.99848941798942,15,4.333333333333333,31.089539682539684,5,6.2,22.104857142857142,9,6.888888888888889,26.147019400352733,4,7.25,30.994940476190475
55065,88,1.8295454545454546,21.659310606060608,72,2.25,25.604793981481482,100,1.62,30.883,18,4.111111111111111,21.991074074074074,18,5.222222222222222,26.011953703703703,13,4.3076923076923075,31.392692307692307,5,5.4,22.482866666666666,9,6.888888888888889,26.047333333333334,3,7.333333333333333,31.389444444444443
55067,98,1.6428571428571428,19.42415306122449,84,1.9285714285714286,23.458399943310656,97,1.6597938144329898,28.831371134020618,14,3.7142857142857144,20.238714285714284,15,5.066666666666666,24.032373015873016,13,4.615384615384615,29.187923076923077,2,5.5,20.372666666666667,9,6.333333333333333,24.214603174603173,7,5.857142857142857,29.489238095238097
55069,93,1.7419354838709677,19.621844086021504,75,2.1733333333333333,23.57797111111111,97,1.6701030927835052,28.795789764359352,14,4.071428571428571,20.368321428571427,17,5.117647058823529,24.039578431372547,12,4.916666666666667,29.126800595238095,4,5.25,20.223916666666668,9,6.666666666666667,24.334574074074073,7,6.142857142857143,29.446181972789116
55071,68,1.8970588235294117,21.599254901960784,59,2.1864406779661016,24.93363640032284,78,1.6538461538461537,29.501893162393163,15,4.066666666666666,22.293622222222222,15,4.733333333333333,25.524303174603176,13,3.923076923076923,29.99405128205128,5,5.2,22.582866666666668,8,5.625,25.73504761904762,4,5.25,30.17941666666667
55073,93,1.7419354838709677,20.041960573476704,80,2.025,23.98932748015873,96,1.6770833333333333,29.235078745039683,16,4,20.760145833333333,14,5.428571428571429,24.660799886621316,12,4.75,29.73187996031746,4,5.25,20.580583333333333,10,6.3,24.69853650793651,5,6.8,29.93467857142857
55075,77,1.6753246753246753,20.859971243042672,66,2,24.642873737373737,85,1.5294117647058822,29.489943790849672,11,4.2727272727272725,21.779344155844154,17,4.117647058823529,25.102333333333334,10,4.5,30.12502222222222,4,5.75,21.709654761904762,7,5.571428571428571,25.527809523809523,5,5.8,30.35271111111111
55077,92,1.75,21.164768115942028,77,2.116883116883117,25.03094387755102,95,1.694736842105263,30.264147527910687,15,4.133333333333334,21.869577777777778,18,4.833333333333333,25.552093253968255,13,4.6923076923076925,30.753770396270397,5,5.4,21.9694,8,6.875,25.709813988095238,4,7.75,30.617045454545455
55078,95,1.694736842105263,20.24517844611529,83,1.9518072289156627,24.325661646586344,100,1.61,29.615244444444443,14,4.285714285714286,21.05763945578231,18,4.333333333333333,24.808050925925926,12,4.75,30.078703703703702,4,5.75,21.20340476190476,7,6.142857142857143,25.38867857142857,5,6.6,30.209555555555557
55079,68,1.8970588235294117,22.262254901960784,61,2.1311475409836067,25.379753708040592,77,1.6753246753246753,29.920320707070708,16,4.0625,22.752395833333335,13,5.230769230769231,25.979613553113552,10,4.8,30.480969444444444,5,5.6,22.956666666666667,9,5.888888888888889,26.158145502645503,5,6.4,30.774272222222223
55081,86,1.8837209302325582,21.192777131782947,77,2.103896103896104,25.077726654298083,95,1.694736842105263,30.208439348370927,20,3.9,21.652441666666668,17,5,25.570879551820727,15,4.333333333333333,30.67578253968254,5,5.2,21.9736,9,6.555555555555555,25.67851322751323,4,7.25,30.666059523809523
55083,91,1.7692307692307692,20.74712480376766,84,1.9166666666666667,24.517881944444444,101,1.5940594059405941,29.58988228822882,17,4.0588235294117645,21.388138655462186,20,4.2,25.017104166666666,15,4.2,29.860874074074072,4,5.75,21.72438095238095,7,6.142857142857143,25.634107142857143,5,6,30.53162222222222
55085,93,1.7419354838709677,19.251767025089606,77,2.090909090909091,23.140540404040404,98,1.6428571428571428,28.27971865889213,14,4.357142857142857,19.886380952380954,19,4.684210526315789,23.616663742690058,11,4.909090909090909,28.78612987012987,6,6,19.977666666666664,8,6.625,24.01488888888889,5,6.8,29.189485714285713
55087,91,1.7912087912087913,21.055223704866563,74,2.189189189189189,24.852760676260676,101,1.603960396039604,29.849968646864685,17,4.176470588235294,21.703550420168067,20,4.55,25.396714502164503,14,4.214285714285714,30.39370238095238,5,5.6,22.04657142857143,9,6.222222222222222,25.68973593073593,5,5.6,30.381866666666667
55089,71,1.8169014084507042,21.95600469483568,63,2.0476190476190474,24.97617517006803,79,1.6329113924050633,29.46393600562588,15,4.133333333333334,22.520422222222223,13,5.076923076923077,25.61338736263736,11,4.2727272727272725,29.85690404040404,5,5.4,22.724933333333333,7,6.142857142857143,25.879505102040817,4,6,30.329611111111113
55091,85,1.8941176470588235,21.278094117647058,76,2.1184210526315788,25.28961842105263,95,1.7157894736842105,30.494161152882207,19,4.157894736842105,21.853578947368423,16,4.8125,25.949125,15,4.133333333333334,30.872020634920634,8,5.25,22.001416666666668,8,6.125,26.216791666666666,5,6.2,30.81622857142857
55093,90,1.8,21.22293148148148,71,2.267605633802817,25.22879309188464,95,1.694736842105263,30.4319664160401,18,4,21.821879629629628,18,4.611111111111111,25.774128306878307,13,4.538461538461538,30.72706227106227,7,5.142857142857143,22.361142857142855,9,6,26.065756613756612,6,5.833333333333333,30.826968253968253
55095,93,1.7419354838709677,20.78824039938556,75,2.1466666666666665,24.73676634920635,105,1.5523809523809524,29.8171410430839,13,4.384615384615385,21.61471978021978,19,4.473684210526316,25.26249874686717,11,4.7272727272727275,30.386800865800865,7,5.285714285714286,21.63269387755102,9,6,25.609534391534392,5,6.2,30.465295238095237
55097,96,1.6770833333333333,20.543538194444444,76,2.1184210526315788,24.479882205513785,97,1.6701030927835052,29.614051858794127,13,4.076923076923077,21.41651282051282,17,4.9411764705882355,24.958885154061626,14,4.5,30.14378787878788,3,5.333333333333333,21.314333333333334,9,6.444444444444445,25.206597883597883,4,7.5,30.43409090909091
55099,96,1.6770833333333333,19.39637896825397,76,2.1184210526315788,23.385688596491228,99,1.6262626262626263,28.6622873977874,12,4.25,20.258531746031746,19,4.631578947368421,23.86959649122807,12,4.833333333333333,29.117621031746033,6,5.333333333333333,19.98095238095238,8,6.5,24.1755,5,6.8,29.549457142857143
55101,64,2.03125,22.74488169642857,58,2.2241379310344827,25.660568965517243,73,1.7671232876712328,29.901408675799086,18,4.111111111111111,23.134579365079365,14,5.214285714285714,26.202357142857142,14,4.285714285714286,30.26234523809524,6,5.666666666666667,23.49429365079365,9,6.222222222222222,26.40662962962963,4,6.75,30.57425
55103,89,1.8089887640449438,21.405430711610485,78,2.076923076923077,25.40989356939357,96,1.6875,30.73889484126984,16,4.0625,21.997083333333332,16,4.8125,25.941356150793652,17,3.9411764705882355,30.92728851540616,5,5.4,22.332,7,6.571428571428571,26.111433106575962,3,7.333333333333333,30.97852380952381
55105,89,1.8202247191011236,21.521513108614233,75,2.1733333333333333,25.473054963924962,96,1.7083333333333333,30.76242224702381,15,4.133333333333334,22.165977777777776,18,4.888888888888889,26.012729016354015,13,4.538461538461538,31.327118131868133,3,5.666666666666667,22.068777777777775,8,6.75,26.027077786796536,6,6.166666666666667,31.389311507936508
55107,96,1.6770833333333333,20.167912450396827,71,2.295774647887324,24.22577196512408,99,1.6363636363636365,29.428534952701618,14,3.9285714285714284,21.011756802721088,19,4.894736842105263,24.584200501253132,14,4.428571428571429,29.906782879818593,5,5.4,21.015085714285714,10,6.4,24.900814285714286,4,7,30.111031746031745
55109,96,1.6770833333333333,21.075289930555556,73,2.232876712328767,25.05966210045662,98,1.6428571428571428,30.255271622934888,14,4,21.74663095238095,18,4.555555555555555,25.6252962962963,12,4.583333333333333,30.670968253968255,5,5,22.3744,9,6.111111111111111,25.901703703703703,6,5.833333333333333,30.76526984126984
55111,92,1.75,21.274060817805385,80,2.025,25.149932440476192,100,1.62,30.39834393939394,13,4.230769230769231,21.888738095238097,16,5,25.683099702380954,13,4.230769230769231,30.871107226107227,4,5.75,22.25402380952381,8,6.625,25.76984523809524,3,7.666666666666667,30.823131313131313
55113,93,1.7526881720430108,19.837879032258066,72,2.25,23.875118055555557,99,1.6262626262626263,29.06719276094276,15,4.333333333333333,20.46185,21,4.380952380952381,24.337309523809523,13,4.461538461538462,29.617852564102563,7,5.714285714285714,20.672654761904763,9,5.888888888888889,24.7177037037037,4,6.75,29.816145833333334
55115,95,1.694736842105263,20.32850125313283,85,1.9176470588235295,24.341350980392157,101,1.5940594059405941,29.624403190319033,15,4.2,21.04250793650794,17,4.411764705882353,24.924401960784312,11,4.7272727272727275,30.103156565656565,4,5.75,21.276071428571427,7,6.142857142857143,25.461285714285715,4,6.75,30.395972222222223
55117,68,1.8970588235294117,21.935208333333332,60,2.1666666666666665,24.999895238095238,76,1.7105263157894737,29.469111842105264,14,4.5,22.53029761904762,15,4.666666666666667,25.568247619047618,12,4,29.883958333333332,7,5.428571428571429,22.76595238095238,7,5.857142857142857,25.91791156462585,4,5.25,30.038333333333334
55119,101,1.603960396039604,19.883795379537954,75,2.16,23.8264326984127,100,1.63,29.053213095238096,14,3.9285714285714284,20.570238095238096,15,5.266666666666667,24.50583015873016,12,4.75,29.45969246031746,5,5.2,20.650666666666666,10,6.3,24.555161904761906,5,6.4,29.620261904761904
55121,85,1.8941176470588235,21.22206862745098,74,2.175675675675676,25.215895752895754,95,1.694736842105263,30.40601403508772,18,4,21.837546296296296,15,5.6,25.699085714285715,14,4.428571428571429,30.88795238095238,5,5.4,21.94066666666667,9,7,25.874957671957674,4,7.25,30.951166666666666
55123,88,1.8409090909090908,21.28621645021645,77,2.090909090909091,25.23372299525871,96,1.6875,30.334763640873017,19,3.9473684210526314,21.719581453634085,17,4.882352941176471,25.711862978524742,16,4,30.765456845238095,5,5.8,22.12974285714286,7,7,25.5986910430839,3,7.666666666666667,30.77604761904762
55125,92,1.75,19.093508022774326,72,2.236111111111111,23.037896825396825,94,1.7234042553191489,28.210283434650457,15,4.533333333333333,19.66951587301587,21,4.571428571428571,23.44469387755102,12,4.666666666666667,28.719303571428572,6,6.333333333333333,19.86670634920635,8,6.75,23.83294642857143,5,6.6,29.24582857142857
55127,88,1.8295454545454546,21.43569805194805,74,2.175675675675676,25.28414665964666,93,1.7419354838709677,30.389608678955454,17,4.117647058823529,22.00449579831933,18,5.055555555555555,25.83038071188071,14,4.5,30.939900510204083,4,6,21.99327380952381,9,6.666666666666667,25.823724386724386,6,6,31.006434523809524
55129,88,1.8295454545454546,20.356876893939393,74,2.175675675675676,24.234208815958816,104,1.5673076923076923,29.334766254578753,15,4.6,20.798677777777776,19,4.526315789473684,24.73297117794486,12,4.25,29.948390873015875,8,5.875,21.008354166666667,8,6.125,25.07924404761905,4,6,30.16329761904762
55131,93,1.7419354838709677,21.20451792114695,81,1.9876543209876543,24.906798647854202,98,1.653061224489796,29.968734126984128,15,4.266666666666667,21.85101111111111,18,4.444444444444445,25.595593915343915,14,4.142857142857143,30.675424603174605,5,5.6,22.040866666666666,8,5.75,25.713732142857143,3,6.333333333333333,30.813925925925925
55133,91,1.7692307692307692,21.48281658817373,80,2.0375,25.20358125,89,1.8089887640449438,30.278246388443016,15,4.4,22.147420634920636,18,4.722222222222222,25.842861111111112,16,4.375,30.683058035714286,4,6,22.15595238095238,10,5.7,25.931066666666666,5,6.6,30.87895238095238
55135,94,1.7234042553191489,20.744001013171225,79,2.050632911392405,24.65058675817853,98,1.6428571428571428,29.840143707482994,16,3.875,21.44569345238095,18,4.666666666666667,25.211741883116883,13,4.538461538461538,30.336852564102564,3,5.666666666666667,21.513142857142856,9,6.222222222222222,25.522372655122656,3,8,30.645527777777776
55137,91,1.7692307692307692,20.961140240711668,78,2.0641025641025643,24.796819139194138,94,1.7234042553191489,29.975132978723405,16,4.125,21.62617261904762,17,4.882352941176471,25.447464285714286,14,4.642857142857143,30.541964285714286,5,5.6,21.710419047619048,8,6.75,25.577736607142857,4,8,30.522916666666667
55139,85,1.8941176470588235,21.639547058823528,73,2.2054794520547945,25.125574497420388,98,1.653061224489796,29.680833333333332,18,4.166666666666667,22.264805555555554,19,4.526315789473684,25.746154647983595,17,3.823529411764706,30.20392156862745,7,5.142857142857143,22.64485714285714,8,6.375,25.97805478896104,3,6,30.372222222222224
55141,93,1.7311827956989247,20.648351254480286,77,2.103896103896104,24.519807668521953,89,1.8089887640449438,29.65880103604261,15,4,21.417444444444445,16,5.0625,25.204699404761904,15,4.666666666666667,30.10621948051948,4,5.25,21.475833333333334,8,6.625,25.042940476190477,5,7.4,30.249825108225107
56001,91,1.7692307692307692,11.706431711145997,62,2.6129032258064515,16.88619243122469,122,1.319672131147541,24.353121584699455,16,4.125,12.040955357142858,23,4.956521739130435,16.938649162431773,7,4,24.497261904761906,4,6,12.236738095238096,10,7.2,17.09255974025974,2,6,24.615833333333335
56003,86,1.8953488372093024,15.16232073643411,63,2.6031746031746033,20.669538871104,102,1.5784313725490196,27.56447385620915,20,4.2,15.365979166666667,19,5.7368421052631575,20.86452362523957,11,4.454545454545454,27.944666666666667,6,6,15.726319444444446,6,10.5,20.932241479925302,6,5.5,27.9255
56005,95,1.694736842105263,16.79980693400167,82,1.9634146341463414,21.010256775067752,139,1.1726618705035972,27.367877697841728,17,3.9411764705882355,17.12039169000934,17,4.882352941176471,21.400944444444445,3,3,27.996666666666666,4,6.5,17.367706349206347,7,7.142857142857143,21.374555555555556,0,NA,NA
56007,84,1.9285714285714286,12.597730158730158,58,2.8275862068965516,17.461183892257168,116,1.396551724137931,23.9252473316913,23,3.869565217391304,12.98540579710145,25,4.72,17.67134663003663,5,5.6,24.150738095238097,5,6,12.942033333333333,10,7.1,17.824116575091573,2,8.5,24.063928571428573
56009,100,1.64,15.571088333333334,75,2.1466666666666665,20.363562828282827,124,1.2983870967741935,26.999495967741936,14,4.071428571428571,15.935988095238095,18,4.722222222222222,20.516511784511785,6,3.6666666666666665,27.09625,5,5.4,16.182266666666667,9,6.444444444444445,20.549319865319866,1,6,27.836666666666666
56011,97,1.6597938144329898,16.623967926689577,79,2.050632911392405,21.268456600361663,122,1.319672131147541,27.79155737704918,15,4,16.96365925925926,21,4.333333333333333,21.431812925170068,7,3.2857142857142856,28.087857142857143,3,6.333333333333333,16.963851851851853,6,7,21.699261904761904,0,NA,NA
56013,78,1.6538461538461537,13.385777777777777,49,2.6530612244897958,19.4699574829932,85,1.5294117647058822,27.135390196078433,13,3.769230769230769,13.688512820512821,18,4.888888888888889,19.56738425925926,10,4.2,27.464316666666665,3,5.333333333333333,13.894111111111112,7,7.428571428571429,19.742440476190474,4,5.25,27.48016666666667
56015,83,1.5542168674698795,17.512425702811246,81,1.6049382716049383,21.952183127572017,113,1.1415929203539823,29.10519174041298,9,4,17.752925925925926,10,4.3,22.228183333333334,2,3,30.378333333333334,2,5.5,17.933999999999997,5,5.2,22.347866666666665,0,NA,NA
56017,65,1.9846153846153847,15.134120745920747,56,2.3035714285714284,20.331791666666668,93,1.3870967741935485,27.785440860215054,14,4.357142857142857,15.418417748917749,17,4.294117647058823,20.600607843137254,9,3.3333333333333335,28.07622222222222,5,6.6,15.65890303030303,7,5.714285714285714,20.61885714285714,1,5,28.276
56019,74,1.7432432432432432,14.36179954954955,73,1.7671232876712328,20.173795281582954,101,1.2772277227722773,27.396592409240924,13,4.153846153846154,14.685628205128205,13,4.076923076923077,20.49785042735043,5,3.6,27.897166666666667,6,5.166666666666667,14.947611111111112,4,6.25,20.68738888888889,0,NA,NA
56021,84,1.5476190476190477,14.771876984126985,72,1.7916666666666667,19.316168981481482,110,1.1727272727272726,26.633727272727274,10,4.2,15.043266666666668,13,4.6923076923076925,19.44801282051282,2,3,27.14,2,5.5,15.167166666666667,6,6.333333333333333,19.610833333333332,0,NA,NA
56023,87,1.8735632183908046,10.973883141762451,50,3.26,17.213525653235653,79,2.0632911392405062,23.88353044002411,19,3.8947368421052633,11.202780701754387,24,5.291666666666667,17.389636777574278,22,4.318181818181818,24.292450216450217,4,5.25,11.182583333333334,13,6.923076923076923,17.47176533295764,8,5.75,24.23777976190476
56025,99,1.6262626262626263,14.283459595959595,80,2.0125,19.24301259920635,137,1.1751824817518248,26.310583941605838,16,3.9375,14.647343750000001,15,5.533333333333333,19.51840052910053,4,3,26.052500000000002,4,5,14.7025,7,7.857142857142857,19.57407256235828,0,NA,NA
56027,101,1.5940594059405941,16.600814002828855,87,1.8505747126436782,20.85700985221675,121,1.3388429752066116,27.535943526170797,12,4.166666666666667,16.90435119047619,15,4.6,21.152657142857144,7,3.142857142857143,27.88345238095238,4,6,16.987428571428573,5,7,21.18630476190476,0,NA,NA
56029,84,1.9285714285714286,13.200761904761904,67,2.417910447761194,19.366090618336887,113,1.424778761061947,26.661477876106193,18,4.333333333333333,13.476055555555556,20,4.85,19.55040357142857,13,3.3846153846153846,26.91553846153846,8,5.5,13.587375,11,6.181818181818182,19.702627705627705,1,5,26.732
56031,99,1.6262626262626263,16.19845791245791,78,2.0641025641025643,20.92919309821233,126,1.2777777777777777,27.52992724867725,13,3.8461538461538463,16.60748717948718,14,5.571428571428571,21.09407583289726,7,3.142857142857143,27.979404761904764,3,5.333333333333333,16.228,8,7.125,21.052861874236875,0,NA,NA
56033,73,1.7671232876712328,14.88669406392694,76,1.7236842105263157,21.137262426900584,98,1.316326530612245,28.68545238095238,15,4.066666666666666,15.129911111111111,12,4,21.333912037037038,4,3.75,28.673583333333333,5,5.6,15.307733333333333,3,6.666666666666667,21.53148148148148,1,5,28.746
56035,93,1.7311827956989247,10.178910394265232,58,2.7758620689655173,16.441012315270935,87,1.8620689655172413,23.79192337164751,17,3.7058823529411766,10.390803921568628,20,5.4,16.575685714285715,15,4.266666666666667,23.95548888888889,4,5,10.753,8,8.75,16.810776785714285,4,6.75,23.93058333333333
56037,83,1.9518072289156627,13.679467871485944,60,2.683333333333333,18.195914601139602,116,1.396551724137931,24.757579022988505,21,3.5714285714285716,13.875277777777777,20,5.35,18.367993803418805,13,3.4615384615384617,24.847628205128206,2,6,14.356666666666667,7,8.857142857142858,18.47081562881563,1,5,25.13
56039,93,1.7311827956989247,10.611965949820789,54,3.037037037037037,17.28222655122655,74,2.189189189189189,24.250504826254826,16,3.75,10.904552083333334,23,5.3478260869565215,17.559792772444947,21,4.571428571428571,24.51844557823129,3,5.333333333333333,11.268444444444444,12,7.333333333333333,17.62189448051948,10,6,24.663485714285713
56041,90,1.788888888888889,11.50601111111111,56,2.875,16.98379931972789,114,1.412280701754386,24.23875,18,3.888888888888889,11.740333333333334,22,5.2272727272727275,17.11989826839827,9,3.6666666666666665,24.596944444444443,4,5.25,11.350666666666667,11,7.090909090909091,17.19153896103896,1,6,24.47833333333333
56043,94,1.7127659574468086,15.478427304964539,64,2.515625,21.094946552579366,110,1.4636363636363636,28.822680303030303,16,4.0625,15.858260416666667,20,4.9,21.25207896825397,12,3.6666666666666665,29.03123611111111,6,5.666666666666667,16.138972222222222,8,7.25,21.424989087301586,2,5,29.097
56045,84,1.5357142857142858,17.093141534391535,67,1.9402985074626866,21.41734221748401,99,1.303030303030303,27.156228956228958,11,3.727272727272727,17.350808080808083,13,4.846153846153846,21.693225274725275,8,3.25,27.651458333333334,1,9,17.372222222222224,6,6.166666666666667,21.686849206349205,0,NA,NA
